title,cite,repealed_by,year
"""Police Presidency towns (amending Act 13 of 1856), 1860, 48 of 1860 (Repealed (in Bombay), Bom. Act 4 of 1902Repealed (in Calcutta), Ben. Act 4 of 1866 Repealed (in Madras ), Mad. Act 8 of 1867""",,,1860
"""The Central Provinces Courts Act, 1865, 14 of 1865 (Repealed (as to Oudh), Act 32 of 1871 Repealed (ast o C.P.an d the Sambalpur District), Act, 16 of 1885)""",,,1865
(High Courts (Master&apos;s office and Oaths) Act 1863,18 of 1863,Act 10 of 1877,1863
"Abkaree : Calcutta Madras Town Act, 3 of 1856, ( Rep., (in Madras) Mad., Act 1 of 1886 Rep., (Calcutta)Ben. Act 2 of 1876 )",,,1856
"Abkaree, Bengal Act 1864",10 of 1864,Act 10 of 1871,1864
"Abkaree, Bengal Act, 1841",9 of 1841,Act 21 of 1856,1841
Abkari Act 1860,23 of 1860,Act 10 of 1871,1860
Abkari Act 1864,28 of 1864,Act 10 of 1882,1864
"Abkari, Bengal Act, 1840",25 of 1840,Act 21 of 1856,1840
"Abkari, Calcutta, 1849",11 of 1849,Ben. Act 07 of 1879,1849
"Abkari, Madras Town Act 1852",19 of 1852,Mad. Act 1 of 1886,1852
Acquisition of Land for Public Purposes Act 1857,6 of 1857,Act 10 of 1870,1857
"Acquisition of Land for Public Purposes, Madras Act 1852",20 of 1852,Act 6 of 1857,1852
"Acquisition of Land, Madras Town Act 1854",1 of 1854,Act 6 of 1857,1854
"Aden &minus;&minus;Commercial Act, 1850",10 of 1850,Act 12 of 1873,1850
Administration Certificates Act 1851,10 of 1851,Act 27 of 1860,1851
Administration of Estates Act 1854,8 of 1854,27 of 1860,1854
"Administration of parts of the Ramghar, Jungle Mahals and Midnapur Districts (Amending Ben. Reg. 13 of 1833) 20 of 1854",,Act 1 of 1903,1854
Administrator General Act 1855,8 of 1855,Act 24 of 1867,1855
Administrator General Act 1860,26 of 1860,Act 24 of 1867,1860
Administrator General Act 1869,19 of 1869,Act 2 of 1874,1869
"Administrator General Act, 1849",7 of 1849,Act 8 of 1855,1849
"Adultery, Bombay Act, 1845",2 of 1845,Act 17 of 1862,1845
"Affrays, Bengal Act, 1840",4 of 1840,Act 17 of 1862,1840
Ahmedabad Magistracy Act 1859,6 of 1859,Act 12 of 1873,1859
Akbaree Bengal Act 1856,21 of 1856,"Act 10 of 1871, Rep., Ben. 7 of 1878",1856
"Akbari, Bombay Town Act",17 of 1859,Bom.Act 5 of 1878,1859
"Akbari, British Burma Act 1868",23 of 1868,Act 10 of 1871,1868
Amending Act 10 of 1859 Act 1860,53 of 1860,Act 8 of 1868,1860
Amending Act 10 of 1859 in the Province of Agra Act 1863,14 of 1863,Act 12 of 1876,1863
"Amending Act 10 of 1860 Act, 1862",11 of 1862,Act 8 of 1868,1862
Amending Act 14 of 1856 Act 1860,16 of 1860,Act 16 of 1874,1860
Amending Act 14 of 1859 Act 1861,11 of 1861,Act 8 of 1868,1861
"Amending Act 14 of 1859 Act, 1862",14 of 1862,Act 8 of 1868,1862
Amending Act 18 of 1854 Act 1860,52 of 1860,Act 4 of 1877,1860
Amending Act 18 of 1864 Act 1865,22 of 1865,Act 15 of 1873,1865
Amending Act 21 of 1867 Act 1867,29 of 1869,Act 9 of 1868,1867
"Amending Act 22 of 1836, 1853",10 of 1853,Act 12 of 1873,1853
"Amending Act 25 of 1858, Act 1861",20 of 1861,"Bom., Act 2 of 1862",1861
Amending Act 29 of 1861 Act 1863,5 of 1863,Act 5 of 1869,1863
Amending Act 30 of 1858 Act 1859,2 of 1859,Act 8 of 1868,1859
"Amending Act 31 of 1838 Act, 1850",29 of 1850,Act 8 of 1868,1850
Amending Act 31 of 1861 Act 1867,33 of 1867,Act 8 of 1875,1867
Amending Act 36 of 1860 Act 1860,51 of 1860,Act 10 of 1862,1860
"Amending Act 36 of 1860, Act 1860",40 of 1860,Act 10 of 1862,1860
Amending Act 42 of 1860 Act 1861,12 of 1861,Act 11 of 1865,1861
"Amending Act 46 of 1862 Act, 1862",7 of 1862,Act 7 of 1871,1862
"Amending Act 5 of 1851, 1851",13 of 1851,Act 08 of 1868,1851
"Amending Act 6 of 1844, Act 1855",29 of 1855,Act 12 of 1873,1855
"Amending Act 6 of 1848, 1847",7 of 1848,Act 12 of 1873,1848
"Amending Act 6 of 1853, 1853",9 of 1853,Act 8 of 1868,1853
Amending Act 6 of 1857 Act 1861,2 of 1861,Act 10 of 1870,1861
"Amending Act 8 of 1859, Act 1860",43 of 1860,Act 23 of 1861,1860
"Amending Act I of 1852, 1859",22 of 1859,Act 13 of 1871,1859
"Amending Act, 1848, 25 of 1840 Act",23 of 1848,Act 21 of 1856,1848
"Amending Articles of War for Native Army, Act, 1850",36 of 1850,Act 29 of 1861,1850
"Amending Bengal Regulation 13 of 1810 Act, 1851 (2 of 1851) Rep., Act 8 of 1868",,,1851
"Amending Bengal Regulation 5 of 1812, 1848",08 of 1848,Act 10 of 1859,1848
Amending Code of Civil Procedure Act 1878,18 of 1878,12 of 1879,1878
Amending Native Articles of War Act 1865,26 of 1865,Act 5 of 1869,1865
"Amending Schdule to Act 25 of 1861 Act, 1861",33 of 1861,Act 8 of 1869,1861
Amending the Code of Civil Procedure Act 1863,9 of 1863,Act 10 of 1877,1863
"Amending the code of Criminal Procdure Act, 1862",15 of 1862,Act 8 of 1869,1862
"Amins and Munsifs, Bengal Act, 1843",6 of 1843,Act 12 of 1873,1843
"An Act to Revive and continue Section 8B of the Indian Tariff Act, 1894, Act 1904",11 of 1904,Act 32 of 1934,1904
Andaman Islands Act 1861,27 of 1861,Reg 4 Act of 1874,1861
"Annexing Schedule to Act 4 of 1862 Act, 1862",6 of 1862,Act 11 of 1876,1862
"Appeal from Munsifs, Bengal Act, 1838",22 of 1838,Act 16 of 1874,1838
Appeals Kullu Act 1874,5 of 1874,Act 17 of 1877,1874
"Appeals by Paupers Act, 1840",19 of 1840,Act 16 of 1874,1840
"Appeals from Convictions Act, 1843",4 of 1843,Act 17 of 1862,1843
Appeals to Queen in Council Act 1863,2 of 1863,Act 6 of 1874,1863
"Appeals to Queen in Council Act, 1839",11 of 1839,Act 8 of 1868,1839
"Appeals to Queen in Council Act, 1844",2 of 1844,Act 6 of 1874,1844
"Appeals to Sadar Diwani Adalat, Bengal Act, 1843",2 of 1843,Act 16 of 1874,1843
"Appeals to Sadr Court, Bengal Act, 1850",4 of 1850,Act 15 of 1853,1850
"Appeals, Bengal, 1841",17 of 1841,Act 12 of 1873,1841
"Appeals, Oudh Act 1867",37 of 1867,Act 11 of 1871,1867
"Arbitrations; Damages; Witnesses; Supreme Courts Act, 1840",9 of 1840,Act 10 of 1877,1840
Arms Act 1860,31 of 1860,Act 11 of 1878,1860
Arms and Ammunition (continuing Act 28 of 1857 Act 1858,19 of 1859,Act 8 of 1868,1859
Arms and Ammunition Act 1857,28 of 1857,Act 8 of 1868,1857
Arms and ammunition (continuing Act 28 of 1857) Act 1860,29 of 1860,Act 8 of 1868,1860
"Arracan, Pegu, Martaban, Tenasserim Provinces.--Customs&apos; Duties Act 1854",30 of 1854,Act 20 of 1886,1854
"Arrears of Land-revenue, Madras, Act 1858",39 of 1858,Mad. Act 2 of 1864,1858
"Arrest on Mensne Process, Supreme Court Act 1855",7 of 1855,Act 8 of 1868,1855
"Articles of War, Native Army Act, 1847",19 of 1847,Act 29 of 1861,1847
Assam Company Act 1854,14 of 1854,Act 4 of 1855,1854
"Assam Company Act, 1845",19 of 1845,Act 12 of 1873,1845
"Assam, Arracan; Tenasserim Act, 1835, Act 2 of 1835",,Act 12 of 1891,1835
"Assessor to Court of Petty Sessions, Bombay Town 1854",2 of 1854,Act 8 of 1868,1854
"Assimilation of Powers, N.W.P. & Oudh Act 1878",14 of 1878,Act 1 of 1938,1878
"Assistant Magistrates, Bengal Act, 1845",27 of 1845,Act 11 of 1849,1845
"Assistant Registrar, Sadar Diwani and Sadar Faujdari Adalat, Bombay Act, 1845",12 of 1845,Act 8 of 1868,1845
"Attorneys, Supreme Court, Bombay Act, 1845",13 of 1845,Act 8 of 1868,1845
Authentication of certain Stamped Paper Act 1858,19 of 1858,Act 18 of 1869,1858
"Banganapalle, Madras Act, 1848",25 of 1848,Act 8 of 1868,1848
Bank of Bengal Act 1870,19 of 1870,Act 11 of 1876,1870
"Bank of Bengal Act, 1836",19 of 1836,Act 8 of 1868,1836
"Bank of Bengal Act, 1838",24 of 1838,Act 8 of 1868,1838
"Bank of Bengal Act, 1839",6 of 1839,Act 4 of 1862,1839
"Bank of Bengal Act, 1862",4 of 1862,Act 11 of 1876,1862
Bank of Bengal Madras and Bombay Act 1861,24 of 1861,Act 3 of 1871,1861
"Bank of Bengal, Madras and Bombay Act",27 of 1855,Bom. Act 10 of 1863,1855
"Bank of Bombay Act, 1840",3 of 1840,Bom. Act 10 of 1863,1840
"Bank of Madras Act, 1843",9 of 1843,Act 5 of 1862,1843
"Bengal &minus;&minus;Appeals Act, 1850",8 of 1850,Act 12 of 1873,1850
"Bengal -Justices of the Peace, 1838",32 of 1838,Act 12 of 1873,1838
"Bengal Judiciary system Act, 1837",25 of 1837,Act 12 of 1873,1837
"Bengal Mariners, etc., Society Act 1856",24 of 1856,Act 8 of 1868,1856
"Bengal Militry orphan Society Act, 1861",30 of 1861,Act 8 of 1868,1861
"Bengal Regulations Repeal Act, 1871, 29 of 1871 (Rep., Act 12 of 1873",,,1871
"Bengal Sadr Courts Act, 1837",3 of 1837,Act 16 of 1874,1837
"Bengal Tenancy Act, 1885",20 of 1885,Act 12 of 1891,1885
"Bengal, Madras and Bombay.-- Public Works and Railways Act, 1850",42 of 1850,Act 6 of 1857,1850
"Bengal,--Assistant and Deputy Magistrates Act 1854",10 of 1854,Act 10 of 1872,1854
Bengal.--Court of Wards.--Education Act 1854,26 of 1854,Act 1 of 1903,1854
Bengal.--Mofussil Treasury Warrants Act 1854,25 of 1854,Act 8 of 1868,1854
Berar Laws Act 1941,4 of 1941,Act 4 of 2018,1941
"Bhatti Territory, Agra Act, 1846",6 of 1846,Act 4 of 1872,1846
"Bhor Ghat Toll Act, 1836",18 of 1836,Act 2 of 1837,1836
"Bigam Samru Act, 1836",17 of 1836,Act 8 of 1868,1836
Bikrama Singh&apos;s Estates Act 1883,10 of 1883,Act 4 of 2018,1883
"Bills of Exchange Act, 1840",6 of 1840,Act 26 of 1881,1840
"Binding Apprentices Act, 1850",19 of 1850,Act 52 of 1961,1850
"Boat Regulation, Madras Roads Act, 1842",4 of 1842,Mad. Act 1 of 1893,1842
"Boats in Harbours, Madras Act, 1846",9 of 1846,Mad. Act 1 of 1893,1846
"Bombay Port-Dues Act, 1883",11 of 1883,Act 10 of 1889,1883
Bombay- Cantonment Bazars Act 1854,4 of 1854,Act 13 of 1889,1854
Borneo Commission.--Sir J. Brooke Act 1854,15 of 1854,Act 8 of 1868,1854
"Boundaries Act, 1847",1 of 1847,Act 19 of 1873,1847
"Boundary-marks Act, 1860, 28 of 1860 (Rep., (in Coorg) Reg., 1 of 1899 Rep., (in Mad) Mad Act 4 of 1897)",,,1860
"Boundary-marks, Madras Act 1855",20 of 1855,Act 28 of 1860,1855
"Branding Convicts Act, 1849",2 of 1849,Act 8 of 1868,1849
"Breaches of Trust Act, 1850",13 of 1850,Act 17 of 1862,1850
British Burma Labour Law (Act 3 of 1876) Act 1883,7 of 1883,Act 12 of 1891,1883
British Subjects Act 1854,22 of 1854,Act 8 of 1868,1854
Burma Coast-lights Act 1867,13 of 1867,Act 9 of 1879,1867
Burma Courts Act 1863,24 of 1863,Act 7 of 1872,1863
Calcutta Canals Act 1860,15 of 1860,Act 12 of 1873,1860
"Calcutta Land Revenue Act,1850",23 of 1850,WB Act 15 of 2003,1850
Calcutta Police Act 1852,13 of 1852,Act 13 of 1856,1852
Calcutta.-- Municipal Act 1854,28 of 1854,Act 28 of 1856,1854
"Camp Police Act, 1836",26 of 1836,Act 12 of 1891,1836
"Canals, Agra Act, 1845",7 of 1845,Act 8 of 1873,1845
Cantonment Joint Magistrates Act 1859,3 of 1859,Act 8 of 1887,1859
Carriage of Passengers by Sea Act 1860,2 of 1860,Act 12 of 1885,1860
Cattle Trespass Act 1857,3 of 1857,Act 1 of 1871,1857
Cattle-Killing Act 1856,4 of 1856,Act 17 of 1862,1856
Cattle-trespass (Amending Act 1 of 1871),18 of 1883,Act 1 of 1891,1883
Cattle-trespass Act 1860,5 of 1860,Act 1 of 1871,1860
Cattle-trespass Act 1861,22 of 1861,Act 1 of 1871,1861
"Chaprasis Act, 1835",18 of 1835,Act 17 of 1862,1835
"Charter Court&apos;s Power to discharge convicts recommended for Pardon Act, 1837",7 of 1837,Act 5 of 1871,1837
"Chaukidari Assesment Act, 1837",15 of 1837,Act 20 of 1856,1837
Chittagong Hill Tracts Act,22 of 1860,Act 1 of 1900,1860
Chutia Nagpur Encumbered Estates (amending Act 6 of 1876) Act 1877,12 of 1877,Act 5 of 1884,1877
"Circuits of Judicial Commissioners, Bombay Act 1852",29 of 1852,Act 12 of 1873,1852
"Civil Appeals, Punjab Act 1865",27 of 1865,Act 4 of 1866,1865
Civil Appeals--Errors Act 1854,9 of 1854,Act 12 of 1873,1854
"Civil Courts, Burma Act 1863",1 of 1863,Act 7 of 1872,1863
Civil Procedure Act 1860,4 of 1860,Act 23 of 1861,1860
Claims against Native Goverrnment of Outh Act 1863,30 of 1863,Act 8 of 1868,1863
"Claims under certain Regulations Act, 1835",3 of 1835,Act 8 of 1868,1835
"Coinage Act, 1837",31 of 1837,Act 13 of 1862,1837
"Colaba Act, 1853",8 of 1853,12 of 1891,1853
Collection of Debts on Successions Act 1860,27 of 1860,Act 7 of 1889,1860
"Collection of Debts on Suceession Act, 1841",20 of 1841,Act 27 of 1860,1841
Combay Gulf Light-dues Act 1858,17 of 1858,Act 8 of 1868,1858
"Commanding Officer&apos;s power to administer Oaths Act, 1836",9 of 1836,Act 10 of 1873,1836
Commencement of Penal Code Act 1861,6 of 1861,Act 8 of 1868,1861
"Commissioner&apos;s Vakil (Madras) Act, 1836",16 of 1836,Act 8 of 1868,1836
"Commissioners for Improvement of Calcutta Act, 1847",16 of 1847,Act 10 of 1852,1847
"Commissioners for Recovery of Small Debts Calcutta Act, 1848",12 of 1848,Act 8 of 1868,1848
"Commissions of the Peace Act, 1845",6 of 1845,Act 2 of 1869,1845
"Commissions to take Affidavits Courts Act, 1848",14 of 1848,Act 10 of 1877,1848
"Commitments from Andamans Act, 1870",28 of 1870,Reg. 3 of 1876,1870
Companies (Memorandum of Association) Act 1895,12 of 1895,Act 7 of 1913,1895
Comptoird&apos; Escompte de Paris Act 1864,8 of 1864,Act 36 of 1957,1864
"Conduct of Public Officers, Madras Act, 1843",13 of 1843,Act 37 of 1850,1843
"Confiiscation, etc., for Rebellion Act 1858",10 of 1858,Act 8 of 1868,1858
Confinement of Prisoners sentenced by Courts Act 1863,8 of 1863,Act 5 of 1871,1863
"Conservancy, Presidency-town Act 1856",14 of 1856,Act 16 of 1874,1856
"Constables and Peace Officers at the Settlement in the Straits Act, 1847",3 of 1847,Act 13 of 1856,1847
Contagious Diseases Enactments Repeal Act,9 of 1888,Act 12 of 1891,1888
"Contempts In Equity Act, 1841",25 of 1841,Act 8 of 1868,1841
Continuing Act 20 of 1862 Act 1863,32 of 1863,Act 10 of 1877,1863
"Continuing Act 20 of 1862 Act, 1862",24 of 1862,Act 10 of 1877,1862
"Continuing Act 28 of 1857, Act 1859",26 of 1859,Act 8 of 1868,1859
"Continuing Act 33 of 1857 Act, 1862",1 of 1862,Act 8 of 1868,1862
"Contraband Salt, Agra Act 1855",36 of 1855,Act 8 of 1875,1855
"Contraband Salt, Oudh Act, 1862",19 of 1862,Act 8 of 1875,1862
"Convicts from Hong-Kong Act, 1847",11 of 1847,Act 8 of 1868,1847
Copper Coinage Act 1854,11 of 1854,Act 13 of 1862,1854
"Copper Coinage Act, 1844",22 of 1844,Act 13 of 1862,1844
"Copper Currency, Straits Settlement Act, 1847",6 of 1847,Act 8 of 1863,1847
"Copper coinage Act, 1835",21 of 1835,Act 13 of 1862,1835
"Corners, Juries Act, 1848",4 of 1848,Act 4 of 1871,1848
Coroners Act 1881,10 of 1881,Act 1 of 1938,1881
"Coroners Act, 1850",45 of 1850,Act 4 of 1871,1850
"Coroners, Juries, Straits Settlements Act, 1848, 26 of 1848 (Not in force in India)",,,1848
Corporal Punishment Act 1858,11 of 1858,Act 8 of 1868,1858
"Corporal Punishment Act, 1844",3 of 1844,Act 17 of 1862,1844
"Corporal Punishment, Madras and Bombay Act 1853",1 of 1853,Act 17 of 1862,1853
Correcting Act 16 of 1874 Act 1875,3 of 1875,Act 12 of 1876,1875
Correcting Act 8 of 1863 Act 1869,26 of 1869,5 of 1875,1869
"Correction of a clerical error in the Limitation Act, 1877 Act 1880",8 of 1880,Act 10 of 1888,1880
"Cotton-frauds, Bombay Act 1851",15 of 1851,Act 9 of 1863,1851
Courts-martial Act 1857,8 of 1857,Act 29 of 1861,1857
"Criminal Appeals Act, 1841",31 of 1841,Act 17 of 1862,1841
"Criminal Law, Bombay Act, 1840",11 of 1840,Bom. Act 4 of 1865,1840
"Criminal Law--Foreign States Act, 1849",1 of 1849,Act 11 of 1872,1849
"Criminal Procedure Code, Sindh Act 1872",27 of 1872,Act 16 of 1874,1872
"Criminal Procedure, 1866",08 of 1866,Act 8 of 1869,1866
"Criminal Procedure, Supreme Courts Act 1852",16 of 1852,Act 10 of 1875,1852
"Criminal Procedure, Supreme Courts Act, 1862",18 of 1862,Act 10 of 1882,1862
Criminal Process Act 1856,17 of 1856,Act 17 of 1862,1856
"Criminal Sentences, Bengal and Madras Act, 1848",19 of 1848,Act 17 of 1862,1848
"Criminal procedure (amending Act 10 of 1872), 1874",11 of 1874,Act 10 of 1882,1874
Crimping Act 1852,24 of 1852,Act 13 of 1864,1852
"Currency Conversion (amending Act 19 of 1899) Act, 1900",7 of 1900,Act 1 of 1938,1900
Custom - Duties Act 1862,23 of 1862,Act 14 of 1870,1862
"Custom House Act, 1837",16 of 1837,Act 12 of 1873,1837
"Custom, Bombay Act 1852",1 of 1852,Act 13 of 1871,1852
Customs Act 1871,14 of 1871,Act 8 of 1878,1871
Customs-Duties Act 1860,10 of 1860,Act 8 of 1868,1860
Customs-duties Act 1859,7 of 1859,Act 16 of 1874,1859
Customs-duties Act 1863,26 of 1863,Act 8 of 1868,1863
Customs-duties Act 1864,23 of 1864,Act 8 of 1868,1864
Customs-duties Act 1867,17 of 1867,Act 17 of 1870,1867
Customs-duties Act 1869,12 of 1869,Act 17 of 1870,1869
Customs-duties Act 1870,17 of 1870,Act 13 of 1871,1870
"Customs-duties Act, 1844",15 of 1844,Act 9 of 1845,1844
"Customs-duties, Agra Act 1861",17 of 1861,Act 8 of 1875,1861
"Customs-duties, Bengal Act, 1836",14 of 1836,Act 13 of 1871,1836
"Customs-duties, Bombay Act, 1836",2 of 1836,Act 8 of 1868,1836
Customs-duty on Saltpetre Act 1866,18 of 1866,Act 8 of 1868,1866
"Customs-duty, Cochin Act 1861",3 of 1861,Act 13 of 1871,1861
Darjeeling Act 1863,10 of 1863,Act 19 of 1867,1863
"Decrees of Nawab of Farukhabad Act, 1836",12 of 1836,Act 13 of 1860,1836
"Defects in Civil Procedure Act, 1847",17 of 1847,Act 12 of 1873,1847
Delhi Territory Act 1858,38 of 1858,Act 8 of 1868,1858
"Deputy Collectos, Bombay Act 1852",21 of 1852,"Bom, Act 5 of 1879",1852
"Deputy Commissioners, 1867",27 of 1867,Act 10 of 1872,1867
"Deputy Magistrates: Deputy Collectors Act, 1843",15 of 1843,Act 12 of 1873,1843
"Deputy and Assistant Magistrates, Bombay Act 1851 (4 of 1851) Rep., Act 17 of 1862",,,1851
"Deputy and Assistant Registrars to Sadr Courts, Bengal Act, 1840",7 of 1840,Act 8 of 1868,1840
Destruction of Records Act 1879,3 of 1879,Act 5 of 1917,1879
"Diet-money For Witnesses Act, 1846",7 of 1846,Act 17 of 1862,1846
"Dismis of Suits and Appeals Bengal and Madras Act, 1841",29 of 1841,Act 12 of 1873,1841
"Dispossessed Landed Proprietors, Agra Act 1858",20 of 1858,Act 8 of 1868,1858
"Distillery Licenses, Madras Act, 1845",32 of 1845,Mad. Act 3 of 1864,1845
"Distress for Rent, Bengal Act, 1846",10 of 1846,Act 10 of 1859,1846
Distressed Seamen's Expenses Recovery Act 1878,13 of 1878,Act 5 of 1883,1878
"Distresses, Calcutta Act, 1847",7 of 1847,Act 1 of 1875,1847
"District Munsifs, Madras Act 1855",19 of 1855,Act 8 of 1868,1855
"District Munsifs, Madras Act, 1835",5 of 1835,Act 8 of 1868,1835
Duties in Lucknow Act 1868,20 of 1868,Act 14 of 1870,1868
"Duty on Salt, Agra Act 1860",1 of 1860,Act 8 of 1875,1860
"Duty on Tabacco, Bombay Town Act, 1850",24 of 1850,Act 4 of 1857,1850
"Eastern Canal Tolls, Bengal Act, 1836",22 of 1836,Act 12 of 1873,1836
Effectuating Act 5 of 1863 (Treaty with Burma) Act 1864,12 of 1864,Act 20 of 1886,1864
Effectuating Treaty with Burma Act 1863,4 of 1863,Act 20 of 1886,1863
Electic Telegraphs Act 1860,8 of 1860,Act 1 of 1876,1860
Electric Telegraphs Act 1854,34 of 1854,Act 1 of 1876,1854
Elphinstone Land Company&apos;s Porperty Act 1870,9 of 1870,Act 12 of 1873,1870
"Emigrant Ships Act, 1845",25 of 1845,Act 13 of 1864,1845
Emigrants Act 1870,6 of 1870,Act 7 of 1871,1870
Emigration Act 1852,4 of 1852,Act 13 of 1864,1852
Emigration Act 1856,19 of 1856,Act 16 of 1874,1856
Emigration Act 1869,6 of 1869,Act 7 of 1871,1869
"Emigration Act, 1837",32 of 1837,Act 14 of 1839,1837
"Emigration Act, 1842",15 of 1842,Act 13 of 1864,1842
"Emigration Act, 1843",21 of 1843,Act 13 of 1864,1843
"Emigration Act, 1844",21 of 1844,Act 13 of 1864,1844
"Emigration From Madras Port Act, 1847",8 of 1847,Act 13 of 1864,1847
Emigration of Native Labours Act 1864,13 of 1864,Act 7 of 1871,1864
Emigration to British Colonies Act 1860,49 of 1860,Act 13 of 1864,1860
"Emigration to Ceylon Act, 1847",13 of 1847,Act 13 of 1864,1847
Emigration to French Colonies Act 1860,46 of 1860,Act 7 of 1871,1860
Emigration to Natal Act 1860,33 of 1860,Act 13 of 1864,1860
Emigration to Saint Croix Act 1863,7 of 1863,Act 13 of 1874,1863
"Emigration to Seychelles Act, 1862",22 of 1862,Act 13 of 1864,1862
Emigration to St. Kitts Act 1860,41 of 1860,Act 13 of 1864,1860
Emigration to St. Lucia and Grenada Act 1855,31 of 1855,Act 13 of 1864,1855
Emigration to St. Vincent Act 1860,12 of 1860,Act 13 of 1864,1860
Enforcement of Judgments Act 1852,33 of 1852,Act 8 of 1887,1852
"Enforcement of The Attendance of Witness in The Courts of the Munsif?s, Within the Presidency of Fort William Act, 1845",17 of 1845,Act 19 of 1873,1845
"English Law.--Fines, And Common Recoveries Act 1854",31 of 1854,Act 48 of 1952,1854
Escaped Convicts Act 1860,17 of 1860,Act 5 of 1871,1860
Escapped Convicts Act 1858,5 of 1858,Act 17 of 1860,1858
"Estates, Oudh (Amedning Act 1 of 1869), 1885",10 of 1885,Act 1 of 1938,1885
European British Subjects Act 1870,22 of 1870,Act 10 of 1882,1870
European Vagrancy Act 1871,28 of 1871,Act 9 of 1874,1871
Evidence Act 1852,15 of 1852,Act 1 of 1872,1852
Evidence Act 1855,2 of 1855,Act 1 of 1872,1855
"Evidence Act, 1837",19 of 1837,Act 8 of 1868,1837
"Evidence Act, 1841",7 of 1841,Act 16 of 1874,1841
"Ex-King Thebaw's Act, 1895",20 of 1895,Act 32 of 1940,1895
"Excise (Amending Act 22 of 1881) Act, 1885",6 of 1885,Act 12 of 1896,1885
"Excise, Straits Settlement Act 1851",14 of 1851,Act 30 of 1866,1851
"Exectution of Decrees, Bombay 1851 (7 of 1851) Rep., Act 10 of 1861",,,1851
"Execution in Presidency-towns of Mufassal Forces Act, 1840",23 of 1840,Act 10 of 1882,1840
"Execution of Decrees of Courts of 24-Parganas Act, 1839",27 of 1839,Act 12 of 1891,1839
Execution of Decres on Appeal Act 1852,25 of 1852,Act 6 of 1874,1852
Execution of Judgments Act 1855,34 of 1855,Act 10 of 1877,1855
"Execution of Sentences of Courts in Native States Act, 1847",5 of 1847,Act 8 of 1863,1847
"Execution, Supreme Courts Act 1855",6 of 1855,Act 10 of 1877,1855
"Execution-Sales of Land, Bengal Act, 1846",4 of 1846,Act 12 of 1873,1846
Exempting Timber from Import-duty Act 1868,11 of 1868,Act 14 of 1870,1868
"Exempting certain Bombay Villages from General Regulations, 1868",04 of 1868,Act 14 of 1874,1868
"Exemption from Jurisdiction Act, 1836",11 of 1836,Act 8 of 1868,1836
"Exice (amending Act 22 of 1881) Act, 1893",10 of 1893,Act 12 of 1896,1893
"Explaining Act 25 of 1836 Act, 1841",13 of 1841,Act 12 of 1873,1841
"Explaining Act 5 of 1840 Act, 1847",2 of 1847,Act 8 of 1868,1847
"Export Of Military Stores Act, 1841",18 of 1841,Act 11 of 1878,1841
Exportion of Saltpeire Act 1855,33 of 1855,Act 8 of 1868,1855
"Extending 3 and 4 Wm. 4, c. 42 Act, 1841",26 of 1841,Act 10 of 1877,1841
"Extending 9 Geo. 4, C. 14, Act, 1840",14 of 1840,Act 9 of 1872,1840
"Extending Act 12 of 1836; Straits Settlement Act, 1840",12 of 1840,Act 9 of 1848,1840
"Extending Act 20 of 1865 to Sadar Court, Agra Act 1866",9 of 1866,Act 18 of 1879,1866
"Extending Act 21 of 1839 Act, 1842",3 of 1842,Act 13 of 1856,1842
"Extending Act 23 of 1839 to camp followers Act, 1841",28 of 1841,Act 29 of 1861,1841
"Extending Act 23 of 1854, Act 1856",5 of 1856,Act 20 of 1859,1856
Extending Marriage Act 5 of 1865 Act 1866,22 of 1866,Act 15 of 1872,1866
"Extending Prisons Act 1870, to Coorg Act 1871",2 of 1871,Act 12 of 1891,1871
Extending certain Acts to Straits Settlement Act 1852,14 of 1852,Act 27 of 1866,1852
Extension of Civil Procedure Code to Sindh Act 1864,5 of 1864,Act 8 of 1868,1864
"Factors Act, 1840",13 of 1840,Act 9 of 1872,1840
"Factors Act, 1844",20 of 1844,Act 9 of 1872,1844
Failure of Bank of Bombay Act 1868,17 of 1868,Act 14 of 1870,1868
Family of Nawab of Carnatic Act 1858,24 of 1858,Act 8 of 1868,1858
"Family, etc, of Nawab of Carnatic Act 1857",18 of 1857,Act 8 of 1868,1857
"Faujdari Adalat, Madras Act, 1840",1 of 1840,Act 17 of 1862,1840
"Ferries, Bombay Act, 1850",35 of 1850,Bom. Act 2 of 1868,1850
"Financial Commissioner, Oudh Act 1871",11 of 1871,Act 32 of 1871,1871
"Financial Commissioner, Punjab Act 1867",35 of 1867,Act 14 of 1870,1867
"Fines by Magistrates Act, 1839",2 of 1839,Act 17 of 1862,1839
"Fines on Munsifs and Sadar Amins Act, 1847",12 of 1847,Act 8 of 1868,1847
"Fines, Act 1850",16 of 1850,Act 17 of 1862,1850
"Fines, Madras And Bombay Act 1852",23 of 1852,Act 16 of 1874,1852
"Fitness in Compensation, Madras Act, 1845",30 of 1845,Act 17 of 1862,1845
"For granting exclusive privileges to Inventors, Act 15 of 1859",,Act 05 of 1888,1859
"Foras Land, Bombay Act 1851 (6 of 1851) Rep., Act 14 of 1870",,,1851
"Foreign Bottoms Act, 1837",14 of 1837,Act 8 of 1868,1837
"Foreign Bottoms Act, 1848",6 of 1848,Act 8 of 1868,1848
Foreign Sugar Act 1854,19 of 1854,Act 8 of 1868,1854
"Foreign Sugar Act, 1842",11 of 1842,Act 19 of 1854,1842
Foreigners Act 1857,33 of 1857,Act 8 of 1868,1857
Foreigners Act 1859,28 of 1859,Act 8 of 1868,1859
"Forests, Burma Act 1869",7 of 1869,Act 19 of 1881,1869
"Forgery, Bengal Act, 1848",1 of 1848,Act 17 of 1862,1848
Fort William Act 1881,13 of 1881,Act 4 of 2018,1881
Fugitive Foreign Offenders Act 1854,7 of 1854,Act 11 of 1872,1854
Furruckabad Zila Court Act 1860,13 of 1860,Act 8 of 1868,1860
"Gambling, Bombay Town Act 1851",9 of 1851,Act 13 of 1856,1851
"Gambling, Straits Settlement Act 1852",34 of 1852,Act 13 of 1856,1852
"Ganga Tolls, 1867",01 of 1867,Act 2 of 2018,1867
"Ganja and Bhang, Bombay Act, 1841",2 of 1841,Act 34 of 1857,1841
"Gold and Silver coinage Act, 1835",17 of 1835,Act 23 of 1870,1835
"Governal General Act, 1842",2 of 1842,Act 8 of 1868,1842
"Government Grants, Madras Act, 1836",31 of 1836,Act 23 of 1871,1836
Government Savings Banks Act 1855,26 of 1855,Act 5 of 1873,1855
"Government Tenants, Punjab (Amending Act 3 of 1893) Act, 1896",14 of 1896,Act 1 of 1903,1896
"Government of Indian Act, 1935",,Article 395 of Constitution of India,1935
Governmet Railways Act 1870,13 of 1870,Act 4 of 1879,1870
Governor General Act 1853,21 of 1853,Act 8 of 1868,1853
Governor General Act 1855,1 of 1855,Act 8 of 1868,1855
Governor General Act 1858,4 of 1858,Act 8 of 1868,1858
Governor General Act 1859,21 of 1859,Act 8 of 1868,1859
"Governor General Act, 1834",1 of 1834,Act 8 of 1868,1834
"Governor General Act, 1837",26 of 1837,Act 8 of 1868,1837
"Governor General Act, 1843",20 of 1843,Act 8 of 1868,1843
"Governor General Act, 1845",22 of 1845,Act 8 of 1868,1845
"Governor General Act, 1848",24 of 1848,Act 8 of 1868,1848
"Governor General Act, 1850",22 of 1850,Act 8 of 1868,1850
"Governor of Madars Act, 1835",1 of 1835,Act 8 of 1868,1835
Governor-General Act 1858,27 of 1858,Act 8 of 1868,1858
Governor-General Act 1860,44 of 1860,Act 8 of 1868,1860
Great Indian Peninsula Railway 1853,12 of 1853,Act 18 of 1854,1853
Great Indian Peninsula Railway Act 1853,3 of 1853,Act 18 of 1854,1853
"Gumsur and Surada Zamindaris Act, 1836",23 of 1836,Act 24 of 1839,1836
"He Reserve Bank of India (Amendment) Act, 1949",44 of 1949,Act 48 of 1952,1949
"Heads of Villages, Bombay Act 1852",27 of 1852,Bom. Act 8 of 1867,1852
Heinous Offences Act 1857,16 of 1857,Act 8 of 1868,1857
"Hereditary Officers, Bombay Act, 1843",11 of 1843,Bom. Act 3 of 1874,1843
"Honorary Degrees, Calcutta University Act, 1875",21 of 1875,Act 01 of 1884,1875
Horsburgh Light-house Act 1852,6 of 1852,Act 13 of 1854,1852
Horse-racing Act 1867,8 of 1867,Act 9 of 1872,1867
"Import Duties Act, 1845",9 of 1845,Act 8 of 1868,1845
"Import and Export of Sugar Act, 1836",32 of 1836,Act 19 of 1854,1836
"Import of Cotton, Agra Act 1855",35 of 1855,Act 8 of 1868,1855
"Import of Rum, Bengal Act, 1841",6 of 1841,Act 6 of 1863,1841
"Import of Rum, Madras Act, 1841",23 of 1841,Act 6 of 1863,1841
Impressment of Labour Act 1858,6 of 1858,Act 8 of 1868,1858
"Imprisonment of Convicts, Bombay Town Act 1863",13 of 1863,Act 12 of 1876,1863
"Imprisonment of Convicts, Calcutta Act 1863",25 of 1863,Act 12 of 1867,1863
Imrit Rao&apos;s Jagir Act 1853,17 of 1853,Act 15 of 1874,1853
"Incombustible Roofs, Calcutta Act, 1837",12 of 1837,Act 14 of 1856,1837
"Income - Tax Act, 1862",16 of 1862,Act 8 of 1868,1862
Income Tax Act 1869,23 of 1869,Act 16 of 1870,1869
Income-tax Act 1860,32 of 1860,Act 8 of 1868,1860
Income-tax Act 1861,21 of 1861,Act 8 of 1868,1861
"Indain Emigration Act, 1884",21 of 1884,Act 21 of 1891,1884
"Indemnity to certain Witnesses Act, 1889",14 of 1889,Act 16 of 1895,1889
"Indian Coasting Trade Act, 1850",5 of 1850,Act 34 of 1939,1850
Indian Merchandise Marks (Amendment) Act 1941,2 of 1941,Act 48 of 1952,1941
"Indian Merchant Seamen?s Act, 1876",13 of 1876,Act 21of 1923,1876
Indian Museum Act 1866,17 of 1866,Act 22 of 1876,1866
Indian Navy Act 1853,14 of 1853,Act 8 of 1868,1853
Indian Navy Act 1855,3 of 1855,Act 8 of 1868,1855
Indian Navy Act 1858,33 of 1858,Act 8 of 1868,1858
"Indian Navy Act, 1844",12 of 1844,Act 8 of 1868,1844
"Indian Navy Act, 1848",27 of 1848,Act 8 of 1868,1848
"Indian Penal Code Amendment Act, 1882",8 of 1882,Act 1 of 1938,1882
"Indictments for Forgery Act, 1848",22 of 1848,Act 8 of 1868,1848
Indigo-contracts Act 1860,11 of 1860,Act 8 of 1868,1860
"Injuries to Coin Act, 1839",31 of 1839,Act 8 of 1868,1839
"Inland Customs, Agra Act, 1843",14 of 1843,Act 8 of 1875,1843
"Inland Emigration (extending Act 1 of 1882) Act, 1891",22 of 1891,Act 7 of 1893,1891
"Insolvent Traders, Bombay Act 1865",28 of 1865,Act 8 of 1868,1865
"Insolvent debtors Act, 1836",4 of 1836,Act 8 of 1868,1836
"Institutes of Technology (Amendment) Act, 1963",29 of 1963,Act 4 of 2018,1963
"Interpleader Act, 1841",8 of 1841,Act 10 of 1877,1841
"Jails, Bengal Act, 1844",18 of 1844,Act 26 of 1870,1844
"Jails, Madras and Bombay Act 1856",8 of 1856,Act 9 of 1894,1856
Joint Judge of the Konkan Act 1864,14 of 1864,Act 8 of 1868,1864
"Joint Police-Officers, Bombay Act 1855",15 of 1855,Act 17 of 1862,1855
Joint Stock Banks Act 1860,7 of 1860,Act 10 of 1866,1860
"Joint Stock Companies Act, 1850",43 of 1850,Act 10 of 1866,1850
"Joint Zila and Session Judges Act, 1845",29 of 1845,Act 10 of 1872,1845
Judicial Language Act 1854,33 of 1854,Act 16 of 1874,1854
"Judicial Language Act, 1843",12 of 1843,Act 16 of 1874,1843
"Judicial Officers, Madras and Bombay Act, 1836",24 of 1836,Act 8 of 1868,1836
"Judiciary, Bengal Act, 1838",27 of 1838,Act 10 of 1861,1838
Jurisdiction of Magistrates Act 1853,7 of 1853,Act 10 of 1872,1853
"Jurisdiction over Sindh (amending Act 5 of 1872) Act, 1872",20 of 1872,Reg. Act 6 of 1936,1872
Justices of the Peace Act 1864,27 of 1864,Act 2 of 1869,1864
"Justices of the peace, Calcutta Act, 1835",4 of 1835,Act 8 of 1868,1835
"Justices of the peace, Calcutta Act, 1837",1 of 1837,Act 8 of 1868,1837
"Karnool and Bunganapilly Act, 1843",10 of 1843,Act 23 of 1858,1843
"Khandesh and Ahmednagar Act, 1846",11 of 1846,Act 14 of 1874,1846
Khasi hills and cachar Act,6 of 1835,Act 12 of 1891,1835
King of Oudh Act 1860,14 of 1860,Act 12 of 1891,1860
"King of Oudh Act, 1862",8 of 1862,Act 12 of 1891,1862
"Kolaba Act, 1844",17 of 1844,Act 8 of 1853,1844
Koonch and Calpee Act 1860,30 of 1860,Act 8 of 1868,1860
Kullu Sub-division Act 1870,4 of 1870,Act 5 of 1874,1870
"Kumaon Act, 1838",10 of 1838,Act 15 of 1874,1838
"Kurnool, Madras Act 1858",23 of 1858,Act 15 of 1874,1858
"Land Customs, Madras and Bombay Act 1859",23 of 1859,Act 16 of 1874,1859
"Land Improvement (Amending Act 26 of 1871) Act, 1876",21 of 1876,Act 12 of 1891,1876
"Land-Custom, Bambay Act 1852",2 of 1852,Act 29 of 1857,1852
"Land-customs, Madras and Bombay Act 1869",11 of 1869,Act 11 of 1882,1869
"Land-revenue settlement, Cuttack Act, 1837",6 of 1837,Act 1 of 1903,1837
"Land-revenue, Agra (Amending Act 19 of 1873) Act, 1886",15 of 1886,Act 1 of 1903,1886
Landing Cargo Act 1869,17 of 1869,Act 8 of 1878,1869
"Language of Judicial and Revenue Proceedings Act, 1837",29 of 1837,Act 16 of 1874,1837
"Law of Evidence Act, 1844",7 of 1844,Act 8 of 1868,1844
"Laws: Upper Burma Shan States (amending Act 20 of 1886 and 15 of 1888) Act, 1865",21 of 1895,Act 13 of 1898,1895
"Lease and Release Act, 1842",9 of 1842,Act 12 of 1891,1842
"Leases, Bengal Act, 1842",16 of 1842,Act 8 of 1868,1842
License-duty Act 1861,18 of 1861,Act 2 of 1862,1861
"Licenses for Sale of Liquor, Bombay Act, 1840",18 of 1840,Act 13 of 1856,1840
Licensing Professions and Trades Act 1867,21 of 1867,Act 9 of 1868,1867
"Lieut-Govr.&apos;s (N.W.P.) Functions Act, 1886",19 of 1886,Act 1 of 1938,1886
"Light-house funds, cambay Act, 1836",1 of 1836,Act 17 of 1858,1836
"Limit of Districts, Punjab Act 1867",6 of 1867,Act 17 of 1887,1867
"Limitation Act, 1861",32 of 1861,Act 8 of 1868,1861
"Limitation of certain Suits, Oudh Act 1866",13 of 1866,Act 32 of 1871,1866
"Limitation, Bengal Act, 1848",13 of 1848,Act 8 of 1868,1848
"Local Agent under Bengal Regulation 19 of 1810 Act, 1837",38 of 1837,Act 8 of 1868,1837
"Local Nuisances Act, 1841",21 of 1841,Act 17 of 1862,1841
"Local Rates (Amending Act 18 of 1871) Act, 1877",7 of 1877,Act 3 of 1878,1877
Local Repeal of Act 19 of 1866 Act 1867,34 of 1867,Act 14 of 1870,1867
"Local Taxation, akyab and Kyook Phyoo Act 1852",35 of 1852,Act 2 of 1876,1852
"Madras and Bombay Act, 1850",2 of 1850,Act 8 of 1855,1850
Madras.--District Moonsifs Act 1854,12 of 1854,Act 17 of 1862,1854
"Madras.--Police Magistrates Act, 1849",9 of 1849,Act 16 of 1874,1849
Madras.--Torture Act 1854,32 of 1854,Act 8 of 1868,1854
Magistrates and Justices of the peace Act 1859,18 of 1859,Act 10 of 1875,1859
"Magistrates. Bombay, 1835",14 of 1835,Act 8 of 1868,1835
Mahoba and Jeitpur Act 1863,12 of 1863,Act 15 of 1874,1863
Malabar War-knives Act 1854,24 of 1854,Act 56 of 1974,1854
"Mandvi , Bombay, 1848",10 of 1848,Act 12 of 1891,1848
"Marchant Seamen Act, 1861",28 of 1861,Act 15 of 1863,1861
"Markets, Bombay Town Act, 1841",14 of 1841,Act 14 of 1856,1841
Marriage Act 1864,25 of 1864,Act 5 of 1865,1864
Marriage Licenses Validation Act 1884,15 of 1884,Act 2 of 1891,1884
Marriage by Registrars Act 1852,5 of 1852,Act 15 of 1872,1852
Marriages by Scotch Ministers Act 1860,24 of 1860,Act 8 of 1868,1860
Mauza Kheria Act 1868,22 of 1868,Act 15 of 1874,1868
"Meaning of ""Thug"" And ""Tuggee"" Act, 1848",3 of 1848,Act 17 of 1862,1848
Meaning of offence Act 1867,4 of 1867,Act 27 of 1870,1867
Merchant Seamen Act 1863,15 of 1863,Act 4 of 1875,1863
"Merchant Seamen Act, 1850",28 of 1850,Act 1 of 1859,1850
"Meriah Sacrifices Act, 1845",21 of 1845,Act 16 of 1874,1845
"Military Bazar and Liabilities of Camp-Followers Act, 1842",12 of 1842,Act 8 of 1887,1842
"Military Bazars, Madras Act 1855",14 of 1855,Act 16 of 1874,1855
Military Cantonments Act 1864,22 of 1864,Act 3 of 1880,1864
"Military Courts of Requests Abolition, 1887",8 of 1887,Act 12 of 1891,1887
"Military Courts of Requests Act, 1841",11 of 1841,Act 8 of 1887,1841
"Military Law -Native Army Act, 1850",6 of 1850,Act 29 of 1861,1850
"Military Officer a Magistrates Act, 1847",4 of 1847,Act 8 of 1868,1847
Military and State Offences Act 1857,14 of 1857,Act 8 of 1868,1857
Minor Act 1861,9 of 1861,Act 8 of 1890,1861
"Minor, Madras Act 1858",14 of 1858,Act 8 of 1868,1858
Minors Act 1858,40 of 1858,Act 8 of 1890,1858
"Minors, Bombay Act 1864",20 of 1864,Act 8 of 1890,1864
"Mofussil Police (Bengal) Act, 1837",24 of 1837,Act 8 of 1868,1837
Mufassal Small Cause Courts Act 1865,11 of 1865,Act 9 of 1887,1865
Multan District Act 1880,10 of 1880,Act 13 of 1883,1880
"Muncipal Funds, Bombay Town Act, 1845",11 of 1845,Act 25 of 1858,1845
"Muncipalities Lower Burma (Amending Act 17 of 1884), 1885",11 of 1885,19 of 1888,1885
"Municipal Assessments, Madras Act, 1836",28 of 1836,Act 26 of 1856,1836
"Municipal Commissioner, Calcutta Act, 1847, 22 of 1847 (Rep., Act 14 of 1856))",,,1847
"Municipal Commissioners, Bombay Town Act 1858",25 of 1858,Bom. Act 2 of 1865,1858
"Municipal Commissioners, Calcutta Act 1852",10 of 1852,Act 28 of 1856,1852
"Municipal Commissioners, Calcutta Act, 1848",2 of 1848,Act 12 of 1852,1848
"Municipal Commissioners, Calcutta Act, 1850",39 of 1850,Act 8 of 1868,1850
"Municipal Commissioners, Straits Settlements Act 1856",27 of 1856,Act 17 of 1863,1856
"Municipal Committee, Lucknow Act 1864",18 of 1864,Act 15 of 1873,1864
"Municipal Committees, Punjab Oudh, Central Provinces, 1867",15 of 1867,"Act 4 of 1873/Rep., Act 15 of 1873",1867
Municipal Lock-hospitals Act 1868,26 of 1868,Act 9 of 1888,1868
"Municipal Rates, Madras Town Act, 1841",22 of 1841,Act 26 of 1856,1841
"Municipal Rates, Presidency-towns Act 1856 25 of 1856",,Act 16 of 1874,1856
"Municipal Rates, Straits Settlement, 1848",09 of 1848,Act 27 of 1856,1848
"Municipal rates, Calcutta,1840",24 of 1840,Act 16 of 1847,1840
"Municipalities, Bengal Act, 1842",10 of 1842,Act 26 of 1850,1842
"Municipalities, Lower Burma (amending Act 17 of 1884) Act, 1891",21 of 1891,Act 13 of 1898,1891
"Munsifs, Courts, Bengal, 1850",15 of 1850,Act 12 of 1873,1850
Murder of Female Infants Act 1870,8 of 1870,Act 48 of 1852,1870
Mutineers and Deserters Act 1857,17 of 1857,Act 8 of 1868,1857
N.W.P. Land-revenue Act 1879,8 of 1879,Act U.P. 2 of 1906,1879
NWP Local Rates Act 1871,18 of 1871,Act 3 of 1878,1871
Nabob of Carnatic Act 1858,30 of 1858,8 of 1868,1858
Nabob of Carnatic Act 1860,38 of 1860,Act 8 of 1868,1860
Native Army Act 1854,3 of 1854,Act 29 of 1861,1854
"Native Army, Articles of War Act, 1845",20 of 1845,Act 19 of 1847,1845
Native Articles of War Act 1856,10 of 1856,Act 29 of 1861,1856
Native Articles of War Act 1857,32 of 1857,Act 29 of 1861,1857
Native Articles of War Act 1860,6 of 1860,Act 29 of 1861,1860
"Native Articles of War Act, 1861",29 of 1861,Act 5 of 1869,1861
"Native Emigrants Act, 1837",5 of 1837,Act 14 of 1839,1837
Native Law Officers Act 1864,11 of 1864,Act 8 of 1868,1864
"Native Law Officers Act, 1845",5 of 1845,Act 11 of 1864,1845
"Native Military Convicts Act, 1844",8 of 1844,Act 7 of 1850,1844
Native Passenger Ships Act 1858,21 of 1858,Act 12 of 1870,1858
Native Passenger Vessels Act 1857,1 of 1857,Act 8 of 1868,1857
Native Passenger Vessels Act 1859,25 of 1859,Act 8 of 1876,1859
Native Press (amending Act 9 of 1878) Act 1878,16 of 1878,Act 3 of 1882,1878
Native Press Act 1878,9 of 1878,Act 3 of 1882,1878
"Native Soldiers Act, 1845",15 of 1845,Act 10 of 1872,1845
Nawab of Carnatic Act 1858,37 of 1858,Act 32 of 1940,1858
Nawab of Carnatic Act 1859,16 of 1859,Act 37 of 1860,1859
Nawab of Carnatic Act 1868,21 of 1868,Act 12 of 1891,1868
"Nawab of Carnatic Act, 1844",1 of 1844,Act 8 of 1868,1844
"Nawab of Surat Act, 1848",18 of 1848,Act 32 of 1940,1848
Nazim of Bengal Act 1854,27 of 1854,Act 3 of 1883,1854
Nazim of Bengal Act 1883,3 of 1883,Act 12 of 1891,1883
"Nazirs in Munsif's Court, Bombay Act, 1845",14 of 1845,Act 12 of 1873,1845
"Nepali Jagir Act, 1842",6 of 1842,Act 15 of 1874,1842
"Non-Regulation Districts, Agra Act 1864",24 of 1864,Act 15 of 1874,1864
"North-Western Provinces Rent Act, 1886",14 of 1886,U.P. Act 2 of 1901,1886
"North-Western Provinces and Oudh Kanungos and Patwaris Act, 1889",9 of 1889,U.P. Act 4 of 1906,1889
"Nuisances, Bombay Town Act, 1842, 14 of 1842 (Rep., Act 14 of 1856",,,1842
"Oaths Act, 1840",5 of 1840,Act 10 of 1873,1840
Oaths by Registrars of Deeds Act 1856,29 of 1856,Act 16 of 1864,1856
"Oaths of Justices of the Peace Act, 1841",16 of 1841,Act 2 of 1869,1841
Obscene Books and Pictures Act 1856,1 of 1856,Act 17 of 1862,1856
"Obstructions of Justice Act, 1841",30 of 1841,Act 8 of 1868,1841
Offences affecting the Public Act 1856,2 of 1856,Act 17 of 1862,1856
"Offences against Salt-laws, Madras Act 1852",7 of 1852,Act 4 of 1889,1852
"Offences by Convicts Act, 1845",18 of 1845,Act 17 of 1862,1845
"Office Oaths and Declarations, Act, 1837",21 of 1837,Act 10 of 1873,1837
"Official Trustee Act, 1843",17 of 1843,Act 17 of 1864,1843
Outrages in Malabar Act 1854,23 of 1854,Act 20 of 1859,1854
"Pandhari-tax, Central Provinces Act 1867",14 of 1867,Act 6 of 1902,1867
Paper Currency Act 1867,30 of 1867,Act 3 of 1871,1867
Paper Currency Act 1870,15 of 1870,Act 3 of 1871,1870
Paper-currency Act 1861,19 of 1861,Act 3 of 1871,1861
Pardons and Reprives Act 1855,18 of 1855,Act 16 of 1874,1855
"Partial repeal of Bengal Regulation 5 of 1830, s. 2 Act, 1835",16 of 1835,Act 8 of 1868,1835
Partnership Act 1866,15 of 1866,Act 9 of 1872,1866
Patents Act 1856,6 of 1856,Act 9 of 1857,1856
"Pauper Suits, Bengal Act, 1839",9 of 1839,Act 16 of 1874,1839
"Pawnbrokers, Straits Settlement Act, 1850",40 of 1850,Act 12 of 1876,1850
"Payment at Presidency Banks Act, 1862",5 of 1862,Act 11 of 1876,1862
"Penal Recognizances Act, 1848",5 of 1848,Act 17 of 1862,1848
"Pensions and Superannuation Allowances Act, 1849",6 of 1849,Act 23 of 1871,1849
"Pensions of Soldiers, Bombay Act, 1845",31 of 1845,Act 6 of 1849,1845
Peons or Service of Process Act 1863,11 of 1863,Act 7 of 1870,1863
Pepper exported from Cochin Act 1868,2 of 1868,Act 13 of 1871,1868
"Petty Offences in the Town if Calcutta Act, 1839",21 of 1839,Act 13 of 1856,1839
"Petty Sessions Courts, Agra, 1867",28 of 1867,Act 10 of 1872,1867
"Petty offences, Bombay Town Act, 1841",3 of 1841,Act 13 of 1856,1841
"Pilot Court, Bengal Act, 1845",24 of 1845,Act 12 of 1859,1845
"Pleaders Amending Act 20 of 1865, Act 1865",29 of 1865,18 of 1879,1865
"Pleaders, Lower Provinces Act 1852",18 of 1852,Act 20 of 1865,1852
"Pleaders; Appeals Act, 1850",30 of 1850,Act 8 of 1868,1850
Police Act 1861,13 of 1861,Act 8 of 1868,1861
Police Magistrates Act 1864,21 of 1864,Act 4 of 1877,1864
"Police Magistrates, Madras Town Act, 1849",8 of 1849,Act 13 of 1856,1849
Police Superannuation Funds Act 1869,10 of 1869,Act 12 of 1873,1869
"Police, Bombay Act 1852",28 of 1852,Act 8 of 1868,1852
"Police, Port of Madras Act 1858",28 of 1858,Mad. Act 1 of 1881,1858
"Police, Presidency-towns",13 of 1856,"Bom 4 of 1902 Rep., Ben 4 of 1866 Rep., Mad 8 of 1867",1856
Poorwah and Khuddee Act 1864,1 of 1864,Act 15 of 1874,1864
"Port Duties Act, 1839",13 of 1839,Act 12 of 1875,1839
Port-dues Act 1856,16 of 1856,Act 8 of 1868,1856
Port-dues Act 1857,24 of 1857,Act 8 of 1868,1857
Port-dues Act 1860,19 of 1860,Act 12 of 1875,1860
Port-dues Calingapatam and Munsoorcottah Act 1861,4 of 1861,Mad. Act 7 of 1867,1861
Port-dues and fee (Bombay) Act 1857,31 of 1857,Act 12 of 1875,1857
"Port-dues, Aden Act 1858",15 of 1858,Act 12 of 1875,1858
"Port-dues, Amherst Act 1861",8 of 1861,Act 9 of 1864,1861
"Port-dues, Bassein Act 1860",25 of 1860,Act 12 of 1875,1860
"Port-dues, Burmese Ports Act 1857",35 of 1857,Act 12 of 1875,1857
"Port-dues, Calcutta Act 1857",30 of 1857,Act 12 of 1875,1857
"Port-dues, Cambay Gulf Act 1858",9 of 1858,Bom. Act 11 of 1866,1858
"Port-dues, Cuttack Act 1858",2 of 1858,Act 12 of 1875,1858
"Port-dues, Konkan Ports Act 1861",15 of 1861,Act 11 of 1866,1861
"Port-dues, Madras Act 1858",7 of 1858,Mad. Act 7 of 1867,1858
"Port-dues, and Fees Karachi Act 1858",8 of 1858,Act 12 of 1875,1858
"Ports (Amending Act 12 of 1875)Act, 1885",5 of 1885,Act 10 of 1889,1885
Ports and Ports-dues Act 1855,22 of 1855,Act 12 of 1875,1855
"Post Office Act, 1837",17 of 1837,Act 17 of 1854,1837
"Post Office Act, 1839",17 of 1839,Act 17 of 1854,1839
Post-office Act 1854,17 of 1854,Act 14 of 1866,1854
"Post-office Act, 1838",20 of 1838,Act 17 of 1854,1838
Postponing commencement of Code of Criminal Procedure Act 1872,17 of 1872,Act 12 of 1873,1872
"Postponing operation of Act 23 of 1876 (Opium) Act, 1877",06 of 1877,Act 1 of 1878,1877
"Power to Extend Bengal Regulations 12 of 1833 Act, 1838",13 of 1838,Act 1 of 1846,1838
Power to exempt from Customs-duties Act 1870,18 of 1870,Act 16 of 1875,1870
"Power to suspend Act 11 of 1841, s. 17 Act 1868",12 of 1868,Act 8 of 1887,1868
"Powers of Assistant Commissioner, Punjab Act 1868",3 of 1868,Act 17 of 1877,1868
"Presidency High Courts Act, 1862",20 of 1862,Act 10 of 1877,1862
"Prevention of the Crime of Dacoity Act, 1843",24 of 1843,Act 17 of 1862,1843
"Principal Sadar Amins and Sadar-Amins Act, 1844",9 of 1844,Act 12 of 1873,1844
"Principal Sadr Amins, etc., Bengal Act 1868",16 of 1868,Act 6 of 1871,1868
"Principal Sadr Amins, etc., Bengal Act, 1836",8 of 1836,Act 12 of 1873,1836
Printing Presses Act 1857,15 of 1857,Act 8 of 1868,1857
"Printing-Presses Act, 1835",11 of 1835,Act 25 of 1867,1835
"Prisoner&apos;s Counse Act, 1850",38 of 1850,Act 7 of 1861,1850
"Prisoner&apos;s Counsel, etc., Supreme Courts Act, 1839",22 of 1839,Act 10 of 1875,1839
Prisoners in Calcutta Act 1865,12 of 1865,Act 12 of 1867,1865
"Prisoners under madras regulations 3 of 1802, s.22 Act, 1836",6 of 1836,Act 17 of 1862,1836
"Private Lotteries Act, 1844",5 of 1844,Act 27 of 1870,1844
Private Water-courses Act 1866,12 of 1866,Act 12 of 1876,1866
"Procedure of High Court, Uttar Pradesh Act 1869",13 of 1869,Act 22 of 2001,1869
"Proof of Acts of Governor General in Council Act, 1835",10 of 1835,Act 2 of 1855,1835
Prosecution of Certain officers Act 1852,32 of 1852,Act 17 of 1862,1852
"Provincial Courts of Appeal, Madras Act, 1843",8 of 1843,Act 8 of 1868,1843
Provincial Small Cause Courts Act 1860,42 of 1860,Act 11 of 1865,1860
"Provisions of 5 And 6 Vic., C. 47, Sec. 11 Applicable to India Act, 1843",25 of 1843,Act 12 of 1873,1843
"Public Conveyances, Bombay Towns Act, 1841",4 of 1841,Act 6 of 1863,1841
"Public Employment (Requirement as to Residence) Amendment Act, 1964",10 of 1964,31 of 2019,1964
Punjab Appeals Act 1868,7 of 1868,Act 9 of 1873,1868
Punjab Chief Court Act 1875,19 of 1875,Act 17 of 1877,1875
"Purchasing Arms, etc, from Soliders Act 1867",7 of 1867,Act 16 of 1888,1867
"Putteedarree Estates, Bengal Act, 1841",1 of 1841,Act 16 of 1874,1841
"Quieting Titles, Agra Act 1874",1 of 1874,Act 12 of 1891,1874
Railways Act 1854,18 of 1854,Act 4 of 1879,1854
"Re-Admission of Appeals Dismissal Under Act XXIX of 1841 Act, 1845",16 of 1845,Act 12 of 1873,1845
"Re-importation of certain goods cleared at Rangoon. Act, 1872",23 of 1872,Act 20 of 1886,1872
"Rebellion in Beerbhum, etc Act 1855",38 of 1855,Act 8 of 1868,1855
Receipts of Presidency Banks Act 1863,29 of 1863,Act 11 of 1876,1863
Receivers of Stolen Goods Act 1851,16 of 1851,Act 17 of 1862,1851
"Recorders&apos; Courts, Burma Act 1863",21 of 1863,Act 7 of 1872,1863
"Recovery of Revenue Arrears, Madras Act 1856",23 of 1856,Act 39 of 1858,1856
Recusant Witnesses Act 1855,10 of 1855,Act 11 of 1901,1855
References by Mufassal Small Cause Courts Act 1867,10 of 1867,Act 10 of 1877,1867
"Registrars, Recorders, Courts, Burma Act 1866",3 of 1866,Act 7 of 1872,1866
Registration Act 1864,16 of 1864,Act 20 of 1866,1864
Registration Act 1868,27 of 1868,Act 8 of 1871,1868
Registration of Assurances Act 1865,9 of 1865,Act 20 of 1866,1865
"Registration of Deeds Act, 1845",4 of 1845,Act 16 of 1864,1845
"Registration of Deeds Bengal Act, 1847",18 of 1847,Act 16 of 1864,1847
"Registration of Deeds, Bengal Act 1851",11 of 1851,Act 16 of 1864,1851
"Registration of Instruments Act, 1843",1 of 1843,Act 16 of 1864,1843
"Registration of certain Deeds Act, 1843",19 of 1843,Act 16 of 1864,1843
"Registry of Deeds, Bengal Act, 1838",30 of 1838,Act 16 of 1864,1838
"Registry of Merchant Seamen Act, 1850",27 of 1850,Act 1 of 1859,1850
"Regular Appeals, Bengal Act 1853",15 of 1853,Act 12 of 1873,1853
"Regular Appeals, Madras Act 1855",9 of 1855,Act 10 of 1861,1855
"Regulation of Ports, Madras Act 1858",18 of 1858,Act 12 of 1875,1858
"Relating to Contracts for Labour in British or Foreign Colonies Act, 1839",14 of 1839,Act 13 of 1864,1839
Removal of Prisoners Act 1859,4 of 1859,Act 8 of 1868,1859
"Removal of Prisoners, 1850",7 of 1850,Act 17 of 1862,1850
"Remuneration of Amins Effecting Partitions Act, 1838",11 of 1838,Act 32 of 1940,1838
"Repeal Bengal Regulation 19 of 1797, s.5, and 4 of 1803 Act, 1842",7 of 1842,Act 8 of 1868,1842
"Repeal of Bengal Regulation 9 of 1808 Act, 1844",4 of 1844,Act 8 of 1868,1844
"Repeal of Bengal Regulation XIX, 1810 Act 1884",8 of 1884,Act 12 of 1891,1884
"Repeal of Part of Bengal Regulation 3 of 1793 Act, 1843",22 of 1843,Act 8 of 1868,1843
"Repeal of Part of Bengal Regulations 9 of 1808 and 16 of 1810 Act, 1843",16 of 1843,Act 8 of 1868,1843
"Repeal of part of Bombay Regulation 13 of 1827, Act 1872",24 of 1872,Act 12 of 1873,1872
"Repealing Act 15 of 1836 Act, 1850",32 of 1850,Act 8 of 1868,1850
"Repealing Act 16 of 1859, Act 1860",37 of 1860,Act 8 of 1868,1860
"Repealing Act 18 of 1861 Act, 1862",2 of 1862,Act 8 of 1868,1862
"Repealing Act 28 of 1839, s.7",30 of 1855,Act 8 of 1868,1855
Repealing Act 4 of 1855 Act 1866,11 of 1866,Act 14 of 1870,1866
Repealing Act 6 of 1856 Act 1857,9 of 1857,Act 8 of 1868,1857
Repealing Act of 1861 Act 1864,9 of 1864,Act 8 of 1868,1864
"Repealing Bengal Regulation 20 of 1817, s. 16, cl.17 Act 1852",31 of 1852,Act 8 of 1868,1852
"Repealing Bengal Regulation 9 of 1819, s. 7 Act, 1841",15 of 1841,Act 8 of 1868,1841
"Repealing Bengal Rgulation 1 of 1832, Act 1852",9 of 1852,Act 8 of 1868,1852
"Repealing Bombay Regulation 18 of 1827,s.6, cl.I, 1849",15 of 1849,Act 08 of 1868,1849
Repealing Enactments Relating to Civil Procedure Act 1861,10 of 1861,Act 14 of 1870,1861
"Repealing Part of Act 2 of 1835 Act, 1862",12 of 1862,Act 8 of 1868,1862
Repealing and Amending Act 1897,5 of 1897,Act 2 of 2018,1897
"Repealing enactments relating to Criminal Law Act, 1862",17 of 1862,Act 10 of 1872,1862
"Revenue Agents, Bengal Act 1876",4 of 1876,Act 18 of 1879,1876
"Revenue Courts and Moonsiffs Act, 1839",3 of 1839,Act 8 of 1868,1839
"Revenue Courts, Oudh Act 1865",16 of 1865,Act 32 of 1871,1865
"Revenue Juridiction, Bombay (amending Act 10 of 1876) Act 1877",16 of 1877,Act 1 of 1938,1877
"Revenue Settlement, Agra Act, 1846",8 of 1846,Act 12 of 1876,1846
"Revenue, Bombay Act, 1842",18 of 1842,Act 17 of 1862,1842
"Revenue-Sales Act, 1840",20 of 1840,Act 8 of 1868,1840
Roads in Suburbs of Calcutta and Howrah Act 1858,12 of 1858,Ben. Act 5 of 1876,1858
"Rohil cund division, 1861",14 of 1861,Act 14 of 1874,1861
"Rural Police, Agra Act 1865",2 of 1865,Act 3 of 1869,1865
"Sabathu Act, 1836",15 of 1836,Act 32 of 1850,1836
"Sadar Amins and District Munsifs Madras Act, 1850",3 of 1850,Act 10 of 1861,1850
"Sadar Courts Act, 1842",8 of 1842,Act 17 of 1868,1842
"Sadr Adalat, Bombay, 1849",12 of 1849,Act 08 of 1868,1849
"Sadr Amins, Madras Act, 1836",29 of 1836,Act 8 of 1868,1836
"Sale of Distresses, Bangal Act, 1839",1 of 1839,Act 10 of 1859,1839
"Sale of Ganja, Bombay Act 1857",34 of 1857,Bom. Act 5 of 1878,1857
"Sale of Opium, Calcutta Act, 1842",1 of 1842,Act 11 of 1849,1842
"Sale of Spirits, Bombay Town Act, 1842",5 of 1842,Bom. Act 9 of 1867,1842
"Sale of spirits in cantonments Act, 1853",18 of 1853,13 of 1889,1853
"Sales in Satisfaction of Decrees for Rent Act, 1835",8 of 1835,Act 16 of 1874,1835
Salt (Amending Act 12 of 1882),20 of 1884,Act 12 of 1891,1884
"Salt Chaukis, Bengal Act, 1835",9 of 1835,Act 12 of 1876,1835
"Salt Laws, Madras Act, 1840",17 of 1840,Act 4 of 1889,1840
"Salt duties, Bombay Act, 1844",16 of 1844,Act 12 of 1876,1844
Salt punjab Act 1872,25 of 1872,Act 8 of 1875,1872
"Salt&minus;smuggling, Act 1851 (3 of 1851) Rep., Act 8 of 1868",,,1851
"Salt, Agra Act, 1838",2 of 1838,Act of 14 of 1843,1838
"Salt, Agra Act, 1848",16 of 1848,Act 14 of 1870,1848
"Salt, Bengal Act, 1838",29 of 1838,Act 12 of 1876,1838
"Salt, Central Provinces Act 1864",7 of 1864,Act 8 of 1875,1864
"Salt, Madras Act 1866",19 of 1866,Act 24 of 1869,1866
"Salt-duty, Bombay Act 1861",7 of 1861,Act 24 of 1869,1861
"Salt-revenue, Bombay, Act, 1850",31 of 1850,Bom. Act 7 of 1873,1850
"Salt; Agra, Punjab etc Act 1869",25 of 1869,8 of 1875,1869
Salt; Madras and Bombay Act 1869,24 of 1869,Act 18 of 1877,1869
Saltpetre Act 1854,29 of 1854,Act 8 of 1868,1854
"Saltpetre Manufacture Act, 1861",31 of 1861,Act 12 of 1876,1861
"Security for Costs in Appeals, Bengal Act, 1845",3 of 1845,Act 12 of 1873,1845
"Security for Costs in Appeals, Bombay Act, 1845",8 of 1845,Act 16 of 1874,1845
"Sentences for murder Act, 1844",10 of 1844,Act 8 of 1868,1844
"Sentences to Imprisonment for Life Act, 1847",10 of 1847,Act 17 of 1862,1847
"Sessions Judges Act, 1835",7 of 1835,Act 8 of 1868,1835
"Sessions Judges, Bengal Act 1860",3 of 1860,Act 17 of 1862,1860
Sessions at Ootacamund Act 1855,25 of 1855,Act 8 of 1868,1855
Sett.-Officers&apos; (P) Decisions Validation Act 1884,14 of 1884,Act 12 of 1891,1884
"Sicca Rupees: Pice Act, 1836",13 of 1836,Act 8 of 1868,1836
Signing Commissions under Act 10 of 1865 Act 1866,16 of 1866,Act 10 of 1875,1866
"Silver Coinage Act, 1838",21 of 1838,Act 13 of 1854,1838
"Silver and Copper Coinage Act, 1862",13 of 1862,Act 23 of 1870,1862
Sir Jamsetjee Jeejeebhay Act 1860,20 of 1860,Act 10 of 1915,1860
Sir Jamsetjee Jejeebhoy&apos;s Loan Act 1875,6 of 1875,Act 4 of 1894,1875
"Small Cause Courts, Kurrachee Act 1864",4 of 1864,Act 8 of 1868,1864
"Small Cause Courts, Presidency-town (amending Act 9 of 1850) Act 1857",20 of 1857,Act 15 of 1882,1857
"Small Cause Jurisdiction, Nilgiris Act 1868",18 of 1868,Act 12 of 1891,1868
"Smuggling of Salt, Calcutta, 1849",13 of 1849,Act 12 of 1873,1849
"Soldier's Necessaries Purchase Act, 1888",16 of 1888,Act 12 of 1891,1888
Special Appeals Act 1853,16 of 1853,Act 12 of 1873,1853
"Special Appeals Act, 1843",3 of 1843,Act 16 of 1853,1843
"Special Cases, Supreme Courts Act 1852",17 of 1852,Act 10 of 1877,1852
"Spirit Licenses, Calcutta Act, 1845",26 of 1845,Act 12 of 1859,1845
"Stamp - Duties Act, 1862",10 of 1862,Act 7 of 1870,1862
"Stamp officer (Bengal) Act, 1837",28 of 1837,Act 8 of 1868,1837
Stamp-duties Act 1865,18 of 1865,Act 7 of 1870,1865
"Stamp-duties, 1867",26 of 1867,Act 10 of 1877,1867
"Stamp-duties, Madras Act, 1848",17 of 1848,Act 7 of 1870,1848
Stamps Act 1860,36 of 1860,Act 10 of 1862,1860
Stamps-duties Bengal Act 1858,41 of 1858,Act 18 of 1869,1858
State-offences Act 1858,26 of 1858,Act 8 of 1868,1858
State-offences Act 1859,27 of 1859,Act 8 of 1868,1859
"Straits Settelments--Criminal Law Act, 1850",14 of 1850,Act 13 of 1856,1850
"Straits Settlements.-Customs and Excise Act, 1849",5 of 1849,Act 8 of 1868,1849
"Subordinate Criminal Court, Octacamund Act 1858",16 of 1858,Act 8 of 1868,1858
"Subordinate Judges and Munsifs, Bengal Act 1870",2 of 1870,Act 6 of 1871,1870
"Subordinate, Medical Officers' Widows' and Orphans' Fund Act, 1862",21 of 1862,Act 8 of 1868,1862
"Sudder Amins and Munsifs Act, 1852",26 of 1852,Act 12 of 1873,1852
"Suits in Civil Courts, Agra Act 1858",29 of 1858,Act 8 of 1868,1858
"Suits under Bengal Regulation 49 of 1793 Act, 1840",21 of 1840,Act 8 of 1868,1840
Summary Suits for Arrears of Rent Act 1852,22 of 1852,Act 8 of 1868,1852
"Supreme Court, Bombay Act, 1847",21 of 1847,Act 8 of 1868,1847
"Supreme Court, Madras Act, 1845",28 of 1845,Act 8 of 1868,1845
"Supreme Courts Criminal Law Act, 1838",31 of 1838,Act 10 of 1875,1838
"Supreme Courts, Bombay Act 1861",1 of 1861,Act 8 of 1868,1861
"Supreme Courts, Fort William Act, 1844",11 of 1844,Act 14 of 1870,1844
Supreme Courts.--Bengal Madras and Bombay.--Equity Procedure Act 1854,6 of 1854,Act 8 of 1868,1854
"Surat Police Act, 1846",5 of 1846,Act 8 of 1868,1846
"Survey of Lands in Calcutta Act, 1847",15 of 1847,Act 8 of 1868,1847
"Tabacco Monopoly, Madras Act 1853",4 of 1853,Act 8 of 1868,1853
Taj Mahal&apos;s Pension Act 1881,1 of 1881,Act 48 of 1952,1881
"Taking Land Bombay and Kolaba Act, 1850",17 of 1850,Act 6 of 1857,1850
"Tampering with Army or Navy, 1849",14 of 1849,Act 17 of 1862,1849
Tanjore Act 1858,32 of 1858,Act 15 of 1874,1858
Tariff (amending Act 11 of 1882) Act 1892,1 of 1892,Act 8 of 1894,1892
"Tariff (amending Act 11 of 1882) Act, 1893",9 of 1893,Act 8 of 1894,1893
Taxing Professions and Trades Act 1868,9 of 1868,Act 9 of 1869,1868
"Temple of Juggernath Act, 1840",10 of 1840,Act 12 of 1891,1840
"The Aadhaar and Other Laws (Amendment) Act, 2019",14 of 2019,Act 37 of 2023,2019
The Abducted Persons (Recovery and Restoration) Act 1949,65 of 1949,Act 58 of 1960,1949
The Abducted Persons (Recovery and Restoration) Amendment Act 1952,77 of 1952,Act 36 of 1957,1952
"The Abducted Persons (Recovery and Restoration) Amendment Act, 1954",4 of 1954,Act 04 of 2018,1954
The Abducted Persons (Recovery and Restoration) Continuance Act 1956,65 of 1956,Act 4 of 2018,1956
The Abducted persons (Recovery and Recovery and Restoration) Amendment Act 1952,7 of 1952,Act 36 of 1957,1952
The Abducted persons (Recovery and Restoration) Continuance Act 1955,30 of 1955,Act 4 of 2018,1955
"The Abolition of Pandari tax, Central Provinces Act 1902",6 of 1902,Act 10 of 1914,1902
The Abolition of Whipping Act 1955,44 of 1955,Act 58 of 1960,1955
The Absorbed Areas (Laws) Act 1954,20 of 1954,Act 4 of 2018,1954
The Act and Regulations Extension Act 1865,1 of 1865,Act 15 of 1874,1865
The Acting Judges Act 1867,16 of 1867,Act 22 of 2001,1867
"The Additional Duties of Excise (Goods of Special Importance Amendment Act, 1974",22 of 1974,Act 38 of 1978,1974
"The Additional Duties of Excise (Goods of Special Importance) Act, 1962",10 of 1962,Act 56 of 1974,1962
The Additional Duties of Excise (Goods of Special Importance) Amendment Act 1989,18 of 1989,Act 30 of 2001,1989
"The Additional Duties of Excise (Goods of Special Importance) Amendment Act, 1965",48 of 1965,Act 56 of 1974,1965
"The Additional Duties of Excise (Goods of Special Importance) Amendment Act, 1970",3 of 1970,Act 56 of 1974,1970
"The Additional Duties of Excise (Goods of Special Importance) Amendment Act, 1979",23 of 1979,Act 19 of 1988,1979
"The Additional Duties of Excise (Goods of Special Importance) Amendment Act, 1984",29 of 1984,Act 19 of 1988,1984
"The Additional Duties of Excise (Goods of Special Importance) Amendment Act, 1985",27 of 1985,Act 30 of 2001,1985
"The Additional Duties of Excise (Goods of Special Importance) Amendment Act, 1990",14 of 1990,Act 30 of 2001,1990
"The Additional Duties of Excise (Goods of Special Importance) Amendment Act, 1995",32 of 1995,Act 30 of 2001,1995
"The Additional Duties of Excise (Textiles and Textile Articles) Act, 1957",58 of 1957,12 of 2017,1957
"The Additional Duties of Excise (Textiles and Textile Articles) Act, 1978",40 of 1978,12 of 2017,1978
"The Additional Emoluments (Compulsory Deposit) Amendment Act, 1976",74 of 1976,Act 19 of 1988,1976
"The Additional Emoluments (compulsory deposit) Act, 1974",37 of 1974,Act 23 of 2016,1974
"The Aden Civil and Criminal Justice Act, 1864",2 of 1864,Reg. Act 6 of 1933,1864
The Administration of Evacuee (Amendment) Act 1951,22 of 1951,Act 36 of 1957,1951
The Administration of Evacuee Property (Amendment) Act 1960,1 of 1960,Act 52 of 1964,1960
"The Administration of Evacuee Property (Amendment) Act, 1950",66 of 1950,Act 36 of 1957,1950
"The Administration of Evacuee Property (Amendment) Act, 1954",11 of 1953,Act 02 of 2018,1953
"The Administration of Evacuee Property (Amendment) Act, 1956",91 of 1956,Act 02 of 2018,1956
The Administration of Evacuee Property Act 1950,31 of 1950,Act 38 of 2005,1950
The Administrative Tribunals (Amendment) Act 1987,51 of 1987,Act 30 of 2001,1987
The Administrative Tribunals (Amendment) Act 2006,1 of 2007,Act 02 of 2018,2007
"The Administrative Tribunals (Amendment) Act, 1986",19 of 1986,Act 2 of 2018,1986
The Administrator General Act 1881,9 of 1881,Act 3 of 1913,1881
The Administrator General&apos;s Act 1867,24 of 1867,Act 2 of 1874,1867
The Administrator General&apos;s Act 1874,2 of 1874,Act 3 of 1913,1874
"The Administrator General's (Amendment) Act, 1926",32 of 1926,"Sec 2 and Sch, Act 1 of 1938",1926
The Administrator Generals&apos; Act 1913,3 of 1913,Act 45 of 1963,1913
The Administrator-General&apos;s Act 1865,4 of 1865,Act 24 of 1867,1865
The Administrators-General & Official Trustees Act 1902,5 of 1902,Act 18 of 1919,1902
The Administrators-General (Amendment) Act 2012,33 of 2012,"Act, 17 of 2015",2012
"The Administrators-General (Amendment) Act, 1972",8 of 1972,Act 38 of 1978,1972
"The Administrators-General (Amendment) Act, 1983",18 of 1983,Act 19 of 1988,1983
The Administrators-General Amendment Act 1999,34 of 1999,Act 17 of 2015,1999
The Advocates (Amendment) Act 1977,38 of 1977,Act 19 of 1988,1977
"The Advocates (Amendment) Act, 1962",14 of 1962,Act 56 of 1974,1962
"The Advocates (Amendment) Act, 1964",21 of 1964,Act 56 of 1974,1964
"The Advocates (Amendment) Act, 1966",23 of 1966,Act 56 of 1974,1966
"The Advocates (Amendment) Act, 1968",33 of 1968,Act 56 of 1974,1968
"The Advocates (Amendment) Act, 1973",60 of 1973,Act 38 of 1978,1973
"The Advocates (Amendment) Act, 1980",47 of 1980,Act 19 of 1988,1980
"The Advocates (Amendment) Act, 1993",70 of 1993,Act 30 of 2001,1993
"The Advocates (Second Amendment) Act, 1962",25 of 1962,Act 56 of 1974,1962
"The Advocates (Third Amendment) Act, 1962",32 of 1962,Act 56 of 1974,1962
"The Agricultural And Processed Food Products Export Development Authority (Amendment) Act, 2009",20 of 2009,Act 19 of 2015,2009
The Agricultural Produce (Development and Warehousing) Corporation Act 1956,28 of 1956,Act 58 of 1962,1956
The Agricultural Produce (Grading and Marking) Act 1960,25 of 1960,Act 52 of 1964,1960
The Agricultural Produce (Grading and Marking) Amendment Act 1986,76 of 1986,Act 30 of 2001,1986
"The Agricultural Produce Cess (Amendment) Act, 1970",40 of 1970,Act 56 of 1974,1970
"The Agricultural Produce Cess Act, 1940",27 of 1940,Act 40 of 2006,1940
"The Agricultural Refinance Corporation (Amendment) Act, 1971",39 of 1971,Act 38 of 1978,1971
"The Agricultural Refinance Corporation (Amendment) Act, 1973",37 of 1973,Act 56 of 1974,1973
"The Agricultural Refinance Corporation Act, 1963",10 of 1963,Act 61 of 1981,1963
"The Agricultural and Processed Food Products Export Cess Act, 1986 Act",3 of 1986,Act 24 of 2006,1986
The Agror valley Act 1870,3 of 1870,Act 4 of 1872,1870
The Air Corporation Act 1953,27 of 1953,Act 13 of 1994,1953
The Air Corporations (Amendment) Act 1954,10 of 1954,Act 58 of 1960,1954
"The Air Corporations (Amendment) Act, 1962",17 of 1962,Act 23 of 2016,1962
"The Air Corporations (Amendment) Act, 1971",49 of 1971,Act 38 of 1978,1971
"The Air Corporations (Amendment) Act, 1982",24 of 1982,Act 19 of 1988,1982
"The Air Corporations (Transfer of Undertakings and Repeal) Act, 1994",13 of 1994,Act 37 of 2023,1994
The Air Force and Army Laws (Amendment) Act 1975,13 of 1975,Act 38 of 1978,1975
The Aircraft (Amendment) Act 2007,44 of 2007,Act 23 of 2016,2007
"The Aircraft (Amendment) Act, 1972",12 of 1972,Act 38 of 1978,1972
"The Aircraft (Amendment) Act, 1983",1 of 1983,Act 19 of 1988,1983
"The Aircraft (Amendment) Act, 1985",69 of 1985,Act 30 of 2001,1985
"The Aircraft (Amendment) Act, 1988",50 of 1988,Act 30 of 2001,1988
"The Aircraft (Amendment) Act, 2000",51 of 2000,Act 23 of 2016,2000
"The Aircraft (Amendment) Act, 2020",13 of 2020,Act 37 of 2025,2020
"The Aircraft Act, 1934",22 of 1934,Act 16 of 2024,1934
"The Airports Authority of India (Amendment) Act, 2003",43 of 2003,Act 23 of 2016,2003
"The Airports Economic Regulatory Authority of India (Amendment) Act, 2019",27 of 2019,Act 37 of 2025,2019
"The Airports Economic Regulatory Authority of India (Amendment) Act, 2021",28 of 2021,Act 37 of 2025,2021
"The Ajmer Merwara Municipalities Regulation (Amendment) Act, 1939",2 of 1939,Act 25 of 1942,1939
"The Ajmer-Marwara (Extension of Laws) Act, 1947 52 of 1947",,Act 30 of 1950,1947
The Ajmer-Merwara Marwara Rent Control (Amendment) Act 1947,50 of 1947,Act 35 of 1950,1947
"The Alcock Ashdown Company Limited (Acquisition of Undertaking) Act, 1973",56 of 1973,Act 31 of 2019,1973
"The Alcock Ashdown Company Limited (Acquisition of Undertakings) Amendment Act, 1974",33 of 1974,Act 38 of 1978,1974
"The Alcock Ashdown Company Limited (Acquisition of Undertakings) Amendment Act, 1988",38 of 1988,Act 30 of 2001,1988
The Aligarh Muslim University (Amendment) Act 1951,62 of 1951,Act 36 of 1957,1951
"The Aligarh Muslim University (Amendment) Act, 1931",18 of 1931,Act 1 of 1938,1931
"The Aligarh Muslim University (Amendment) Act, 1935",6 of 1935,Act 1 of 1938,1935
"The Aligarh Muslim University (Amendment) Act, 1941",17 of 1941,Act 06 of 1945,1941
"The Aligarh Muslim University (Amendment) Act, 1965",19 of 1965,Act 56 of 1974,1965
"The Aligarh Muslim University (Amendment) Act, 1981",62 of 1981,Act 31 of 2019,1981
"The All India Institute of Medical Science (Amendment) Act, 2000",33 of 2000,Act 23 of 2016,2000
"The All India Institute of Medical Science (Amendment) Act, 2002",24 of 2002,Act 23 of 2016,2002
The All Inidia Services (Amendment) Act 1958,25 of 1958,Act 58 of 1960,1958
The All-India Institute of Medical Sciences (Amendment) Act 2012,37 of 2012,"Act, 23 of 2016",2012
The All-India Institute of Medical Sciences and the Post-Graduate Institute of Medical Education and Research (Amendment) Act 2007,42 of 2007,Act 23 of 2016,2007
"The All-India Institute of Medical Sciences and the Post-Graduate Institute of Medical Education and Research, Chandigarh (Amendment) Act 1987",30 of 1987,Act 30 of 2001,1987
The All-India Services (Amendment) Act 1963,27 of 1963,Act 56 of 1974,1963
"The All-India Services Regulations (Indemnity) Act, 1975",19 of 1975,Act 4 of 2018,1975
"The Allahabad University Act, 1887",18 of 1887,U.P. Act 3 of 1921,1887
The Allianz Und Stuttgarter Life Insurance Bank (Transfer) Act 1950,62 of 1950,Act 11 of 2001,1950
"The Aluminium Corporation of India Limited (Acquisition and Transfer of Alumimium Undertaking) Act, 1984",43 of 1984,Act 4 of 2018,1984
"The Amending (Army) Act, 1894",13 of 1894,Act 1 of 1938,1894
"The Amending (Army) Act, 1909",5 of 1909,Act 6 of 1923,1909
"The Amending Act, 1891",12 of 1891,Act 1 of 1938,1891
"The Amending Act, 1895",16 of 1895,Act 1 of 1938,1895
"The Amending Act, 1916",13 of 1916,Act 1 of 1938,1916
"The Amending Act, 1934",35 of 1934,Act 1 of 1938,1934
"The Amendmending Act, 1894",4 of 1894,Act 1 of 1938,1894
"The Amritsar Oil Works (Acquisition and Transfer of Undertakings) Act, 1982",50 of 1982,Act 23 of 2016,1982
The Anand Marriage (Amendment) Act,29 of 2012,"Act, 17 of 2015",2012
The Anarchical and Revolutionary Act 1919,11 of 1919,Act 4 of 1922,1919
"The Ancient Monuments Preservation (Amendment) Act, 1932",18 of 1932,Act 1 of 1938,1932
"The Ancient and Historical Monuments and Archaeological Sites and Remains (Declaration of National Importance) Act, 1951",71 of 1951,Act 24 of 1958,1951
"The Ancient and Historical Monuments and Archaeological Sites and Remains (Declaration of National Importance) Amendment Act, 1953",3 of 1954,Act 02 of 2018,1954
"The Ancient and Historical Monuments and Archaeological Sites and Remains (Declaration of National Importance) Amendment Act, 1956",70 of 1956,Act 02 of 2018,1956
The Andhra Pradesh Legislative Council (Abolition) Act 1985,34 of 1985,Act 47 of 2001,1985
The Andhra Pradesh Reorganisation (Amendment) Act 2014,19 of 2014,Act 31 of 2019,2014
"The Andhra Pradesh Reorganisation (Amendment) Act, 2015",12 of 2015,Act 31 of 2019,2015
"The Andhra Pradesh State Legislature (Delegation of Powers) Act, 1973",8 of 1973,Act 38 of 1978,1973
"The Andhra Scientific Company Limited (Acquisition and Transfer of Undertakings) Act, 1982",71 of 1982,Act 37 of 2023,1982
The Andhra State Legislature (Delegation of Powers) Act 1954,45 of 1954,Act 58 of 1960,1954
"The Anti-Corruption Laws (Amendment) Act, 1964",40 of 1964,Act 56 of 1974,1964
"The Anti-Hijacking Act, 1982",65 of 1982,Act 30 of 2016,1982
The Anti-hijacking (Amendment) Act 1994,39 of 1994,Act 30 of 2001,1994
The Antiquities (Export Control) Act 1947,31 of 1947,Act 52 of 1972,1947
"The Antiquities and Art Treasures (Amendment) Act, 1976",82 of 1976,Act 19 of 1988,1976
The Apprentices (Amendment) Act 1986,41 of 1986,Act 30 of 2001,1986
The Apprentices (Amendment) Act 2007,36 of 2007,Act 23 of 2016,2007
"The Apprentices (Amendment) Act, 1973",27 of 1973,Act 38 of 1978,1973
"The Apprentices (Amendment) Act, 1996",4 of 1997,Act 30 of 2001,1997
The Arbitration (Protocol Convention) Act 1937,6 of 1937,Act 26 of 1996,1937
The Arbitration Act 1899,9 of 1899,Act 10 of 1940,1899
The Arbitration Act 1940,10 of 1940,Act 26 of 1996,1940
"The Arbitration and Conciliation (Amendment) Act, 2015",3 of 2016,Act 37 of 2025,2016
"The Arbitration and Conciliation (Amendment) Act, 2021",3 of 2020,Act 37 of 2025,2021
"The Architects (Amendment) Act, 1982",21 of 1982,Act 19 of 1988,1982
"The Armed Force (Special Power) Act., 1948",4 of 1948,Act 35 of 1950,1948
The Armed Forces (Special Powers) Act 1948,3 of 1948,Act 36 of 1957,1948
"The Armed Forces (Special Powers) Amendment Act, 1966",9 of 1966,56 of 1974,1966
"The Armed Forces (Special Powers) Continuance Act, 1964",9 of 1964,Act 56 of 1974,1964
"The Armed Forces (Special Powers) Continuance Act, 1965",9 of 1965,Act 56 of 1974,1965
"The Armed Forces (Special Powers) Continuance Act, 1967",9 of 1967,Act 56 of 1974,1967
"The Armed Forces (Special Powers) Continuance Act, 1968",10 of 1968,Act 56 of 1974,1968
"The Armed Forces (Special Powers) Continuance Act, 1969",3 of 1969,Act 56 of 1974,1969
The Arms (Amendment) Act 1985,39 of 1985,Act 30 of 2001,1985
"The Arms (Amendment) Act, 1971",55 of 1971,Act 38 of 1978,1971
"The Arms (Amendment) Act, 1983",25 of 1983,Act 19 of 1988,1983
"The Arms (Amendment) Act, 1988",42 of 1988,Act 30 of 2001,1988
"The Arms (Amendment) Act, 2019",48 of 2019,Act 37 of 2025,2019
The Arms Act Continuance Act 1865,6 of 1865,Act 6 of 1866,1865
The Arms Act Continuance Act 1866,6 of 1866,Act 11 of 1878,1866
"The Army (Amendment) Act, 1992",37 of 1992,Act 30 of 2001,1992
"The Army and Air Force (Disposal of Private Property) Amendment Act, 2000",31 of 2000,Act 23 of 2016,2000
"The Army, Air Force and Naval Law (Amendment) Act, 1970",30 of 1970,Act 56 of 1974,1970
"The Asian Refractories Limited (Acquisition of Undertaking) Act, 1971",65 of 1971,Act 4 of 2018,1971
The Assam Chief Commissionership Act 1874,8 of 1874,Act 7 of 1905,1874
The Assam Company Act 1855,4 of 1855,Act 11 of 1866,1855
"The Assam Criminal Law Amendment supplementary (Extending) Act, 1934",27 of 1934,Act 2 of 2018,1934
"The Assam Labour and Emigration (Amendment) Act, 1908",11 of 1908,Act 22 of 1932,1908
"The Assam Labour and Emigration (Amendment) Act, 1915",8 of 1915,Act 22 of 1932,1915
"The Assam Labour and Emigration (Amendment) Act, 1927",31 of 1927,"Sec 41 and Sch, Act 22 of 1932",1927
The Assam Labour and Emigration Act 1901,6 of 1901,Act 22 of 1932,1901
The Assam Rifles (Amendment) Act 1951,34 of 1951,Act 36 of 1957,1951
The Assam Rifles (Amendment) Act 1958,48 of 1958,Act 58 of 1960,1958
"The Assam Rifles (Amendment) Act, 1962",30 of 1962,Act 56 of 1974,1962
"The Assam Sillimanite Limited (Acquisition and Transfer of Refractory Plant) Act, 1976",22 of 1976,Act 4 of 2018,1976
The Assam State Legislature (Delegation of Powers) Act 1981,39 of 1981,Act 19 of 1988,1981
"The Assam State Legislature (Delegation of Powers) Act, 1980",38 of 1980,Act 19 of 1988,1980
"The Assam State Legislature (Delegation of Powers) Act, 1982",25 of 1982,Act 19 of 1988,1982
"The Assam University (Amendment) Act, 1995",25 of 1995,Act 30 of 2001,1995
The Atomic Energy (Amendment) Act 1986,59 of 1986,Act 30 of 2001,1986
The Atomic Energy (Amendment) Act 1987,29 of 1987,Act 30 of 2001,1987
The Atomic Energy Act 1948,29 of 1948,Act 33 of 1962,1948
"The Auroville (Emergency Provisions) Act, 1980",59 of 1980,Act 37 of 2001,1980
The Auroville (Emergency Provisions) Amendment Act 1985,51 of 1985,Act 30 of 2001,1985
The Auroville (Emergency Provisions) Amendment Act 1987,44 of 1987,Act 30 of 2001,1987
"The Auroville (Emergency Provisions) Repeal Act, 2001",37 of 2001,Act 04 of 2018,2001
The Authorised Translations (Central Laws) Amendment Act 1988,18 of 1988,Act 30 of 2001,1988
"The Auxiliary Force (Amendment) Act, 1928",10 of 1928,"Sec 2 and Sch, Act 1 of 1938",1928
"The Auxiliary Force (Amendment) Act, 1931",6 of 1931,Act 1 of 1938,1931
"The Auxiliary Force (Amendment) Act, 1933",10 of 1933,Act 1 of 1938,1933
The Auxiliary Force Act 1920,49 of 1920,Act A.O. of 1950,1920
The Bamboo Paper Industry (Protection) Act 1927,20 of 1927,Act 32 of 1934,1927
The Bamoo Paper Industry (Protection) Act 1932,6 of 1932,Act 32 of 1934,1932
The Banaras Hindu University (Amendment) Act 1958,34 of 1958,Act 58 of 1960,1958
"The Bangalore Marriages Validating Act, 1936",16 of 1936,Act 02 of 2018,1936
The Bankers&apos; Books Evidence Act 1900,12 of 1900,Act 1 of 1938,1900
"The Bankers' Books Evidence Act, 1893",1 of 1893,Act 1 of 1938,1893
The Banki Laws Act 1881,25 of 1881,Act 42 of 1953,1881
"The Banking Companies (Acquisition and Transfer of Undertakings) Act, 1969",22 of 1969,Act 23 of 2016,1969
"The Banking Companies (Acquisition and Transfer of Undertakings) Amendment Act, 1992",36 of 1992,Act 30 of 2001,1992
"The Banking Companies (Acquisition and Transfer of Undertakings) Amendment Act, 1994",37 of 1994,Act 30 of 2001,1994
"The Banking Companies (Acquisition and Transfer of Undertakings) Amendment Act, 1995",8 of 1995,Act 30 of 2001,1995
"The Banking Companies (Acquisition and Transfer of Undertakings) and Financial Institutions Laws (Amendment) Act, 2006",45 of 2006,Act 19 of 2015,2006
The Banking Companies (Amendment) Act 1953,52 of 1953,Act 36 of 1957,1953
The Banking Companies (Amendment) Act 1960,23 of 1960,Act 52 of 1964,1960
"The Banking Companies (Amendment) Act, 1950",20 of 1950,Act 36 of 1957,1950
"The Banking Companies (Amendment) Act, 1956",95 of 1956,Act 23 of 2016,1956
"The Banking Companies (Amendment) Act, 1961",7 of 1961,Act 23 of 2016,1961
"The Banking Companies (Amendment) Act, 1962",36 of 1962,Act 56 of 1974,1962
The Banking Companies (Legal Practitioners' Clients' Accounts) Repeal Act 2001,20 of 2001,Act 23 of 2016,2001
"The Banking Companies (Restriction of Branches) Act, 1946",27 of 1946,Act 10 of 1949,1946
The Banking Laws (Amendment) Act 2012,4 of 2013,Act 19 of 2015,2013
"The Banking Laws (Amendment) Act, 1968",58 of 1968,Act 56 of 1974,1968
"The Banking Laws (Amendment) Act, 1983",1 of 1984,Act 23 of 2016,1984
"The Banking Laws (Amendment) Act, 1984",64 of 1984,Act 19 of 1988,1984
"The Banking Laws (Amendment) Act, 1985",81 of 1985,Act 2 of 2018,1985
"The Banking Laws (Application to Co-operative Societies) Act, 1965",23 of 1965,Act 23 of 2016,1965
"The Banking Laws (Miscellaneous Provisions) Act, 1963",55 of 1963,Act 56 of 1974,1963
The Banking Regulation (Amendment) Act 2007,17 of 2007,Act 19 of 2015,2007
"The Banking Regulation (Amendment) Act, 1994",20 of 1994,Act 30 of 2001,1994
"The Banking Regulation (Amendment) Act, 2017",30 of 2017,Act 37 of 2025,2017
"The Banking Regulation (Amendment) Act, 2020",39 of 2020,Act 37 of 2025,2020
"The Banking Regulation (Amendment) And Miscellaneous Provisions Act, 2004",24 of 2004,Act 19 of 2015,2004
"The Banking Regution (Amendment) Act, 1991",54 of 1991,Act 30 of 2001,1991
"The Banking Service Commission (Repeal) Act, 2003",29 of 2003,Act 23 of 2016,2003
The Banking Service Commission Act 1975,42 of 1975,Act 20 of 1978,1975
"The Banking Service Commission Act, 1984",44 of 1984,Act 29 of 2003,1984
"The Banking, Public Financial Institutions and Negotiable Instruments Laws (Amendment) Act",66 of 1988,Act 30 of 2001,1988
"The Bankings Companies (Amendment) Act, 1959",33 of 1959,Act 52 of 1964,1959
The Bar Councils (Validation of State Laws) Act 1956,4 of 1956,Act 4 of 2018,1956
The Barsi Light Railway Company (Transferred Liabilities) Act 1954,14 of 1954,Act 52 of 1964,1954
The Basel Mission Trading Company Act 1920,35 of 1920,Act 42 of 1953,1920
"The Batwaras Act, 1836",20 of 1836,Act 32 of 1940,1836
The Beedi Workers Welfare Cess (Amendment) Act 1981,47 of 1981,Act 19 of 1988,1981
"The Beedi Workers Welfare Cess (Amendment) Act, 1998",24 of 1998,Act 30 of 2001,1998
"The Beedi Workers Welfare Cess Act, 1976",56 of 1976,Act 18 of 2017,1976
"The Beedi Workers Welfare Fund Act, 1976",62 of 1976,Act 31 of 2019,1976
"The Beedi and Cigar Workers (Conditions of Employment) Act, 1966",32 of 1966,37 of 2020,1966
The Benares Family Domains Act 1881,14 of 1881,Act 1 of 1938,1881
The Benares Hindu University (Amendment) Act 1951,55 of 1951,Act 36 of 1957,1951
"The Benares Hindu University (Amendment) Act, 1922",3 of 1922,"Sec 2 and Sch, Act 1 of 1938",1922
"The Benares Hindu University (Amendment) Act, 1930",29 of 1930,"Sec 2 and Sch, Act 1 of 1938",1930
"The Bengal Alluvion and Diluvion Avt, 1847-contd, 1847",9 of 1847,WB Act 10 of 1956,1847
The Bengal Bihar and Orissa and Assam Laws Act 1912,7 of 1912,Act 04 of 2018,1912
"The Bengal Board of Revenue Act, 1850",44 of 1850,Act 1 of 1903,1850
"The Bengal Chaukidari (Amendment) Act, 1871",22 of 1871,Act 1 of 1938,1871
"The Bengal Chaukidari Act, 1856",20 of 1856,W.B Act 1 of 1914,1856
"The Bengal Chemical and Pharmaceutical Works Limited (Acquisition and Transfer of Undertakings) Act, 1980",58 of 1980,Act 4 of 2018,1980
The Bengal Civil Courts Act 1871,6 of 1871,Act 12 of 1887,1871
"The Bengal Criminal Law Amendment supplementary (Extending) Act, 1934",26 of 1934,Act 20 of 1937,1934
"The Bengal Districts Act, 1836",21 of 1836,"Sec 2 and Sch, Act 17 of 1887",1836
"The Bengal Finance (Sales Tax) (Delhi Amendment) Act, 1959",20 of 1959,Act 52 of 1964,1959
"The Bengal Finance (Sales Tax) (Delhi Amendment) Act, 1963",15 of 1963,Act 56 of 1974,1963
"The Bengal Finance (Sales Tax) (Delhi Validation of Appointments andProceedings) Act, 1971",20 of 1971,Act 02 of 2018,1971
"The Bengal Immunity Company Limited (Acquisition and Transfer of Undertakings) Act, 1984",57 of 1984,Act 4 of 2018,1984
"The Bengal Land Revenue Sales Act, 1841",12 of 1841,"Second Sch, Act 19 of 1873",1841
The Bengal Pilot Service (Centralisation of Administration) Act 1929,11 of 1929,Act 1 of 1938,1929
"The Bengal Rent Act, 1859",10 of 1859,"Sec 2 and Second Sch, Act 9 of 1883",1859
The Bengal Sessions Courts Act 1871,19 of 1871,Act 1 of 1903,1871
The Bengal Suppression of Terrorist Outrages (Supplementary) Act 1932,24 of 1932,Act 4 of 2018,1932
"The Bengal Tenancy (Amendment) Act, 1886",8 of 1886,Act 1 of 1938,1886
"The Bengal, Agra and Assam Civil Courts (Amendment) Act, 1911",16 of 1911,Act 1 of 1938,1911
The Betwa River Board (Amendment) Act 1977,47 of 1977,Act 19 of 1988,1977
"The Betwal River Board (Amendment) Act, 1993",49 of 1993,Act 23 of 2016,1993
"The Bharat Petroleum Corporation Limited (Determination of Conditions of Service of Employees) Act, 1988",44 of 1988,Act 37 of 2025,1988
The Bhaunagar Act 1876,20 of 1876,Act 42 of 1953,1876
"The Bhopal Coinage Act, 1897",11 of 1897,Act1 of 1903,1897
"The Bhopal Gas Leak Disaster (Processing of Claims) Amendment Act, 1992",24 of 1992,Act 30 of 2001,1992
"The Bhopal and Vindhya Pradesh (Court) Act, 1950",41 of 1950,Act 22 of 2001,1950
The Bhutan Duars Act 1869,16 of 1869,Act 1 of 1903,1869
"The Bihar State Legislature (Delegation of Powers) Act, 1968",39 of 1968,Act 56 of 1974,1968
"The Bihar State Legislature (Delegation of Powers) Act, 1969",32 of 1969,Act 56 of 1974,1969
The Bilaspur Commercial Corporation (Repeal) Act 1960,47 of 1960,Act 4 of 2018,1960
"The Births, Death & Marriges Registration Act (1885) Amending Act 1890",16 of 1890,Act 1 of 1938,1890
"The Births, Deaths and Marriages Registration (Amendment) Act, 1911",9 of 1911,Act 1 of 1938,1911
"The Boilers Act, 1923",5 of 1923,Act 12 of 2025,1923
The Bolani Ores Limited (Acquisition of Shares) and Miscellaneous Provisions Act 1978,42 of 1978,Act 4 of 2018,1978
"The Bombay Civil Courts (Amendment) Act, 1930",28 of 1930,"Sec 2 and Sch, Act 1 of 1938",1930
The Bombay Civil Courts Act 1880,9 of 1880,Act 1 of 1838,1880
The Bombay Coasting Vessels (Amendment) Act 1952,22 of 1952,Act 36 of 1957,1952
The Bombay High Court (Letters Patent Act 1866),23 of 1866,Act 22 of 2001,1866
"The Bombay Improvement Act, 1904 Act",14 of 1904,Bom Act 16 of 1925,1904
The Bombay Land-customs Act 1857,29 of 1857,Act 3 of 1937,1857
The Bombay Municipal Debentures Act 1876,15 of 1876,Act 1 of 1879,1876
The Bombay Port Trust (Amendment) Act 1952,11 of 1952,Act 36 of 1957,1952
"The Bombay Port Trust (Amendment) Act, 1949",27 of 1949,Act 48 of 1952,1949
"The Bombay Regulation XIII of 1830 (Application) Act, 1840",15 of 1840,Bom. Act 18 of 1953,1840
The Bombay Revenue Jurisdiction Act 1880,15 of 1880,Act 1 of 1938,1880
The Bombay University Act 1857,22 of 1857,Act Bom 4 of 1928,1857
"The Bombay, Calcutta and Madras Port Trust (Companies) Act, 1948",36 of 1948,Act 35 of 1950,1948
"The Bombay, Calcutta and Madras Port Trusts (Amendment) Act 1958",13 of 1958,Act 58 of 1960,1958
The Bomboo Paper Industry (Protection) Act 1925,25 of 1925,Act 32 of 1934,1925
The Bonded Labour System (Abolition) Amendment Act 1985,73 of 1985,Act 30 of 2001,1985
"The Border Security Force (Amendment) Act, 2000",35 of 2000,Act 19 of 2015,2000
"The Braithwaite and Company (India) Limited (Acquisition and Transfer of Undertakings) Act, 1976",96 of 1976,Act 4 of 2018,1976
The Brentford Electric (India) Limited (Acquisition and Transfer of Undertakings) Act 1987,36 of 1987,Act 4 of 2018,1987
"The Britannia Engineering Company Limited (Mokameh Unit) and the Arthur Butler and Company (Muzaffarpore) Limited (Acquisition and Transfer of Undertakings) Act, 1978",41 of 1978,Act 37 of 2025,1978
The British Burma Labour Law Act 1876,3 of 1876,Act 7 of 1883,1876
The British Burma Municipal Act 1874,7 of 1874,Act 11 of 1889,1874
The British Burma Pilots Act 1883,12 of 1883,Act 42 of 1953,1883
The British Statutes (Application to India) Repeal Act 1960,57 of 1960,Act 2 of 2018,1960
The Broach Thakurs&apos; Relief Act 1871,15 of 1871,Act 14 of 1877,1871
The Broach and Kaira Incumbered Estates Act 1881,21 of 1881,Bom Act 62 of 1949,1881
The Bronze Coin (Legal Tender) Act 1918,22 of 1918,Act 4 of 1941,1918
"The Building and Other Construction Workers (Regulation of Employment and Conditions of Service) Act, 1996",27 of 1996,Act 37 of 2020,1996
"The Building and Other Construction Workers' Welfare Cess Act, 1996",28 of 1996,Act 36 of 2020,1996
"The Bureau of Indian Standards Act, 1986",63 of 1986,Act 11 of 2016,1986
The Burma Boundaries Act 1880,5 of 1880,Act 42 of 1953,1880
The Burma Coast-lights Act 1879,9 of 1879,Act 17 of 1927,1879
The Burma Courts Act 1872,7 of 1872,Act 17 of 1875,1872
The Burma Courts Act 1875,17 of 1875,Act 11 of 1889,1875
The Burma Courts Act 1880,11 of 1880,Act 11 of 1889,1880
"The Burma Courts Act, 1884",10 of 1884,Act 11 of 1899,1884
"The Burma Courts Act, 1885",14 of 1885,Act 11 of 1889,1885
"The Burma Courts Amendment Act, 1873",01 of 1873,"Act 17 of 1875 & Rep., Act 20 of 1975",1873
The Burma District Cesses and Rural Police Act 1880,2 of 1880,Act 42 of 1953,1880
The Burma Embankment Act 1877,13 of 1877,Act 4 of 1912,1877
The Burma Ferries Act 1873,2 of 1873,Act 2 of 1898,1873
"The Burma Financial Commissioner's Act, 1888",18 of 1888,Act 13 of 1898,1888
The Burma Fisheries Act 1875,7 of 1875,Bur. Act 3 of 1905,1875
The Burma Forests Act 1881,19 of 1881,Bur. Act 4 of 1902,1881
The Burma Gaming Act 1884,16 of 1884,Bur. Act 1 of 1899,1884
The Burma Land and Revenue Act 1876,2 of 1876,Act 42 of 1953,1876
"The Burma Laws Act, 1898",13 of 1898,Act 42 of 1953,1898
"The Burma Military Police Act, 1887",15 of 1887,Act Bur. 12 of 1928,1887
"The Burma Municipal Act, 1884",17 of 1884,Act 13 of 1898,1884
"The Burma Municipalities Act, 1888",19 of 1888,Act 13 of 1898,1888
The Burma Port-dues Act 1873,7 of 1873,12 Act of 1875,1873
"The Burma Salt (Amendment) Act, 1928",1 of 1928,"Sec 3, Act 42 of 1953",1928
"The Burma Salt (Amendment) Act, 1929",16 of 1929,"Sec 3 and Second Sch, (Act 42 of 1953",1929
"The Burma Spirti Duty Act, 1872",16 of 1872,Act 11 of 1889,1872
The Burma Steam-Boilers and Prime-Movers Act 1882,18 of 1882,Bur. Act 2 of 1910,1882
"The Burma Steam-boilers and Prime-movers Act, 1885",1 of 1885,Bur. Act 2 of 1910,1885
The Burma Timber Act 1873,13 of 1873,Act 19 of 1881,1873
"The Burmah Oil Company [Acquisition of Shares of Oil India Limited and of The Undertakings in India of Assam Oil Company Limited and The Burmah Oil Company (India Trading) Limited] Act, 1981",41 of 1981,Act 23 of 2016,1981
"The Burmah Shell (Acquisition of undertakings in india) Act, 1976",2 of 1976,Act 23 of 2016,1976
The Burmese Steamer Survey Act 1871,16 of 1871,Act 6 of 1884,1871
"The Burn Company and Indian Standard Wagon Company (Nationalisation) Act, 1976",97 of 1976,Act 23 of 2016,1976
"The Burn Company and Indian Standard Wagon Company (Taking over of Management) Act, 1973",57 of 1973,Act 97 of 1976,1973
The Business Profits Tax Act 1947,21 of 1947,Act 20 of 2000,1947
"The Cable Television Network (Regulation) Amendment Act., 2003",2 of 2003,Act 04 of 2018,2003
The Cable Television Networks (Regulation) Amendment,21 of 2011,Act 23 of 2016,2011
The Cable Television Networks (Regulation) Amendment Act 2007,25 of 2007,Act 23 of 2016,2007
"The Cable Television Networks (Regulation) Amendment Act, 2000",36 of 2000,Act 23 of 2016,2000
"The Calcutta Pilots (Amendment) Act, 1883",6 of 1883,Act 1 of 1938,1883
The Calcutta Pilots Act 1859,12 of 1859,Act 4 of 2018,1859
The Calcutta Port (Amendment) Act 1952,41 of 1952,Act 36 of 1957,1952
"The Calcutta Port (Amendment) Act, 1970",15 of 1970,Act 56 of 1974,1970
The Calcutta University Act 1857,2 of 1857,W. Ben. Act 18 of 1951,1857
The Calcutta University Act 1921,7 of 1921,Act 1 of 1938,1921
The Calcuttas Improvements (Appeals) Act 1911,18 of 1911,W. Ben. Act 18 of 1955,1911
The Caltex [Acquisition of Shares of Caltex OilRefining (India) Limited and of the Undertakings in Indiaof Caltex (India) Limited] Act 1977,17 of 1977,Act 23 of 2016,1977
"The Cancellation of General Election in Punjab Act, 1991",38 of 1991,Act 30 of 2001,1991
"The Cantonment Laws (Extension and Amendment) Act, 1950",53 of 1950,Act 36 of 1957,1950
"The Cantonments (Amendment) Act, 1925",7 of 1925,"Sec 2 and Sch, Act 1 of 1938",1925
"The Cantonments (Amendment) Act, 1926",35 of 1926,"Sec 2 and Sch, Act 1 of 1938",1926
"The Cantonments (Amendment) Act, 1927",26 of 1927,"Sec 2 and Sch, Act 1 of 1938",1927
"The Cantonments (Amendment) Act, 1931",7 of 1931,Act 1 of 1938,1931
"The Cantonments (Amendment) Act, 1932",17 of 1932,Act 1 of 1938,1932
"The Cantonments (Amendment) Act, 1936",24 of 1936,Act 32 of 1940,1936
"The Cantonments (Amendment) Act, 1940",31 of 1940,Act 06 of 1945,1940
"The Cantonments (Amendment) Act, 1942",15 of 1942,Act 02 of 1948,1942
"The Cantonments (Amendment) Act, 1948",50 of 1948,Act 35 of 1950,1948
"The Cantonments (Amendment) Act, 1983",15 of 1983,Act 19 of 1988,1983
"The Cantonments (Amendment) Act, 1991",1 of 1991,Act 30 of 2001,1991
"The Cantonments (Extension of Rent Control Laws) Amendment Act, 1972",22 of 1972,Act 38 of 1978,1972
"The Cantonments (House Accommodation Amendment) Act, 1925",10 of 1925,"Sec 2 and Sch, Act 1 of 1938",1925
"The Cantonments (House Accommodation) Act, 1923",6 of 1923,Act 37 of 2023,1923
The Cantonments (House-Accommodation) Act 1902,2 of 1902,Act 6 of 1923,1902
The Cantonments Act 1880,3 of 1880,Act 13 of 1889,1880
The Cantonments Act Amendment Act 1895,5 of 1895,Act 15 of 1897,1895
"The Cantonments Act, 1889",13 of 1889,Act 15 of 1910,1889
"The Cantonments Act, 1897",15 of 1897,Act 15 of 1910,1897
"The Cantonments Act, 1924",2 of 1924,"Sec 360, Act 41 of 2006",1924
"The Cantonments House Accommodation (Amendment) Act, 1930",9 of 1930,"Sec 2 and Sch, Act 1 of 1938",1930
The Capital Issue (Control) Amendment Act. 1957,50 of 1957,Act 58 of 1960,1957
The Capital Issues (Continuance of Control) Act 1952,6 of 1952,Act 36 of 1957,1952
The Capital Issues (Continuance of Control) Amendment Act 1956,8 of 1956,Act 58 of 1960,1956
"The Capital Issues (Continuance of Control) Amendment Act, 1950",22 of 1950,Act 36 of 1957,1950
"The Capital Issues (Control) Act, 1947",29 of 1947,Act 26 of 1992,1947
"The Capital Issues (Control) Repeal Act, 1992",26 of 1992,Act 30 of 2001,1992
The Cardamom (Amendment) Act 1977,26 of 1977,Act 19 of 1988,1977
"The Carriage by Air (Amendment) Act, 2009, 28 of 2009, (Rep., Act 23 of 2016) 20 of 2001",,Act 23 of 2016,2009
"The Carriers (Amendment) Act, 1921",13 of 1921,"Sec 2 and Sch, Act 1 of 1938",1921
The Carriers Act 1865,3 of 1865,41 of 2007,1865
The Carriers Act 1899,10 of 1899,Act 1 of 1938,1899
"The Caste Disabilities Removal Act, 1850",21 of 1850,Act 4 of 2018,1850
"The Cattle - trespass Act (1871) Amendment Act, 1891",1 of 1891,Act 1 of 1938,1891
"The Cattle Trespass (Amendment) Act, 1921",17 of 1921,"Sec 2 and First Sch, Act 4 of 2018",1921
"The Census (Amendment) Act, 1950",51 of 1950,Act 36 of 1957,1950
"The Census (Amendment) Act, 1959",22 of 1959,Act 52 of 1964,1959
"The Census (Amendment) Act, 1993",11 of 1994,Act 30 of 2011,1994
The Central Agricultural University (Amendment) Act 2016,45 of 2016,Act 31 of 2019,2016
"The Central Board of Direct Taxes (Validation of Proceedings) Act, 1971",37 of 1971,Act 20 of 2000,1971
"The Central Board of Revenue Act, 1924",4 of 1924,"Sec 8, Act 54 of 1963",1924
"The Central Duties of Excise (Retrospective Exemption) Act, 1986",45 of 1986,Act 25 of 2004,1986
The Central Education Institutions (Reservation in Admission)Amendment Act 2012,31 of 2012,"Act, 4 of 2018",2012
"The Central Excise Laws (Amendment) Act, 1982",58 of 1982,Act 23 of 2016,1982
"The Central Excise Salt Amendment Act, 1959",37 of 1959,Act 02 of 2018,1959
"The Central Excise Tariff (Amendment) Act, 2004",5 of 2005,Act 2 of 2018,2005
"The Central Excise Tariff Act, 1986",5 of 1986,12 of 2017,1986
The Central Excises (Conversion to Metric Units) Act 1960,38 of 1960,Act 2 of 2018,1960
"The Central Excises and Customs Laws (Amendment) Act, 1991",40 of 1991,Act 30 of 2001,1991
The Central Excises and Salt (Amendment) Act 1953,15 of 1953,Act 36 of 1957,1953
The Central Excises and Salt (Amendment) Act 1954,34 of 1954,Act 58 of 1960,1954
"The Central Excises and Salt (Amendment) Act, 1956",58 of 1956,Act 58 of 1960,1956
"The Central Excises and Salt (Amendment) Act, 1973",22 of 1973,Act 38 of 1978,1973
The Central Excises and Salt (Amendment) Act. 1957,49 of 1957,Act 58 of 1960,1957
"The Central Excises and Salt (Second Amendment) Act, 1973",58 of 1973,Act 38 of 1978,1973
"The Central Excises and Salt (Second Amendment) Act,1956",81 of 1956,Act 58 of 1960,1956
"The Central Industrial Security Force (Amendment) Act, 1989",20 of 1989,Act 30 of 2001,1989
"The Central Industrial Security Force (Amendment) Act, 2009",22 of 2009,Act 31 of 2019,2009
"The Central Labour Laws (Extension To Jammu & Kashmir) Act, 1970",51 of 1970,Act 23 of 2016,1970
"The Central Province Tenancy (Amendment) Act, 1899",21 of 1899,C.P. Act 1 of 1920,1899
"The Central Provinces Additional Rates Act, 1878",10 of 1878,Act 4 of 1907,1878
The Central Provinces Boiler Inspection Act 1907,2 of 1907,Act 5 of 1923,1907
"The Central Provinces Civil Courts (Amendemnt) Act, 1901",4 of 1901,Act 2 of 1904,1901
"The Central Provinces Civil Courts (Amendemnt) Act, 1910",11 of 1910,C.P. Act 1 of 1917,1910
"The Central Provinces Civil Courts Act, 1885",16 of 1885,Act 2 of 1904,1885
The Central Provinces Courts (Supplementary) Act 1935,8 of 1935,Act 1 of 1938,1935
The Central Provinces Courts Act 1904,2 of 1904,C.P. Act 1 of 1917,1904
The Central Provinces Government Wards Act 1885,17 of 1885,Act 24 of 1899,1885
The Central Provinces Land-revenue Act 1898,12 of 1898,Act 1 of 1938,1898
"The Central Provinces Land-revenue Act, 1889",16 of 1889,Act 1 of 1938,1889
The Central Provinces Laws Act 1875,20 of 1875,Act 04 of 2018,1875
The Central Provinces Laws Act 1879,2 of 1879,Act 1 of 1938,1879
The Central Provinces Local Self- Government Act 1883,1 of 1883,W.B Act 7 of 1948,1883
The Central Provinces Municipal Act 1873,11 of 1873,Act 18 of 1889,1873
"The Central Provinces Municipal Act, 1889",18 of 1889,Act 16 of 1903,1889
"The Central Provinces Tenancy Act, 1883",9 of 1883,Act 11 of 1898,1883
"The Central Provinces Tenancy Act, 1889",17 of 1889,Act 11 of 1898,1889
"The Central Provinces Village-sanitation Act, 1889",19 of 1889,Act 11 of 1902,1889
"The Central Provs. Addl. Judl. Commr. Act, 1896",19 of 1899,Act 2 of 1904,1896
The Central Road Fund Amendment Act 2007,28 of 2007,Act 31 of 2019,2007
The Central Sales Tax (Amendment) Act 1957,16 of 1957,Act 58 of 1960,1957
The Central Sales Tax (Amendment) Act 1958,5 of 1958,Act 58 of 1960,1958
"The Central Sales Tax (Amendment) Act, 1963",8 of 1963,Act 56 of 1974,1963
"The Central Sales Tax (Amendment) Act, 1969",28 of 1969,Act 23 of 2016,1969
"The Central Sales Tax (Amendment) Act, 2001",41 of 2001,Act 04 of 2018,2001
"The Central Sales Tax (Amendment) Act, 2005",3 of 2006,Act 4 of 2018,2006
The Central Sales Tax (Second Amendment) Act 1958,31 of 1958,Act 58 of 1960,1958
The Central Silk Board (Amendment) Act 1952,56 of 1952,Act 36 of 1957,1952
The Central Silk Board (Amendment) Act 1953,31 of 1953,Act 36 of 1957,1953
"The Central Silk Board (Amendment) Act, 1970",21 of 1970,Act 56 of 1974,1970
"The Central Silk Board (Amendment) Act, 1982",13 of 1982,Act 19 of 1988,1982
"The Central Silk Board (Amendment) Act, 2006",42 of 2006,Act 23 of 2016,2006
"The Central Tea Board (Amendment) Act, 1952 54 of 1952",,Act 23 of 2016,1952
The Central Tea Board Act 1949,13 of 1949,Act 29 of 1953,1949
"The Central Universities (Amendment) Act, 2019",15 of 2019,Act 37 of 2025,2019
"The Central Universities (Amendment) Act, 2021",27 of 2021,Act 37 of 2025,2021
"The Central Universities (Amendment) Act, 2023",36 of 2023,Act 37 of 2025,2023
"The Central Universities Law (Amendment) Act, 2008",25 of 2008,Act 4 of 2018,2008
"The Central University (Amendment) Act, 2009",38 of 2009,Act 31 of 2019,2009
"The Cess Law (Repealing And Amendment) Act, 2006",24 of 2006,Act 4 of 2018,2006
The Chandernagore (Merger) Act 1954,36 of 1954,Act 4 of 2018,1954
"The Chandigarh Disturbed Areas (Amendment) Act, 1989",15 of 1989,Act 30 of 2001,1989
"The Chaparmukh-Silghat Railway Line and the Katakhal-Lalabazar Railway Line (Nationalisation) Act, 1982",36 of 1982,Act 37 of 2025,1982
"The Charitable Endowments (Amendment) Act, 1982",56 of 1982,Act 19 of 1988,1982
"The Charitable and Religious Trusts (Amendment) Act, 1923",41 of 1923,"Sec 2 and Sch, Act 1 of 1938",1923
"The Charted Accountants (Amendment) Act, 1959",15 of 1959,Act 52 of 1964,1959
The Chartered Accountants (Amendment) Act 1955,40 of 1955,Act 58 of 1960,1955
"The Chartered Accountants (Amendment) Act, 2006",9 of 2006,Act 23 of 2016,2006
"The Chartered Accountants (Amendment) Act, 2011",3 of 2012,"Act, 23 of 2016",2012
The Chemical Weapons Convention (Amendment) Act 2012,36 of 2012,"Act, 19 of 2015",2012
The Chief Commissioners&apos; Power Act 1867,32 of 1867,Act 1 of 1938,1867
"The Chief Election Commissioner and Other Election Commissioners (Conditions of Service) Amendment Act, 1993",4 of 1994,Act 30 of 2001,1994
The Child Marriage Restraint (Amendment) Act 1978,2 of 1978,Act 19 of 1988,1978
"The Child Marriage Restraint (Amendment) Act, 1938",7 of 1938,Act 25 of 1942,1938
"The Child Marriage Restraint (Amendment) Act, 1949",41 of 1949,Act 48 of 1952,1949
"The Child Marriage Restraint (Second Amendment) Act, 1938",19 of 1938,Act 25 of 1942,1938
"The Child Marriage Restraint Act, 1928",19 of 1929,Act 6 of 2007,1929
The Children (Amendment) Act 1978,15 of 1978,Act 19 of 1988,1978
The Children (Pledging of Labour) Act 1933,2 of 1933,Act 23 of 2016,1933
"The Children Act, 1960",60 of 1960,Act 53 of 1986,1960
"The Chit Fund (Amendment) Act, 2001",10 of 2001,Act 19 of 2015,2001
"The Chit Funds (Amendment) Act, 2019",41 of 2019,Act 37 of 2025,2019
"The Chittagong Port (Amendment) Act, 1928",11 of 1928,"Sec 2 and Sch, Act 1 of 1938",1928
"The Chittagong Port (Amendment) Act, 1936",20 of 1936,Act 32 of 1940,1936
"The Chittagong Port (Amendment) Act, 1939",21 of 1939,Act 25 of 1942,1939
The Christian Marriage Vaidation Act 1892,2 of 1892,Act 2 of 2018,1892
The Church of Scotland Kirk Sessions Act 1899,23 of 1899,Act 2 of 2018,1899
"The Chutia Nagpur Encumbered Estates (Amendment) Act, 1884",5 of 1884,Act 1 of 1938,1884
"The Cigarettes (Regulation of Production, Supply and Distribution) Act 1975",49 of 1975,Act 34 of 2003,1975
"The Cigarettes and Other Tobacco Products (Prohibition of Advertisement and Regulation of Trade and Commerce, Production, Supply and Distribution) Amendment Act 2007, 38 of 2007, (Rep., Act 23 of 2016),",,,2007
"The Cine- Workers Welfare Fund (Amendment) Act, 2001",56 of 2001,Act 23 of 2016,2001
The Cine-Workers Welfare Cess (Amendment) Act 1993,37 of 1993,Act 30 of 2001,1993
The Cine-Workers Welfare Fund (Amendment) Act 1987,26 of 1987,30 of 2000,1987
"The Cine-Workers Welfare Fund Act, 1981",33 of 1981,Act 36 of 2020,1981
"The Cine-Workers and Cinema Theatre Workers (Regulation of Employment) Act, 1981",50 of 1981,Act 37 of 2020,1981
"The Cine-Workers and Cinema Theatre Workers (Regulation of Employment) Amendment Act, 1988 35 of 1988",,Act 30 of 2001,1988
The Cine-workers Welfare Cess Act 1981,30 of 1981,Act 02 of 2018,1981
The Cinematograph (Amendment) Act 1953,19 of 1953,Act 36 of 1957,1953
The Cinematograph (Amendment) Act 1981,49 of 1981,Act 19 of 1988,1981
"The Cinematograph (Amendment) Act, 1919",23 of 1919,Act 1 of 1938,1919
"The Cinematograph (Amendment) Act, 1949",39 of 1949,Act 48 of 1952,1949
"The Cinematograph (Amendment) Act, 1959",3 of 1959,Act 52 of 1964,1959
"The Cinematograph (Amendment) Act, 1974",27 of 1974,Act 49 of 1981,1974
"The Cinematograph (Amendment) Act, 1984",56 of 1984,Act 19 of 1988,1984
"The Cinematograph (Amendment) Act, 2023",12 of 2023,Act 37 of 2025,2023
The Citizenship (Amendment) Act 1957,65 of 1957,Act 58 of 1960,1957
The Citizenship (Amendment) Act 1985,65 of 1985,Act 30 of 2001,1985
"The Citizenship (Amendment) Act, 1986",51 of 1986,Act 30 of 2001,1986
"The Citizenship (Amendment) Act, 1992",39 of 1992,Act 30 of 2001,1992
"The Citizenship (Amendment) Act, 2003",6 of 2004,Act 19 of 2015,2004
"The Citizenship (Amendment) Act, 2005",32 of 2004,Act 19 of 2015,2005
"The Civil Courts Amins Act, 1856",12 of 1856,Act 22 of 2001,1856
"The Civil Courts Central Provinces Amending Act 16 of 1885, Act 1890",4 of 1890,Act 2 of 1904,1890
"The Civil Defence (Amendment) Act, 2009",3 of 2010,Act 31 of 2019,2010
"The Civil Procedure Code Amendment Act, 1894",5 of 1894,Act 5 of 1908,1894
"The Civil Procedure Code Amendment Act, 1895",13 of 1895,Act 5 of 1908,1895
"The Civil Procedure code Amendment Act, 1888",7 of 1888,Act 16 of 1908,1888
The Co-Operative Credit Societies Act 1904,10 of 1904,Act 2 of 1912,1904
"The Coal Bearing Areas (Acquisition and Development) Amendment Act, 1969",23 of 1969,Act 23 of 2016,1969
"The Coal Bearing Areas (Acquisition and Development) Amendment and The whole Validation Act, 1971, 54 of 1971 (Rep., Act 2 of 2018",,,1971
The Coal Bearing Areas (Acquisition and Development) Amendment) Act. 1956,51 of 1957,Act 58 of 1960,1957
"The Coal Grading Board (Repeal) Act, 1959",17 of 1959,Act 23 of 2016,1959
The Coal Grading Board Act 1925,31 of 1925,Act 17 of 1959,1925
"The Coal Mines (Conservation and Development) Act, 1974",28 of 1974,Act 37 of 2023,1974
The Coal Mines (Conservation and Development) Amendment Act 1985,55 of 1985,Act 30 of 2001,1985
The Coal Mines (Conservation and Safety) Act 1952,12 of 1952,Act 28 of 1974,1952
"The Coal Mines (Conservation and Safety) Amendment Act, 1961",24 of 1961,Act 52 of 1964,1961
"The Coal Mines (Conservation and Safety) Amendment Act, 1970",52 of 1970,Act 56 of 1974,1970
"The Coal Mines (Nationalisation) Act, 1973",26 of 1973,Act 4 of 2018,1973
The Coal Mines (Nationalisation) Amendment Act 1976,67 of 1976,Act 19 of 1988,1976
The Coal Mines (Nationalisation) Amendment Act 1993,47 of 1993,Act 30 of 2001,1993
"The Coal Mines (Taking over of Mangament) Act, 1973",15 of 1973,Act 23 of 2016,1973
"The Coal Mines Labour Welfare Fund (Amendment) Act, 1949",28 of 1949,Act 48 of 1952,1949
"The Coal Mines Labour Welfare Fund (Amendment) Act, 1972",70 of 1972,Act 38 of 1978,1972
The Coal Mines Labour Welfare Fund Act 1947,32 of 1947,Act 27 of 1986,1947
The Coal Mines Provident Fund and Bonus Schemes (Amendment) Act 1951,21 of 1951,Act 36 of 1957,1951
"The Coal Mines Provident Fund and Bonus Schemes (Amendment) Act, 1950",80 of 1950,Act 36 of 1957,1950
"The Coal Mines Provident Fund and Miscellaneous Provisions (Amendment) Act, 1996",23 of 1996,Act 30 of 2001,1996
"The Coal Mines Safety (Stowing) (Amendment) Act, 1940",11 of 1940,Act 06 of 1945,1940
The Coal Mines Safety (Stowing) Act 1939,19 of 1939,Act 12 of 1952,1939
The Coal Mines Safety (Stowing) Amendment Act 1951,17 of 1951,Act 36 of 1957,1951
"The Coast Guard (Amendment) Act, 2002",44 of 2002,Act 23 of 2016,2002
"The Coastal Aquaculture Authority (Amendment) Act, 2023",27 of 2023,Act 37 of 2025,2023
"The Coasting Vessels Act, 1838",19 of 1838,Act 24 of 2025,1838
The Cochin Port Act 1936,6 of 1936,Act 32 of 1940,1936
The Coconut Development Board (Amendment) Act 1987,21 of 1987,Act 30 of 2001,1987
"The Coconut Development Board (Amendment) Act, 2021",22 of 2021,Act 37 of 2025,2021
"The Code Civil Procedure (Amendment) Act, 1949",32 of 1949,Act 48 of 1952,1949
"The Code Criminal Procedure (Amendment) Act, 1941",14 of 1941,Act 06 of 1954,1941
"The Code Criminal Procedure (Second Amendment) Act, 1941",15 of 1941,Act 06 of 1945,1941
"The Code Of Civil Criminal Procedure (Amendment) Act, 1949",9 of 1949,Act 48 of 1952,1949
"The Code Of Civil Procedure (Amendment) Act, 1937",8 of 1937,Act 25 of 1942,1937
"The Code Of Civil Procedure (Second Amendment) Act, 1937",9 of 1937,Act 25 of 1942,1937
The Code Of Criminal Procedure (Amendment) Act 2008,5 of 2009,Act 19 of 2015,2009
"The Code Of Criminal Procedure (Amendment) Act, 2001",50 of 2001,Act 02 of 2018,2001
"The Code fo Civil Procedure (Second Amendment) Act, 1923",29 of 1923,"Sec 2 and Sch, Act 1 of 1938",1923
The Code of Civil And Criminal Procedure (Amendment) Act 1951,24 of 1951,Act 36 of 1957,1951
The Code of Civil Procedure (Amendment) Act 1952,71 of 1952,Act 36 of 1957,1952
The Code of Civil Procedure (Amendment) Act 1963,26 of 1963,Act 56 of 1974,1963
"The Code of Civil Procedure (Amendment) Act, 1920",24 of 1920,Act 1 of 1938,1920
"The Code of Civil Procedure (Amendment) Act, 1921",3 of 1921,"Sec 2 and the Sch, Act 1 of 1938",1921
"The Code of Civil Procedure (Amendment) Act, 1923",26 of 1923,"Sec 2 and Sch, Act 1 of 1938",1923
"The Code of Civil Procedure (Amendment) Act, 1925",20 of 1925,"Sec 2 and Sch, Act 1 of 1938",1925
"The Code of Civil Procedure (Amendment) Act, 1926",6 of 1926,"Sec 2 and Sch, Act 1 of 1938",1926
"The Code of Civil Procedure (Amendment) Act, 1932",10 of 1932,Act 1 of 1938,1932
"The Code of Civil Procedure (Amendment) Act, 1936",21 of 1936,Act 32 of 1940,1936
"The Code of Civil Procedure (Amendment) Act, 1940",34 of 1940,Act 06 of 1945,1940
"The Code of Civil Procedure (Amendment) Act, 1942",23 of 1942,Act 02 of 1948,1942
"The Code of Civil Procedure (Amendment) Act, 1948",6 of 1948,Act 35 of 1950,1948
"The Code of Civil Procedure (Amendment) Act, 1951",2 of 1951,Act 02 of 2018,1951
"The Code of Civil Procedure (Amendment) Act, 1956",66 of 1956,Act 02 of 2018,1956
"The Code of Civil Procedure (Amendment) Act, 1973",49 of 1973,Act 38 of 1978,1973
"The Code of Civil Procedure (Amendment) Act, 2002",22 of 2002,Act 2 of 2018,2002
The Code of Civil Procedure (Second Amendment) Act 1951,19 of 1951,Act 36 of 1957,1951
"The Code of Civil Procedure (Second Amendment) Act, 1926",22 of 1926,"Sec 2 and Sch, Act 1 of 1938",1926
"The Code of Civil Procedure (Second Amendment) Act, 1942",24 of 1942,Act 02 of 1948,1942
"The Code of Civil Procedure (Third Amendment) Act, 1937",16 of 1937,Act 25 of 1942,1937
The Code of Civil Procedure Act 1859,8 of 1859,Act 10 of 1877,1859
The Code of Civil Procedure Act 1861,23 of 1861,Act 10 of 1877,1861
The Code of Civil Procedure Act 1877,10 of 1877,Act 14 of 1882,1877
The Code of Civil Procedure Act 1882,14 of 1882,Act 5 of 1908,1882
"The Code of Criminal Procedure ( Further Amendment) Act, 1923",35 of 1923,"Sec 2 and Sch, Act 1 of 1938",1923
The Code of Criminal Procedure (Amendment) Act 1952,23 of 1952,Act 36 of 1957,1952
The Code of Criminal Procedure (Amendment) Act 1955,26 of 1955,Act 58 of 1960,1955
The Code of Criminal Procedure (Amendment) Act 1956,39 of 1956,Act 58 of 1960,1956
The Code of Criminal Procedure (Amendment) Act 1960,56 of 1960,Act 56 of 1964,1960
The Code of Criminal Procedure (Amendment) Act 1978,45 of 1978,Act 19 of 1988,1978
The Code of Criminal Procedure (Amendment) Act 1990,10 of 1990,Act 30 of 2001,1990
"The Code of Criminal Procedure (Amendment) Act, 1923",18 of 1923,"Sec 2 and Sch, Act 1 of 1938",1923
"The Code of Criminal Procedure (Amendment) Act, 1932",21 of 1932,Act 1 of 1938,1932
"The Code of Criminal Procedure (Amendment) Act, 1940",35 of 1940,Act 06 of 1945,1940
"The Code of Criminal Procedure (Amendment) Act, 1951",1 of 1951,Act 2 of 2018,1951
"The Code of Criminal Procedure (Amendment) Act, 1988",32 of 1988,Act 30 of 2001,1988
"The Code of Criminal Procedure (Amendment) Act, 1991",43 of 1991,Act 30 of 2001,1991
"The Code of Criminal Procedure (Amendment) Act, 1993",40 of 1993,Act 30 of 2001,1993
"The Code of Criminal Procedure (Amendment) Act, 2010",41 of 2010,Act 19 of 2015,2010
The Code of Criminal Procedure (Second Amendment) Act 1952,64 of 1952,Act 36 of 1957,1952
"The Code of Criminal Procedure (Second Amendment) Act, 1923",37 of 1923,"Sec 2 and Sch, Act 1 of 1938",1923
"The Code of Criminal Procedure (Second Amendment) Act, 1926",10 of 1926,"Sec 2 and Sch, Act 1 of 1938",1926
"The Code of Criminal Procedure (Second Amendment) Act, 1949",15 of 1949,Act 48 of 1952,1949
"The Code of Criminal Procedure (Third Amendment) Act, 1926",36 of 1926,"Sec 2 and Sch, Act 1 of 1938",1926
The Code of Criminal Procedure Act 1861,25 of 1861,Act 10 of 1872,1861
The Code of Criminal Procedure Act 1872,10 of 1872,Act 10 of 1882,1872
The Code of Criminal Procedure Act 1882,10 of 1882,Act 5 of 1898,1882
The Code of Criminal Procedure Act 1898,5 of 1898,Act 2 of 1974,1898
"The Code of Criminal Procedure Amendment Act, 1980",63 of 1980,Act 02 of 2018,1980
The Code of criminal Procedure (Amendment) Act 1958,26 of 1958,Act 58 of 1960,1958
The Coffee (Amendment) Act 1985,48 of 1985,Act 30 of 2001,1985
"The Coffee (Amendment) Act, 1961",48 of 1961,Act 52 of 1964,1961
"The Coffee (Amendment) Act, 1994",23 of 1994,Act 30 of 2001,1994
The Coffee Marker Expansion (Amendment) Act 1954,50 of 1953,Act 58 of 1960,1954
"The Coffee Market Expansion (Amendment) Act, 1949",34 of 1949,Act 48 of 1952,1949
"The Coinage (Amendment) Act, 1985, 33 of 1985 (Rep., Act 30 of 2001",,,1985
"The Coinage Act, 1906",3 of 1906,Act 11 of 2011,1906
The Coir Industry (Amendment) Act 1964,25 of 1964,Act 56 of 1974,1964
The Coir Industry (Amendment) Act 1994,41 of 1994,Act 30 of 2001,1994
"The Coking Coal Mines (Emergency Provisions) Act, 1971",64 of 1971,Act 23 of 2016,1971
"The Coking Coal Mines (Nationalisation) Act, 1972",36 of 1972,Act 4 of 2018,1972
"The Coking and Non-coking Coal Mines (Nationalisation) Amendment Act, 1973",41 of 1973,Act 38 of 1978,1973
"The Collection of Statistics (Amendment) Act, 2017",21 of 2017,Act 31 of 2019,2017
The Collection of Statistics Act 1953,32 of 1953,Act 7 of 2009,1953
"The Colonial Courts of Admiralty, 1891",16 of 1891,Act 22 of 2017,1891
"The Colonial Prisoners Removal (Repeal) Act, 2001",12 of 2001,Act 2 of 2018,2001
The Commanders-in-Chief (Change in Designation) Act 1955,19 of 1955,Act 4 of 2018,1955
"The Commercial Courts, Commercial Division and Commercial Appellate Division of High Courts (Amendment) Act, 2018",28 of 2018,Act 37 of 2025,2018
The Commission of Inquiry (Amendment) Act 1988,63 of 1988,Act 30 of 2001,1988
"The Commissioner in Sindh (Delegation of Powers) Act, 1868",05 of 1868,Reg. 6 of 1936,1868
The Commissions for Protection of Child Rights (Amendment) Act 2006,4 of 2007,Act 23 of 2016,2007
The Commissions of Inquiry (Amendment) Act 1986,36 of 1986,Act 30 of 2001,1986
The Commissions of Inquiry (Amendment) Act 1990,19 of 1990,Act 30 of 2001,1990
The Companies (Amendment) Act 1977,46 of 1977,Act 19 of 1988,1977
The Companies (Amendment) Act 2015,21 of 2015,Act 31 of 2019,2015
"The Companies (Amendment) Act, 1960",65 of 1960,Act 23 of 2016,1960
"The Companies (Amendment) Act, 1962, 1962",43 of 1962,Act 23 of 2016,1962
"The Companies (Amendment) Act, 1963",53 of 1963,Act 23 of 2016,1963
"The Companies (Amendment) Act, 1964",32 of 1964,Act 23 of 2016,1964
"The Companies (Amendment) Act, 1965",31 of 1965,Act 23 of 2019,1965
"The Companies (Amendment) Act, 1966",34 of 1966,Act 56 of 1974,1966
"The Companies (Amendment) Act, 1969",17 of 1969,Act 23 of 2016,1969
"The Companies (Amendment) Act, 1971",80 of 1971,Act 38 of 1978,1971
"The Companies (Amendment) Act, 1974",41 of 1974,Act 38 of 1978,1974
"The Companies (Amendment) Act, 1985",35 of 1985,Act 30 of 2001,1985
"The Companies (Amendment) Act, 1996",5 of 1997,Act 30 of 2001,1997
"The Companies (Amendment) Act, 1999",21 of 1999,23 of 2016,1999
"The Companies (Amendment) Act, 2000",53 of 2000,Act 23 of 2016,2000
"The Companies (Amendment) Act, 2002",1 of 2003,Act 23 of 2016,2003
"The Companies (Amendment) Act, 2006",23 of 2006,Act 23 of 2016,2006
"The Companies (Amendment) Act, 2017",1 of 2018,Act 37 of 2023,2018
"The Companies (Second Amendment) Act, 1966",37 of 1966,Act 23 of 2016,1966
"The Companies (Second) Amendment Act, 2002",11 of 2003,Act 19 of 2015,2003
"The Companies (Surcharge on Income-Tax) Act, 1971",62 of 1971,Act 20 of 2000,1971
"The Companies (Temporary Restrictions on Dividends) Act, 1974",35 of 1974,Act 24 of 2000,1974
The Companies (Temporary Restrictions on Dividends) Amendment Act 1975,28 of 1975,Act 38 of 1978,1975
The Companies Act 1956,1 of 1956,Act 18 of 2013,1956
"The Companies Tribunal (Abolition) Act, 1967",17 of 1967,Act 56 fo 1974,1967
"The Companies(Amendment) Act, 2001",57 of 2001,Act 23 of 2016,2001
"The Company Secretaries (Amendment) Act, 2006",8 of 2006,Act 23 of 2016,2006
"The Company Secretaries (Amendment) Act, 2011",4 of 2012,"Act, 23 of 2016",2012
The Competition (Amendment) Act 2007,39 of 2007,Act 04 of 2018,2007
"The Competition (Amendment) Act, 2009",39 of 2009,Act 04 of 2018,2009
"The Competition (Amendment) Act, 2023",9 of 2023,Act 37 of 2025,2023
"The Comptoir National d?Escompte de Paris Act, 1890",7 of 1890,Act 36 of 1957,1890
The Comptroller and Auditor-General (Conditions of Service) Act 1953,21 of 1953,Act 56 of 1971,1953
"The Comptroller and Auditor-General's (Duties, Power and Conditions of Service) Amendment Act 1994",51 of 1994,Act 30 of 2001,1994
"The Comptroller and Auditor-Generalâ??s (Duties, Powers and Conditions of Service) Amendment Act 1987",50 of 1987,Act 30 of 2001,1987
"The Comptroller and Auditor-Generalâ??s (Duties, Powers and Conditions of Service) Amendment Act, 1976",58 of 1976,Act 19 of 1988,1976
"The Comptroller and Auditor-Generalâ??s (Duties, Powers and Conditions of Service) Amendment Act, 1984",2 of 1984,Act 19 of 1988,1984
"The Compulsory Deposit Scheme (Income-tax Payers) Act, 1974",38 of 1974,Act 22 of 1995,1974
The Compulsory Deposit Scheme (Income-tax Payers) Amendment Act 1985,25 of 1985,Act 30 of 2001,1985
"The Compulsory Deposit Scheme Act, 1963",21 of 1963,Act 23 of 2016,1963
The Conservation of Foreign Exchange and Prevention of Smuggling Activities (Amendment) Act 1987,23 of 1987,Act 30 of 2001,1987
The Conservation of Foreign Exchange and Prevention of Smuggling Activities (Amendment) Act 1990,27 of 1990,Act 30 of 2001,1990
The Conservation of Foreign Exchange and Prevention of Smuggling Activities (Amendment) Act 1993,52 of 1993,Act 30 of 2001,1993
"The Conservation of Foreign Exchange and Prevention of Smuggling Activities (Amendment) Act, 1976",20 of 1976,Act 19 of 1988,1976
"The Conservation of Foreign Exchange and Prevention of Smuggling Activities (Amendment) Act, 1984",58 of 1984,Act 19 of 1988,1984
"The Conservation of Foreign Exchange and Prevention of Smuggling Activities (Amendment) Act, 1996",15 of 1996,Act 30 of 2001,1996
The Consolidated Customs Act 1863,6 of 1863,Act 8 of 1878,1863
The Consolidated Customs Act Amendment Act 1868,10 of 1868,Act 8 of 1878,1868
"The Constitution (Scheduled Caste and Scheduled Tribes) Amendment Act, 2002",25 of 2002,Act 23 of 2016,2002
"The Constitution (Scheduled Caste and Scheduled Tribes) Orders (Amendment) Act, 2002",32 of 2002,Act 23 of 2016,2002
"The Constitution (Scheduled Castes and Scheduled Tribes) Orders (Second Amendment) Act, 2022",20 of 2022,Act 37 of 2025,2022
"The Constitution (Scheduled Castes) Orders (Second Amendment) Act, 2002",61 of 2002,Act 23 of 2016,2002
"The Constitution (Scheduled Tribes) (Union Territories) Order (Amendment) Act, 2008",2 of 2009,Act 23 of 2016,2009
The Constitution (Scheduled Tribes) Order (Amendment) Act 2012,24 of 2012,"Act, 23 of 2016",2012
The Constitution (Scheduled Tribes) Order (Amendment) Act 2013,24 of 2013,Act 23 of 2016,2013
"The Constitution (Scheduled Tribes) Order (Amendment) Act, 1987",43 of 1987,Act 23 of 2016,1987
"The Constitution (Scheduled Tribes) Order (Amendment) Act, 2003",47 of 2003,Act 23 of 2016,2003
"The Constitution (Scheduled Tribes) Order (Amendment) Act, 2008",14 of 2008,Act 23 of 2016,2008
"The Constitution (Scheduled Tribes) Order (Amendment) Act, 2011",2 of 2012,"Act, 23 of 2016",2012
"The Constitution (Scheduled Tribes) Order (Amendment) Act, 2020",4 of 2020,Act 37 of 2025,2020
"The Constitution (Scheduled Tribes) Order (Amendment) Act, 2021",32 of 2021,Act 37 of 2025,2021
"The Constitution (Scheduled Tribes) Order (Amendment) Act, 2022",9 of 2022,Act 37 of 2025,2022
"The Constitution (Scheduled Tribes) Order (Amendment) Act, 2023",13 of 2023,Act 37 of 2025,2023
"The Constitution (Scheduled Tribes) Order (Fourth Amendment) Act, 2022",2 of 2023,Act 37 of 2025,2023
"The Constitution (Scheduled Tribes) Order (Second Amendment) Act, 2022",1 of 2023,Act 37 of 2025,2023
"The Constitution (Scheduled Tribes) Order (Second Amendment) Act, 2023",14 of 2023,Act 37 of 2025,2023
The Consumer Protection (Amendment) Act 1993,50 of 1993,Act 30 of 2001,1993
"The Consumer Protection (Amendment) Act, 1991",34 of 1991,Act 23 of 2016,1991
"The Consumer Protection (Amendment) Act, 2002",62 of 2002,Act 19 of 2015,2002
"The Consumer Protection Act, 1986",68 of 1986,Act 35 of 2019,1986
"The Contempt of Courts (Amendment) Act, 1937",12 of 1937,Act 25 of 1942,1937
"The Contempt of Courts (Amendment) Act, 1976",45 of 1976,Act 19 of 1988,1976
"The Contempt of Courts (Amendment) Act, 2006",6 of 2006,Act 19 of 2015,2006
The Contempt of Courts Act 1926,12 of 1926,Act 32 of 1952,1926
"The Contempt of Courts Act, 1952",32 of 1952,Act 70 of 1971,1952
"The Contingency Fund of India (Amendment) Act, 1970",20 of 1970,Act 56 of 1974,1970
"The Contingency Fund of India (Amendment) Act, 1972",10 of 1972,Act 38 of 1978,1972
"The Contingency Fund of India (Amendment) Act, 1976",81 of 1976,Act 19 of 1988,1976
"The Contingency Fund of India (Amendment) Act, 1980",4 of 1980,Act 19 of 1988,1980
"The Contingency Fund of India (Amendment) Act, 1982",51 of 1982,Act 19 of 1988,1982
"The Contingency Fund of India (Amendment) Act, 1994",1 of 1995,Act 30 of 2001,1995
"The Contingency Fund of India (Amendment) Act, 1998",4 of 1998,Act 30 of 2001,1998
"The Contingency Fund of India (Amendment) Act, 1999",29 of 1999,Act 2 of 2018,1999
The Continuance of Legal Proceedings Act 1948,38 of 1948,Act 23 of 2016,1948
The Continuing Act 1910,17 of 1910,Act 10 of 1911,1910
The Contonments (Amendment) Act 1954,2 of 1954,Act 58 of 1960,1954
"The Contonments (Amendment) Act, 1919",22 of 1919,Act 2 of 1924,1919
The Contonments Act 1910,15 of 1910,Act 2 of 1924,1910
"The Contract Labour (Regulation and Abolition) Act, 1970",37 of 1970,Act 37 of 2020,1970
"The Contract Labour (Regulation and Abolition) Amendment Act, 1986",14 of 1986,Act 30 of 2001,1986
The Control of Shipping (Amendment) Act 1952,17 of 1952,Act 36 of 1957,1952
"The Control of Shipping (Amendment) Act, 1948",27 of 1948,Act 35 of 1950,1948
"The Control of Shipping (Amendment) Act, 1950",8 of 1950,Act 36 of 1957,1950
"The Control of Shipping (Amendment) Act, 1954",9 of 1954,Act 23 of 2016,1954
The Control of Shipping (Continuance) Act 1956,10 of 1956,Act 23 of 2016,1956
The Control of Shipping (Continuance) Act 1958,9 of 1958,Act 23 of 2016,1958
The Control of Shipping Act 1947,26 of 1947,Act 44 of 1958,1947
"The Converts' Marriage Dissolution Act, 1866",21 of 1866,Act 2 of 2018,1866
The Cooch-Behar (Assimilation of Laws) Act 1950,67 of 1950,Act 4 of 2018,1950
"The Copra Cess Act, 1979",4 of 1979,Act 4 of 1987,1979
The Copulsory Deposit Scheme (Income-Tax Payers) Amendment Act 1981,23 of 1981,Act 19 of 1988,1981
"The Copyright (Amendment) Act, 1983",23 of 1983,Act 19 of 1988,1983
"The Copyright (Amendment) Act, 1984",65 of 1984,Act 19 of 1988,1984
"The Copyright (Amendment) Act, 1994",38 of 1994,Act 30 of 2001,1994
"The Copyright (Amendment) Act, 1999",49 of 1999,Act 4 of 2018,1999
The Copyright Amendment) Act 2012,27 of 2012,"Act, 04 of 2018",2012
"The Coroner's (Amendment) Act, 1908",4 of 1908,Act 1 of 1938,1908
"The Coroners (Madras) Act, 1889",5 of 1889,Act 1 of 1938,1889
"The Coroners Act, 1871",04 of 1871,Act 37 of 2023,1871
The Cost And Works Accountants (Amendment) Act 2011,10 of 2012,"Act, 23 of 2016",2012
"The Cost And Works Accountants (Amendment) Act, 2006",7 of 2006,Act 23 of 2016,2006
"The Cotton Cloth (Repeal) Act, 2000",25 of 2000,Act 23 of 2016,2000
The Cotton Cloth Act 1918,23 of 1918,Act 25 of 2000,1918
The Cotton Duties Act 1894,17 of 1894,Act 2 of 1938,1894
The Cotton Duties Act 1895,2 of 1896,Act 19 of 1926,1896
"The Cotton Fabrics (Additional Excise Duty) (Repeal) Act, 1967",26 of 1967,Act 56 of 1974,1967
The Cotton Fabrics (Additional Excise Duty) Act 1957,33 of 1957,Act 26 of 1967,1957
"The Cotton Ginning and Pressing Factories (Amendment) Act, 1939",14 of 1939,Act 25 of 1942,1939
"The Cotton Ginning and Pressing Factories (Repeal) Act, 1998",2 of 1998,Act 23 of 2016,1999
The Cotton Ginning and Pressing Factories Act 1925,12 of 1925,Act 2 of 1999,1925
"The Cotton Ginning and Pressing factories (Amendment) Act, 1942",9 of 1942,Act 02 of 1948,1942
The Cotton Industry (Statistics) Act 1926,20 of 1926,Act 36 of 1957,1926
The Cotton Textile Cess Act 1948,7 of 1948,Act 19 of 2000,1948
"The Cotton Textile Companies (Management of Undertakings and Liquidation or Reconstruction) Act, 1967",29 of 1967,Act 72 of 1971,1967
The Cotton Textile Industry (Protection) Act 1930,17 of 1930,Act 32 of 1934,1930
"The Cotton Textile Industry Protection (Amendment) Act, 1933",4 of 1933,Act 32 of 1934,1933
"The Cotton Textile Industry Protection (Amendment) Act, 1934",6 of 1934,Act 32 of 1934,1934
"The Cotton Textile Industry Protection (Second Amendment) Act, 1933",20 of 1933,Act 32 of 1934,1933
"The Cotton Textiles Cess (Repeal) Act, 2000",19 of 2000,Act 23 of 2016,2000
"The Cotton Transport (Amendment) Act, 1925",34 of 1925,"Sec 2 and Sch, Act 1 of 1938",1925
"The Cotton Transport Act, 1923",3 of 1923,"Sec 2, Act 19 of 1995",1923
"The Cotton Transport Repeal Act, 1995",19 of 1995,Act 30 of 2001,1995
"The Countess of Dufferin's Fund (Repeal) Act, 2002",65 of 2002,Act 4 of 2018,2002
The Countess of Dufferin's Fund Act 1957,63 of 1957,Act 65 of 2002,1957
"The Court - fees Amendment Act, 1899",11 of 1899,Act 1 of 1938,1899
"The Court of Wards Act (Bengal) Amendment Act, 1892",4 of 1892,Act 1 of 1938,1892
The Court-fees (Amendment) Act 1905,6 of 1905,Act 1 of 1938,1905
"The Court-fees (Amendment) Act, 1901",10 of 1901,Act 1 of 1938,1901
"The Court-fees (Amendment) Act, 1910",7 of 1910,Act 1 of 1938,1910
"The Court-fees (Amendment) Act, 1911",14 of 1911,1 of 1938,1911
"The Court-fees (Amendment) Act, 1922",19 of 1922,"Sec 2 and Sch, Act 1 of 1938",1922
"The Court-fees (amending Act 7 of 1870) Act, 1900",9 of 1900,Act 18 of 1928,1900
"The Cowasjee Jehangir Baronetcy Act, 1911",19 of 1911,Maha Act 26 of 1965,1911
"The Criminal Justice, Aden (Amendment) Act, 1918, 5 of 1918 (Not in force in India)",,,1918
The Criminal Law (Amendment) Act 2013,13 of 2013,Act 23 of 2016,2013
"The Criminal Law (Amendment) Act, 1927",25 of 1927,"Sec 2 and Sch, Act 1 of 1938",1927
"The Criminal Law (Amendment) Act, 1932",23 of 1932,Act 56 of 1951,1932
"The Criminal Law (Amendment) Act, 1938",20 of 1938,Act 04 of 2018,1938
"The Criminal Law (Amendment) Act, 1939",22 of 1939,Act 25 of 1942,1939
"The Criminal Law (Amendment) Act, 1972",31 of 1972,Act 38 of 1978,1972
"The Criminal Law (Amendment) Act, 1983",43 of 1983,Act 19 of 1988,1983
"The Criminal Law (Amendment) Act, 1993",42 of 1993,Act 30 of 2001,1993
"The Criminal Law (Amendment) Act, 2005",2 of 2006,Act 19 of 2015,2006
The Criminal Law (Removal of Racial Discriminations) Act 1949,17 of 1949,Act 48 of 1952,1949
"The Criminal Law (Second Amendment) Act, 1983",46 of 1983,Act 19 of 1988,1983
The Criminal Law Amendment (Amending) Act 1990,9 of 1990,Act 30 of 2001,1990
"The Criminal Law Amendment (Amending) Act, 1985",44 of 1985,Act 30 of 2001,1985
The Criminal Law Amendment Act 1952,46 of 1952,Act 49 of 1988,1952
The Criminal Law Amendment Act 1958,2 of 1958,Act 58 of 1960,1958
"The Criminal Law Amendment Act, 1950",14 of 1950,Act 36 of 1957,1950
"The Criminal Law Amendment Act, 1959",41 of 1959,Act 02 of 2018,1959
"The Criminal Law Amendment, Act, 1961",23 of 1961,52 of 1964,1961
"The Criminal Procedure Code (1882) Amendment Act, 1891",4 of 1891,Act 5 of 1998,1891
"The Criminal Procedure Code (1882) Amendment Act, 1894",10 of 1894,Act 5 of 1898,1894
"The Criminal Procedure Code (1882) Amendment Act, 1895",4 of 1895,Act 5 of 1898,1895
"The Criminal Procedure Code (1882) Amendment Act, 1896",13 of 1896,Act 5 of 1898,1896
"The Criminal Procedure Code Amendment Act, 1884",3 of 1884,Act 5 of 1898,1884
"The Criminal Procedure code (1882) Amendment Act, 1887",5 of 1887,Act 5 of 1898,1887
"The Criminal Tribe (Amendment) Act, 1947",01 of 1947,Act 35 of 1950,1947
The Criminal Tribes (Amendment) Act 1923,1 of 1923,Act 6 of 1924,1923
"The Criminal Tribes (Amendment) Act, 1925",33 of 1925,"Sec 2 and Sch, Act 1 of 1938",1925
The Criminal Tribes Act 1871,27 of 1871,Act 3 of 1911,1871
The Criminal Tribes Act 1924,6 of 1924,Act 24 of 1952,1924
"The Criminal Tribes Act Amendment Act, 1897",2 of 1897,Act 3 of 1911,1897
"The Criminal Tribes Act, 1911",3 of 1911,Act 6 of 1924,1911
The Criminal Tribes Laws (Repeal) Act 1952,24 of 1952,Act 36 of 1957,1952
The Currency Act 1927,4 of 1927,Act 2 of 1934,1927
The Currency Act Amendment Act 1866,1 of 1866,Act 3 of 1871,1866
The Currency Conversion (Army Annual) Act 1899,19 of 1899,Act 1 of 1838,1899
The Currency-Notes Forgery Act 1899,12 of 1899,Act 1 of 1938,1899
The Custom (Amendment and Validation) Act 2011,14 of 2011,Act 31 of 2019,2011
"The Customs (Amendment) Act, 1966",20 of 1966,Act 56 of 1974,1966
"The Customs (Amendment) Act, 1969",12 of 1969,Act 56 of 1974,1969
"The Customs (Amendment) Act, 1985",80 of 1985,Act 4 of 2018,1985
"The Customs (Amendment) Act, 1988",27 of 1988,Act 30 of 2001,1988
"The Customs (Amendment) Act, 1989",40 of 1989,Act 30 of 2001,1989
"The Customs (Amendment) Act, 1991",55 of 1991,Act 30 of 2001,1991
"The Customs (Amendment) Act, 1998",8 of 1999,Act 04 of 2018,1999
The Customs Duties and Cesses (Conversion to Metric Units) Act 1960,40 of 1960,Act 2 of 2018,1960
The Customs Tariff (Amendment) Act 1978,26 of 1978,Act 19 of 1988,1978
The Customs Tariff (Amendment) Act 1981,24 of 1981,Act 19 of 1981,1981
The Customs Tariff (Amendment) Act 2003,25 of 2003,Act 02 of 2018,2003
"The Customs Tariff (Amendment) Act, 1995",6 of 1995,Act 30 of 2001,1995
"The Customs Tariff (Second Amendment) Act, 1982",52 of 1982,Act 19 of 1988,1982
"The Customs and Central Excise Laws (Repeal) Act, 2004",25 of 2004,Act 23 of 2016,2004
The Customs and Central Excises (Amendment) Act 1963,30 of 1963,Act 56 of 1974,1963
The Customs and Excise Revenues Appellate Tribunal Act 1986,62 of 1986,Act 25 of 2004,1986
"The Customs, Central Excises and Salt and Central Boards of Revenue (Amendment) Act 1978",25 of 1978,Act 19 of 1988,1978
"The Customs, Gold (Control) and Central Excises and Salt (Amendment) Act, 1973",36 of 1973,Act 38 of 1978,1973
"The Cutchi Memons (Amendment) Act, 1923",34 of 1923,"Sec 2 and Sch, Act 1 of 1938",1923
The Cutchi Memons Act 1920,46 of 1920,Act 10 of 1938,1920
The Dacca University Act 1920,18 of 1920,Act 42 of 1953,1920
The Dalmia Dadri Cement Limited (Acquisition and Transfer of Undertaking (Amendment) Act 2006,3 of 2007,Act 31 of 2019,2007
The Damodar Valley Corporation (Amendment) Act 1957,59 of 1957,Act 58 of 1960,1957
The Damodar Valley Corporation (Amendment) Act 2011,1 of 2012,Act 23 of 2016,2012
"The Dangerous (Amendment) Act, 1938",3 of 1938,Act 25 of 1942,1938
The Dangerous Druge Act 1930,2 of 1930,Act 61 of 1985,1930
"The Dangerous Drugs (Amendment) Act, 1933",26 of 1933,Act 1 of 1938,1933
"The Dangerous Machines (Regulation) Act, 1983",35 of 1983,Act 4 of 2018,1983
"The Dargah Khawaja Saheb (Amendment) Act, 1948",44 of 1948,Act 35 of 1950,1948
The Darjeeling (High Court&apos;s Jurisdiction Act 1867,19 of 1867,Act 56 of 1974,1867
"The Debtors Act, 1888",6 of 1888,Act 10 of 1914,1888
The Decentralization Act 1914,4 of 1914,Act 1 of 1938,1914
The Deck and Load Lines Act 1891,17 of 1891,Act 21 of 1923,1891
The Decrees and Orders Validating Act 1936,5 of 1936,Act 2 of 2018,1936
"The Defence of India (Amendment) Act, 1916",2 of 1916,Act 4 of 1922,1916
The Defence of India Act 1939,35 of 1939,Act 2 of 1948,1939
"The Defence of India Criminal Law (Amendment) Act, 1915",4 of 1915,Act 4 of 1922,1915
"The Defence of Indian (Amendment) Act, 1940",19 of 1940,Act 06 of 1945,1940
The Dekkhan Agricultrurists&apos; Relief Act 1881,23 of 1881,Act 1 of 1938,1881
The Dekkhan Agriculturists&apos; Relief Act 1882,22 of 1882,W.B. Act 7 of 1948,1882
The Dekkhan Agriculturists&apos; Relief Act 1895,6 of 1895,Act 1 of 1938,1895
"The Dekkhan Agriculturists&apos; Relief Act, 1886",23 of 1886,Act 1 of 1938,1886
"The Delegated Legislation Provision (Amendment) Act, 2005",4 of 2005,Act 17 of 2015,2005
"The Delegated Legislation Provisions (Amendment) Act, 1985 4 of 1986",,Act 30 of 2001,1986
The Delhi (Control of Building Operations) Act 1955,53 of 1955,Act 61 of 1957,1955
"The Delhi (Delegation of Powers) Act, 1964",23 of 1964,Act 4 of 2018,1964
"The Delhi Administration (Amendment) Act, 1983",9 of 1983,Act 19 of 1988,1983
"The Delhi Administration (Amendment) Act, 1988",10 of 1988,Act 30 of 2001,1988
"The Delhi Administration Act, 1966",19 of 1966,Act 1 of 1992,1966
"The Delhi Agricultural Produce Marketing (Regulation) Act, 1976",87 of 1976,Delhi Act 07 of 1999,1976
"The Delhi Co-operative Societies Act, 1972",35 of 1972,"Sec 141, Delhi Govt. Act 3 of 2004",1972
"The Delhi Development (Amendment) Act, 1963",56 of 1963,Act 04 of 2018,1963
"The Delhi Development (Amendment) Act, 1976",4 of 1976,Act 19 of 1988,1976
"The Delhi Development (Amendment) Act, 1984",38 of 1984,Act 23 of 2016,1984
"The Delhi Development (Amendment) Act, 1996",36 of 1996,Act 30 of 2001,1996
"The Delhi Development Authority (Validation of Disciplinary Powers) Act, 1998",6 of 1998,Act 4 of 2018,1999
"The Delhi Fire Prevention and Fire Safety Act, 1986, 56 of 1986, (Rep., by Sec 65(B) Act 2 of 2009)",,,1986
"The Delhi High Court (Amendment) Act, 1969",37 of 1969,Act 23 of 2016,1969
"The Delhi High Court (Amendment) Act, 1991",60 of 1991,Act 23 of 2016,1991
"The Delhi High Court (Amendment) Act, 2003",35 of 2003,Act 19 of 2015,2003
"The Delhi Hotels (Control of Accommodation) Act, 1949",24 of 1949,Act 23 of 2016,1949
"The Delhi Joint Water Board (Amendment) Act, 1938",18 of 1938,Act 25 of 1942,1938
The Delhi Joint Water Board Act 1926,23 of 1926,Act 66 of 1957,1926
The Delhi Laws (Amendment) Act 1951,36 of 1951,Act 36 of 1957,1951
"The Delhi Laws Act, 1912",13 of 1912,Act 37 of 2023,1912
"The Delhi Laws Act, 1915",7 of 1915,Act 37 of 2023,1915
"The Delhi Motor Vehicles Taxation (Amendment) Act, 1965",36 of 1965,Act 56 of 1974,1965
"The Delhi Motor Vehicles Taxation (Amendment) Act, 1969",11 of 1969,Act 56 of 1974,1969
"The Delhi Motor Vehicles Taxation (Amendment) Act, 1983",17 of 1983,Act 37 of 2023,1983
"The Delhi Motor Vehicles Taxation (Amendment) Act, 1989",25 of 1989,Act 30 of 2001,1989
The Delhi Municipal Corporation (Amendment) Act 1987,8 of 1987,Act 30 of 2001,1987
The Delhi Municipal Corporation (Amendment) Act 1988,11 of 1988,Act 30 of 2001,1988
The Delhi Municipal Corporation (Amendment) Act 1993,67 of 1993,Act 30 of 2001,1993
"The Delhi Municipal Corporation (Amendment) Act, 1961",42 of 1961,Act 52 of 1964,1961
"The Delhi Municipal Corporation (Amendment) Act, 1968",2 of 1968,Act 56 of 1974,1968
"The Delhi Municipal Corporation (Amendment) Act, 1974",55 of 1974,Act 38 of 1978,1974
"The Delhi Municipal Corporation (Amendment) Act, 1983",8 of 1983,Act 19 of 1988,1983
"The Delhi Municipal Corporation (Amendment) Act, 2022",10 of 2022,Act 37 of 2025,2022
"The Delhi Municipal Corporation (Validation of Electricity Tax) Act, 1966",35 of 1966,Act 41 of 2002,1966
The Delhi Municipal Laws (Amendment) Act 1989,10 of 1989,Act 30 of 2001,1989
"The Delhi Municipal Laws (Amendment) Act, 1991",32 of 1991,Act 30 of 2001,1991
"The Delhi Muslim (Amendment) Act, 1947",13 of 1947,Act 35 of 1950,1947
"The Delhi Panchayat Raj (Amendment) Act, 1959",9 of 1959,Act 52 of 1964,1959
The Delhi Pemises (Requisition and Eviction) Act 1947,49 of 1947,Act 30 of 1952,1947
"The Delhi Premises (Requisition and Eviction) Amendment Act, 1951",59 of 1951,Act 23 of 2016,1951
"The Delhi Premises (Requisition and Eviction) Amendment and Validation act, 1949",60 of 1949,Act 36 of 1957,1949
"The Delhi Rent Control (Amendmen) Act, 1984",37 of 1984,Act 19 of 1988,1984
"The Delhi Rent Control (Amendment) Act, 1963",4 of 1963,Act 56 of 1974,1963
"The Delhi Rent Control (Amendment) Act, 1988",57 of 1988,Act 30 of 2001,1988
The Delhi Road Transport Authority (Amendment) Act 1953,24 of 1953,Act 36 of 1957,1953
The Delhi Road Transport Authority Act 1950,13 of 1950,Act 66 of 1957,1950
"The Delhi Sales Tax (Amendment and Validation) Act, 1976",91 of 1976,Act 2 of 2018,1976
"The Delhi Shops and Establishments (Amendment) Act, 1961",21 of 1961,Act 52 of 1964,1961
"The Delhi Shops and Establishments (Amendment) Act, 1970",33 of 1970,Act 56 of 1974,1970
The Delhi Sikh Gurdwaras (Amendment) Act 1981,6 of 1981,Act 19 of 1988,1981
"The Delhi Sikh Gurdwaras (Amendment) Act, 1974",46 of 1974,Act 38 of 1978,1974
"The Delhi Sikh Gurdwaras (Management) Act, 1971",24 of 1971,Act 82 of 1971,1971
The Delhi Special Police Establishment (Amendment) Act 1952,26 of 1952,Act 36 of 1957,1952
"The Delhi Special Police Establishment (Amendment) Act, 2006",20 of 2006,Act 2 of 2018,2006
The Delhi Tenants (Temporary Protection) Act 1956,97 of 1956,Act 4 of 2018,1956
The Delhi University (Amendment) Act 1952,5 of 1952,Act 36 of 1957,1952
The Delhi University (Amendment) Act 1981,27 of 1981,Act 19 of 1988,1981
"The Delhi University (Amendment) Act, 1961",61 of 1961,Act 52 of 1964,1961
"The Delhi University (Amendment) Act, 1970",35 of 1970,Act 56 of 1974,1970
"The Delhi University (Amendment) Act, 1972",48 of 1972,Act 38 of 1978,1972
"The Delhi University (Amendment) Act, 2002",43 of 2002,Act 31 of 2019,2002
The Delhi and Ajmer Merwara Rent Control Act 1947,19 of 1947,Act 38 of 1952,1947
"The Delhi and Ajmer Rent Control (Nasirabad Cantonment Repeal)Act, 1968",49 of 1968,Act 31 of 2019,1968
"The Delhi and Ajmer Rent Control Act, 1952",38 of 1952,Act 59 of 1958,1952
"The Delhi and Ajmer-Merwara Land Development Act, 1948",67 of 1948,Act 36 of 1957,1948
"The Delhi and Ajmer-Merwara Rent Control (Amendment) Act, 1948",28 of 1948,Act 35 of 1950,1948
"The Delimitation (Amendment) Act, 2003",3 of 2004,Act 17 of 2015,2004
"The Delimitation (Amendment) Act, 2008",9 of 2008,Act 17 of 2015,2008
"The Delimitation Act, 1972",76 of 1972,Act 33 of 2002,1972
The Delimitation Commission (Amendment) Act 1954,55 of 1954,Act 58 of 1960,1954
"The Delimitation Commission Act, 1953",81 of 1952,Act 58 of 1960,1952
"The Delimitation Commission Act, 1962, 61 of 1962, (Rep., Act 56 of 1974))",,,1962
The Delivery of Books (Public Libraries) (Amendment) Act. 1956,99 of 1956,Act 58 of 1960,1956
The Dentists (Amendment) Act 1955,12 of 1955,Act 58 of 1960,1955
"The Dentists (Amendment) Act, 1950",58 of 1950,Act 36 of 1957,1950
"The Dentists (Amendment) Act, 1972",42 of 1972,Act 38 of 1978,1972
"The Dentists (Amendment) Act, 1993",30 of 1993,Act 30 of 2001,1993
"The Dentists Act, 1948",16 of 1948,Act 21 of 2023,1948
"The Deposit Insurance Corporation (Amendment and Miscellaneous Provisions) Act, 1978",21 of 1978,Act 23 of 2016,1978
"The Deposit Insurance and Credit Guarantee Corporation (Amendment) Act, 2021",30 of 2021,Act 37 of 2025,2021
"The Depositories Related Laws (Amendment), Act, 1997",8 of 1997,Act 30 of 2001,1997
"The Destructive Insects and Pests (Amendment) Act, 1930",20 of 1930,"Sec 2 and Sch, Act 1 of 1938",1930
"The Destructive Insects and Pests (Amendment) Act, 1938",6 of 1938,Act 25 of 1942,1938
"The Destructive Insects and Pests (Amendment) Act, 1939",3 of 1939,Act 25 of 1942,1939
The Devolution Act 1920,38 of 1920,Act 1 of 1938,1920
The Dhoties (Additional Excise Duty) Act 1957,31 of 1957,Act 58 of 1960,1957
"The Dhoties (Additional Excise Duty) Act, 1953",39 of 1953,Act 93 of 1976,1953
"The Dhoties (Additional Excise Duty) Repeal Act, 1976",93 of 1976,Act 19 of 1988,1976
"The Direct Tax Laws (Amendment) Act, 1989",3 of 1989,Act 23 of 2016,1989
"The Direct Taxes (Amendment) Act, 1964",31 of 1964,Act 56 of 1974,1964
"The Direct-tax Laws (Miscellaneous) Repeal Act, 2000",20 of 2000,Act 4 of 2018,2000
"The Displaced Person (Claims) Amendment Act, 1952",40 of 1952,Act 58 of 1960,1952
"The Displaced Person (Compensation and Rehabilitation) Amendment Act, 1960",2 of 1960,Act 02 of 2018,1960
The Displaced Persons (Claims) Act 1950,44 of 1950,Act 38 of 2005,1950
The Displaced Persons (Claims) Supplementary Act 1954,12 of 1954,Act 38 of 2005,1954
The Displaced Persons (Compensation and Rehabilitation) (Amendment) Act. 1956,86 of 1956,Act 58 of 1960,1956
The Displaced Persons (Compensation and Rehabilitation) Act 1954,44 of 1954,Act 38 of 2005,1954
"The Displaced Persons (Compensation and Rehabilitation) Amendment Act, 1959",21 of 1959,Act 52 of 1964,1959
"The Displaced Persons (Compensation and Rehabilitation) Amendment Act, 1968",17 of 1968,Act 56 of 1974,1968
The Displaced Persons (Debts Adjustment) Act 1951,70 of 1951,Act 4 of 2018,1951
"The Displaced Persons (Institution of Suits and Legal Proceedings) Amendment Act, 1950",68 of 1950,Act 36 of 1957,1950
The Displaced Persons (Institution of Suits) Act 1948,47 of 1948,Act 70 of 1951,1948
"The Displaced Persons (Legal Proceedings) Act, 1949",25 of 1949,Act 70 of 1951,1949
"The Displaced Persons Claims and other Laws Repeal Act, 2005",38 of 2005,Act 4 of 2018,2005
The Disputed Elections (Prime Minister and Speaker) Act 1977,16 of 1977,Act 4 of 2018,1977
The Distress Act 1875,1 of 1875,Act 15 of 1876,1875
The District Delegates Act 1881,6 of 1881,Act 39 of 1925,1881
"The Dock Workers (Regulation of Employment) Act, 1962",8 of 1962,Act 56 of 1974,1962
"The Dock Workers (Regulation of Employment) Amendment Act, 1949",29 of 1949,Act 48 of 1952,1949
"The Dock Workers (Regulation of Employment) Amendment Act, 1970",31 of 1970,Act 56 of 1974,1970
"The Dock Workers (Regulation of Employment) Amendment Act, 1988",56 of 1988,Act 30 of 2001,1988
"The Dock Workers (Safety, Health and Welfare) Act, 1986",54 of 1986,Act 37 of 2020,1986
"The Dourine (Amendment) Act, 1920",8 of 1920,Act 1 of 1938,1920
"The Dower Act, 1839",29 of 1839,Act 48 of 1857,1839
The Dowry Prohibition (Amendment) Act 1986,43 of 1986,Act 30 of 2001,1986
"The Dowry Prohibition (Amendment) Act, 1984",63 of 1984,Act 23 of 2016,1984
The Dramatic Performances (Delhi Repeal) Act 1963,35 of 1963,Act 31 of 2019,1963
The Dramatic Performances Act 1876,19 of 1876,Act 4 of 2018,1876
The Drugs (Amendment) Act 1955,11 of 1955,Act 58 of 1960,1955
The Drugs (Amendment) Act 1960,35 of 1960,Act 52 of 1964,1960
"The Drugs (Amendment) Act, 1962",21 of 1962,Act 56 of 1974,1962
The Drugs (Control) Act 1950,26 of 1950,Act 4 of 2005,1950
The Drugs and Cosmetics (Amendment) Act 1986,71 of 1986,Act 30 of 2001,1986
"The Drugs and Cosmetics (Amendment) Act, 1964",13 of 1964,Act 56 of 1974,1964
"The Drugs and Cosmetics (Amendment) Act, 1982",68 of 1982,Act 23 of 2016,1982
"The Drugs and Cosmetics (Amendment) Act, 2008",26 of 2008,Act 23 of 2016,2008
"The Drugs and Magic Remedies (Objectionable Advertisements) Amendment Act, 1963",42 of 1963,Act 56 of 1974,1963
"The Durga Khawaja Saheb (Amendment) Act, 1938",12 of 1938,Act 25 of 1942,1938
"The Durgah Khawaja Saheb (Amendment) Act, 1964",20 of 1964,Act 56 of 1974,1964
The Durgah Khawaja Saheb (Emergency Provisions) Act 1950,17 of 1950,Act 36 of 1955,1950
The Durgah Khawaja Saheb Act 1936,23 of 1936,Act 36 of 1955,1936
"The Ear Drums and Ear Bones (Authority for use for Therapeutic Purposes) Act, 1982",28 of 1982,Act 42 of 1994,1982
"The East Punjab Ayurvedic and Unani Practitioners (Delhi Amendment) Act, 1963",49 of 1963,Act 56 of 1974,1963
"The East Punjab Ayurvedic and Unani Practitioners (Delhi Amendment) Act, 1964",15 of 1964,Act 56 of 1974,1964
The Economic Offences (Inapplicability of Limitation) Amendment Act 1978,46 of 1981,Act 19 of 1988,1981
"The Election Commission (Conditions of Service of Election Commissioners and Transaction of Business) Act, 1991",11 of 1991,Act 49 of 2023,1991
The Election Laws (Amendment) Act 2016,10 of 2016,Act 31 of 2019,2016
"The Election Laws (Amendment) Act, 2003",24 of 2003,Act 17 of 2015,2003
"The Election Laws (Amendment) Act, 2021",49 of 2021,Act 37 of 2025,2021
"The Election and Other Related Laws(Amendment) Act, 2003.",46 of 2003,Act 17 of 2015,2003
The Electricity (Amendment) Act 2007,26 of 2007,Act 23 of 2016,2007
"The Electricity (Amendment) Act, 2003",57 of 2003,Act 23 of 2016,2003
"The Electricity (Supply) (Amendment) Act, 1949",57 of 1949,Act 48 of 1952,1949
The Electricity (Supply) Act 1948,54 of 1948,Act 36 of 2003,1948
The Electricity (Supply) Amendment Act 1978,23 of 1978,Act 19 of 1988,1978
"The Electricity (Supply) Amendment Act, 1962",44 of 1962,Act 56 of 1974,1962
"The Electricity (Supply) Amendment Act, 1966",30 of 1966,Act 23 of 2016,1966
"The Electricity (Supply) Amendment Act, 1976",115 of 1976,Act 19 of 1988,1976
"The Electricity (Supply) Amendment Act, 1984",48 of 1984,Act 19 of 1988,1984
The Electricity (Supply) Amendment Act. 1956,101 of 1956,Act 58 of 1960,1956
"The Electricity Act, 1887",13 of 1887,Act 3 of 1903,1887
"The Electricity Laws (Amendment) Act, 1991",50 of 1991,Act 30 of 2001,1991
"The Electricity Laws (Amendment) Act, 1998",22 of 1998,Act 30 of 2001,1998
"The Electricity Regulatory Commissions (Amendment) Act, 2001",21 of 2001,Act 23 of 2016,2001
"The Electrictiy (Supply) Amendment Act, 1983",16 of 1983,Act 19 of 1988,1983
"The Elephants Preservation Act (1879) Amendment Act, 1883",2 of 1883,Act 1 of 1938,1883
The Elephants Preservation Act 1879,6 of 1879,Act 23 of 2016,1879
"The Emergency Legislation Continuance Act, 1915",1 of 1915,Act 12 of 1927,1915
"The Emergency Risks (Factories) Insurance Act, 1962",63 of 1962,Act 4 of 2018,1962
"The Emergency Risks (Goods) Insurance Act, 1962",62 of 1962,Act 4 of 2018,1962
"The Employee's Compensation Act, 1923",8 of 1923,Act 36 of 2020,1923
"The Employee?s Compensation (Amendment) Act, 2017",11 of 2017,Act 37 of 2025,2017
"The Employee?s State Insurance (Amendment) Act, 1984",45 of 1984,Act 23 of 2016,1984
"The Employees Provident Funds and Miscellaneous Provisions (Amendment) Act, 1996",25 of 1996,Act 30 of 2001,1996
"The Employees State Insurance (Amendment) Act, 1989",29 of 1988,Act 23 of 2016,1988
"The Employees' Providend Funds and Family Pension Fund (Amendment) Act, 1973",40 of 1973,Act 38 of 1978,1973
The Employees' Provident Fund (Amendment) Act 1958,22 of 1958,Act 58 of 1960,1958
The Employees' Provident Funds (Amendment) Act 1953,37 of 1953,Act 36 of 1957,1953
The Employees' Provident Funds (Amendment) Act 1960,46 of 1960,Act 52 of 1964,1960
The Employees' Provident Funds (Amendment) Act 1963,28 of 1963,Act 56 of 1974,1963
"The Employees' Provident Funds (Amendment) Act, 1962",48 of 1962,Act 56 of 1974,1962
The Employees' State Insurance (Amendment) Act 1951,53 of 1951,Act 36 of 1957,1951
The Employees' State Insurance (Amendment) Act 1975,38 of 1975,Act 38 of 1978,1975
"The Employees' State Insurance (Amendment) Act, 1989",29 of 1989,Act 23 of 2016,1989
"The Employees' State Insurance (Amendment) Act, 2010",18 of 2010,Act 23 of 2016,2010
"The Employees' State Insurance Act, 1948",34 of 1948,Act 36 of 2020,1948
The Employees? Provident Funds (Amendment) Act. 1956,94 of 1956,Act 58 of 1960,1956
"The Employeesâ?? Provident Funds (Amendment) Act, 1965",22 of 1965,Act 56 of 1974,1965
"The Employeesâ?? Provident Funds and Miscellaneous Provisions (Amendment) Act, 1998",10 of 1998,Act 30 of 2001,1998
The Employers and Workmen (Disputes) Act 1860,9 of 1860,Act 2 of 1932,1860
The Employers and Workmen (Disputes) Repealing Act 1932,2 of 1932,Act 20 of 1937,1932
The Employers' Liability (Amendment) Act 1951,5 of 1951,Act 36 of 1957,1951
The Employers' Liability Act 1938,24 of 1938,Act 23 of 2016,1938
"The Employment Exchanges (Compulsory Notification of Vacancies) Act, 1959",31 of 1959,Act 36 of 2020,1959
The Employment of Children (Amendment) Act 1951,48 of 1951,Act 36 of 1957,1951
The Employment of Children (Amendment) Act 1978,39 of 1978,Act 19 of 1988,1978
"The Employment of Children (Amendment) Act, 1939",15 of 1939,Act 25 of 1942,1939
"The Employment of Children (Amendment) Act, 1985",62 of 1985,Act 30 of 2001,1985
The Employment of Children Act 1938,26 of 1938,Act 61 of 1986,1938
The Enemy Missions Act 1921,9 of 1921,Act 42 of 1953,1921
"The Enemy Property (Amendment and Validation) Act, 2017",3 of 2017,37 of 2025,2017
The Enemy Property (Amendment) Act 1977,40 of 1977,Act 19 of 1988,1977
The Enemy Trading Act 1915,14 of 1915,Act 12 of 1927,1915
The Enemy Trading Act 1916,10 of 1916,Act 12 of 1927,1916
The Enemy Trading Orders (Validation) Act 1918,15 of 1918,Act 12 of 1927,1918
"The Energy Conservation (Amendment) Act, 2010",28 of 2010,Act 23 of 2016,2010
"The Energy Conservation (Amendment) Act, 2022",19 of 2022,Act 37 of 2025,2022
"The Enforcement Of Security Interest And Recovery of Debts Laws (Amendment) Act, 2012",1 of 2013,Act 19 of 2015,2013
"The Enforcement of Decrees, Bengal Act 1836",5 of 1836,Act 8 of 1868,1836
"The Enforcement of Security Interest And Recovery of Debts Laws ( Amendment) Act, 2004",30 of 2004,Act 19 of 2015,2004
"The Engineer's Certificates Validation Act, 1894",15 of 1894,Act 36 of 1957,1894
"The Equal Remuneration (Amendment) Act, 1987",49 of 1987,Act 30 of 2001,1987
"The Equal Remuneration Act, 1976",25 of 1976,Act 29 of 2019,1976
The Essential Commodities (Amendment) Act 1957,13 of 1957,Act 58 of 1960,1957
The Essential Commodities (Amendment) Act 1986,42 of 1986,Act 30 of 2001,1986
"The Essential Commodities (Amendment) Act, 1961",17 of 1961,Act 52 of 1964,1961
"The Essential Commodities (Amendment) Act, 1964",47 of 1964,Act 56 of 1974,1964
"The Essential Commodities (Amendment) Act, 1966",25 of 1966,56 of 1974,1966
"The Essential Commodities (Amendment) Act, 1967",14 of 1967,Act 23 of 2016,1967
"The Essential Commodities (Amendment) Act, 2010",35 of 2010,Act 23 of 2016,2010
"The Essential Commodities (Amendment) Act, 2020",22 of 2020,Act 40 of 2021,2020
"The Essential Commodities (Amendment) Act,2003",37 of 2003,Act 19 of 2015,2003
"The Essential Commodities (Amendment) Continuance Act, 1970",14 of 1970,Act 56 of 1974,1970
"The Essential Commodities (Amendment)Act, 1984",34 of 1984,Act 23 of 2016,1984
The Essential Commodities (Second Amendment) Act 1957,28 of 1957,Act 58 of 1960,1957
The Essential Commodities (Second Amendment) Act 1986,73 of 1986,Act 30 of 2001,1986
"The Essential Commodities (Second Amendment) Act, 1967",36 of 1967,Act 56 of 1974,1967
The Essential Commodities (Special Provision) Act 1981,18 of 1981,Act 23 of 2016,1981
The Essential Commodities (Special Provisions) Amendment Act 1993,34 of 1993,Act 30 of 2001,1993
"The Essential Commodities (Special Provisions) Continuance Act 1987 25 of 1987 (Rep., Act 30 of 2001",,,1987
The Essential Goods (Declaration and Regulation of Tax on Sale or Purchase) Act 1952,52 of 1952,Act 74 of 1956,1952
The Essential Services Maintenance (Amendment) Act 1985,49 of 1985,Act 30 of 2001,1985
"The Essential Supplies (Temporary Power) (Second Amendment) Act, 1949",49 of 1949,Act 48 of 1952,1949
"The Essential Supplies (Temporary Powers) (Amendment) Act, 1949",19 of 1949,Act 48 of 1952,1949
"The Essential Supplies (Temporary Powers) Amendment Act, 1950",52 of 1950,Act 23 of 2016,1950
"The Essential Supplies (Temporary Powers) Amendment Act, 1952, 65 of 1952, (Lapsed)",,,1952
"The Essential Supplies (Temporary Powers) Second Amendment Act, 1950",72 of 1950,Act 23 of 2016,1950
"The Essential Supplies (temporary Powers) (Amendment) Act, 1949",64 of 1948,Act 35 of 1950,1948
"The Esso (Acquisitiion of Undertakings in India) Act, 1974",4 of 1974,Act 23 of 2016,1974
"The Esso (Acquisition of Undertakings in India) Amendment Act, 1974",40 of 1974,Act 38 of 1978,1974
The Estate Duty (Amendment) Act 1985,52 of 1985,Act 30 of 2001,1985
"The Estate Duty (Amendment) Act, 1958",33 of 1958,Act 23 of 2016,1958
"The Estate Duty (Amendment) Act, 1960",16 of 1960,Act 23 of 2016,1960
"The Estate Duty (Amendment) Act, 1968",22 of 1968,Act 56 of 1974,1968
"The Estate Duty (Amendment) Act, 1982",31 of 1982,Act 23 of 2016,1982
"The Estate Duty (Amendment) Act, 1984",53 of 1984,Act 23 of 2016,1984
"The Estate Duty (Amendment) Act, 1986",49 of 1986,Act 30 of 2001,1986
"The Estate Duty (Distribution) Act, 1962",9 of 1962,Act 20 of 2000,1962
The Estate Duty (Distribution) Amendment Act 1985,28 of 1985,Act 30 of 2001,1985
"The Estate Duty (Distribution) Amendment Act, 1965",51 of 1965,Act 56 of 1974,1965
"The Estate Duty (Distribution) Amendment Act, 1969",15 of 1969,Act 56 of 1974,1969
"The Estate Duty (Distribution) Amendment Act, 1974",21 of 1974,Act 38 of 1978,1974
"The Estate Duty (Distribution) Amendment Act, 1979",26 of 1979,Act 19 of 1988,1979
"The Estate Duty (Distribution) Amendment Act, 1984",32 of 1984,Act 19 of 1988,1984
The Estate Duty Act 1953,34 of 1953,Act 20 of 2000,1953
The Estate Duty and Tax on Railway Passenger Fares (Distribution) Act 1957,57 of 1957,Act 9 of 1962,1957
The European British Minor Act 1875,13 of 1874,Act 8 of 1890,1874
"The European Deserters Act, 1856",11 of 1856,A.O. 1950,1856
The European Vagrancy Act 1874,9 of 1874,Act 17 of 1949,1874
The Evacuee Interest (Separation) Act 1951,64 of 1951,Act 38 of 2005,1951
The Evacuee Interest (Separation) Amendment Act 1960,27 of 1960,Act 52 of 1964,1960
The Excess Profile Tax Act 1940,15 of 1940,Act 20 of 2000,1940
The Excess Profits Duty Act 1919,10 of 1919,Act 1 of 1938,1919
"The Excess Profits Tax (Amendment) Act, 1940",42 of 1940,Act 06 of 1945,1940
"The Excess Profits Tax(Second Amendment) Act, 1941",24 of 1941,Act 23 of 2016,1941
The Exchange of Prisoners Act 1948,58 of 1948,Act 23 of 2016,1948
"The Excise (Malt Liquors) Act, 1890",13 of 1890,Act 23 of 2016,1890
The Excise (Spirits) Act 1863,16 of 1863,Act 23 of 2016,1863
The Excise Act 1871,10 of 1871,Act 22 of 1881,1871
The Excise Act 1881,22 of 1881,Act 12 of 1896,1881
"The Excise and Sea Customs Law Amendment Act, 1885",9 of 1885,Act 1 of 1938,1885
The Exempting Straits Settlement from Emigration Act 1872,14 of 1872,Act 21 of 1883,1872
The Expenditure-tax Act 1957,29 of 1957,Act 13 of 1966,1957
"The Explosive Substances (Amendment) Act, 2001",54 of 2001,Act 19 of 2015,2001
The Explosives (Temporary Provisions) Act 1947,10 of 1947,Act 42 of 1953,1947
The Explosives (Temporary Provisions) Act 1949,55 of 1949,Act 42 of 1953,1949
"The Export (Quality Control and Inspection) Amendment Act, 1984",40 of 1984,Act 19 of 1988,1984
"The Export-Import Bank Of India (Amendment) Act, 1998",1 of 1999,Act 19 of 2015,1999
"The Export-Import Bank of India (Amendment) Act, 2011",11 of 2012,"Act, 19 of 2015",2012
"The Extradition (Amendment) Act, 1993",66 of 1993,Act 30 of 2001,1993
The Extradition (India) Act 1895,9 of 1895,Act 15 of 1903,1895
The Extradition Act 1903,15 of 1903,Act 34 of 1962,1903
"The Eyes (Authority for use for Therapeutic Purposes Act, 1982",29 of 1982,Act 42 of 1994,1982
The Factories (Amendment) Act 1954,25 of 1954,Act 58 of 1960,1954
"The Factories (Amendment) Act, 1935",11 of 1935,Act 1 of 1938,1935
"The Factories (Amendment) Act, 1936",8 of 1936,Act 32 of 1940,1936
"The Factories (Amendment) Act, 1940",17 of 1940,Act 06 of 1945,1940
"The Factories (Amendment) Act, 1976",94 of 1976,Act 19 of 1988,1976
"The Factories (Amendment) Act, 1987",20 of 1987,Act 30 of 2001,1987
The Factories Act 1934,25 of 1934,Act 63 of 1948,1934
"The Factories Act, 1948",63 of 1948,Act 37 of 2020,1948
"The Factoring Regulation (Amendment) Act, 2021",21 of 2021,Act 37 of 2025,2021
"The Family Court (Amendment) Act, 1991",59 of 1991,Act 30 of 2001,1991
"The Farmers (Empowerment and Protection) Agreement on Price Assurance and Farm Services Act, 2020",20 of 2020,Act 40 of 2021,2020
"The Farmersâ?? Produce Trade Commerce (Promotion And Facilitation) Act, 2020",21 of 2020,Act 40 of 2021,2020
The Federal Court (Enlargement of Jurisdiction) Act 1947,1 of 1948,Act 22 of 2001,1948
"The Federal Court (Supplemental Powers) Act, 1942",26 of 1942,Act 48 of 1952,1942
The Federal Court Act 1937,25 of 1937,Act 22 of 2001,1937
"The Federal Court Act, 1941",21 of 1941,Act 48 of 1952,1941
The Finance Act 1998,1 of 1998,Act 21 of 1998,1998
The Finance Commission (Miscellaneous Provisions) Amendment Act 1955,13 of 1955,Act 58 of 1960,1955
"The Finance Laws (Amendment) Act, 1950",54 of 1950,Act 36 of 1957,1950
"The Food Corporation (Amendment) Act, 1968",57 of 1968,Act 56 of 1974,1968
The Food Corporations (Amendment) Act 1977,12 of 1977,Act 19 of 1988,1977
"The Food Corporations (Amendment) Act, 1972",67 of 1972,Act 38 of 1978,1972
"The Food Corporations (Amendment) Act, 1982",53 of 1982,Act 19 of 1988,1982
"The Food Corporations (Amendment) Act, 1988",36 of 1988,Act 30 of 2001,1988
"The Food Corporations (Amendment) Act, 2000, 12 of 2000, (Rep., Act 19 of 2015) ,",,,2000
"The Food Corporations (Amendment) Act, 2001",27 of 2001,Act 19 of 2015,2001
"The Food Safety and Standards (Amendment) Act, 2008",13 of 2008,Act 23 of 2016,2008
"The Foreign Awards (Recognition and Enforcement) (Amendment) Act, 1961",45 of 1961,Act 26 of 1996,1961
"The Foreign Awards (Recognition and Enforcement) Amendment Act, 1973",47 of 1973,Act 38 of 1978,1973
"The Foreign Contribution (Regulation) Act, 1976",49 of 1976,Act 42 of 2010,1976
"The Foreign Contribution (Regulation) Amendment Act, 1985",1 of 1985,Act 30 of 2001,1985
"The Foreign Exchange Conservation (Travel) Tax Abolition Act, 1992",28 of 1992,Act 30 of 2001,1992
The Foreign Exchange Regulation (Amendment) Act 1952,8 of 1952,Act 36 of 1957,1952
The Foreign Exchange Regulation (Amendment) Act 1993,29 of 1993,Act 30 of 2001,1993
"The Foreign Exchange Regulation (Amendment) Act, 1950",34 of 1950,Act 36 of 1957,1950
"The Foreign Exchange Regulation (Amendment) Act, 1958",53 of 1958,Act 58 of 1960,1958
"The Foreign Exchange Regulation (Amendment) Act, 1964",55 of 1964,Act 56 of 1974,1964
"The Foreign Exchange Regulation (Amendment) Act, 1969",40 of 1969,Act 56 of 1974,1969
"The Foreign Exchange Regulation (Amendment) Act, 1970",43 of 1970,Act 56 of 1974,1970
The Foreign Exchange Regulation (Amendment) Act. 1955,39 of 1957,Act 58 of 1960,1957
The Foreign Exchange Regulation Act 1947,7 of 1947,Act 46 of 1973,1947
"The Foreign Exchange Regulation Act, 1973",46 of 1973,Act 42 of 1999,1973
"The Foreign Jurisdiction (Capital Sentences) Act, 1893",5 of 1893,Act 3 of 1900,1893
The Foreign Jurisdiction Act 1947,47 of 1947,Act 17 of 2015,1947
"The Foreign Jurisdiction and Extradition Act (1879) Amendment Act, 1896",5 of 1896,Act 15 of 1903,1896
The Foreign Jurisdiction and Extradition Act 1872,11 of 1872,Act 21 of 1879,1872
The Foreign Jurisdiction and Extradition Act 1879,21 of 1879,Act 15 of 1903,1879
"The Foreign Recruitment Act, 1874",4 of 1874,Act 23 of 2016,1874
The Foreign Relation Act 1932,12 of 1932,Act 56 of 1951,1932
"The Foreign Trade (Development And Regulation) Amendment Act, 2010",25 of 2010,Act 23 of 2016,2010
"The Foreigners (Amendment) Act, 1915",3 of 1915,Act 1 of 1938,1915
"The Foreigners (Amendment) Act, 1947",38 of 1947,Act 35 of 1950,1947
"The Foreigners (Amendment) Act, 2004",16 of 2004,Act 19 of 2015,2004
The Foreigners Act 1864,3 of 1864,31 of 1946,1864
The Foreigners Act 1940,2 of 1940,Act 31 of 1946,1940
"The Foreigners Act, 1946",31 of 1946,Act 13 of 2025,1946
"The Foreigners Exchange Regulation (Amendment) Act, 1947",40 of 1947,Act 35 of 1950,1947
The Foreigners Laws (Amendment) Act 1957,11 of 1957,Act 58 of 1960,1957
"The Foreigners? (Trial by Court-martial) Act, 1915",3 of 1916,Act 12 of 1927,1916
The Forest (Conservation) Amendment Act,69 of 1988,Act 30 of 2001,1988
"The Forest Act, 1890",5 of 1890,Act 16 of 1927,1890
"The Forfeiture (Repeal) Act, 2000",48 of 2000,Act 4 of 2018,2000
"The Forfeiture Act, 1857",25 of 1857,Act 4 of 1922,1857
"The Forfeiture Act, 1859",9 of 1859,Act 48 of 2000,1859
The Former Secretary of State Service Officers (Conditions of Service) Amendment Act 1975,24 of 1975,Act 38 of 1978,1975
The Forward Contracts (Regulation) Act 1960,62 of 1960,Act 52 of 1964,1960
"The Forward Contracts (Regulation) Amendment Act, 1957",32 of 1957,Act 04 of 2018,1957
"The Forward Contracts (Regulation) Amendment Act, 1971",53 of 1971,Act 38 of 1978,1971
The Forword Contracte (Regulation) Amendment Act 1953,46 of 1953,Act 36 of 1957,1953
"The Freedom of Information Act, 2002",5 of 2003,Act 22 of 2005,2003
The Freight (Railway and Inland Steam Vessel) Act 1917,13 of 1917,Act 12 of 1922,1917
The Futwah-Islampur Light Railway Line (Nationalisation) Act 1985,83 of 1985,Act 23 of 2016,1985
The Gandhi National Memorial Fund Donation (Companies) Act 1948,35 of 1948,Act 54 of 1951,1948
"The Ganesh Flour Mills Company Limited (Acquisition and Transfer of Undertakings) Act, 1984",16 of 1984,Act 23 of 2016,1984
"The Gangtok Municipal Corporation (Amendment) Act, 1985",12 of 1985,Act 30 of 2001,1985
"The Garo Hills Act, 1869",22 of 1869,Act 14 of 1874,1869
"The General Clauses (Amendment) Act, 1936",19 of 1936,Act 32 of 1940,1936
The General Clauses Act 1868,1 of 1868,Act 10 of 1897,1868
"The General Clauses Act, 1887",1 of 1887,Act 10 of 1897,1887
"The General Insurance (Emergency Provisions) Act, 1971",17 of 1971,Act 11 of 2001,1971
"The General Insurance Business (Nationalisation) Amendment Act, 1985",3 of 1985,Act 23 of 2016,1985
"The General Insurance Business (Nationalisation) Amendment Act, 1989",38 of 1989,Act 30 of 2001,1989
"The General Insurance Business (Nationalisation) Amendment Act, 2002",40 of 2002,Act 19 of 2002,2002
"The General Insurance Business (Nationalisation) Amendment Act, 2021",37 of 2021,Act 37 of 2025,2021
The General Stamp Act 1869,18 of 1869,Act 1 of 1879,1869
The Geneva Convention Implementing Act 1936,14 of 1936,Act 4 of 1941,1936
"The Gift-Tax (Amendment) Act, 1962",53 of 1962,Act 56 of 1974,1962
"The Glanders and Farcy (Amendment) Act, 1920",9 of 1920,Act 1 of 1938,1920
"The Glanders and Farcy (amending Act 3 of 1893) Act, 1896",15 of 1896,Act 13 of 1899,1896
The Glanders and Farcy Act 1879,20 of 1879,Act 13 of 1899,1879
"The Glanders and Farcy Act, 1886",24 of 1886,Act 12 of 1891,1886
"The Glanders and Farcy Law Amendment Act, 1910",12 of 1910,Act 1 of 1938,1910
"The Goa, Daman and Diu (Absorbed Employees) Act, 1965",50 of 1965,Act 4 of 2018,1965
"The Goa, Daman and Diu (Opinion Poll) Act, 1966",38 of 1966,Act 41 of 2002,1966
"The Goa, Daman and Diu Judicial Commissionerâ??s Court (Declaration as High Court) Act, 1964",16 of 1964,Act 22 of 2001,1964
"The Gold (Control) Act, 1965",18 of 1965,Act 45 of 1968,1965
"The Gold (Control) Amendment Act, 1969",26 of 1969,Act 56 of 1974,1969
"The Gold (Control) Repeal Act, 1990",18 of 1990,Act 30 of 2001,1990
The Gold (Import) Act 1917,22 of 1917,Act 12 of 1927,1917
"The Gold Coinage Act, 1918",14 of 1918,Act 12 of 1927,1918
"The Gold Control Act, 1968",45 of 1968,Act 18 of 1990,1968
The Gold Thread Industry (Protection) Act 1931,3 of 1931,Act 32 of 1934,1931
"The Governent Seal Act, 1862",3 of 1862,Act 4 of 2018,1862
"The Government Forests Act, 1865",7 of 1865,Act 7 of 1878,1865
"The Government Grant Acts, 1895",15 of 1895,Act 4 of 2018,1895
The Government Officers&apos; Indemnity Act 1860,34 of 1860,Act 58 of 1960,1860
"The Government Premises (Eviction) Amendment Act, 1956",52 of 1956,Act 23 of 2016,1956
"The Government Saving Banks (Amendment) Act, 1923",16 of 1923,"Sec 2 and Sch, Act 1 of 1938",1923
"The Government Saving Certificates Act, 1959",46 of 1959,Act 13 of 2018,1959
"The Government Savings Bank (Amendment) Act, 1917",17 of 1917,Act 1 of 1938,1917
"The Government Savings Banks (Amendment) Act, 1959",45 of 1959,Act 52 of 1964,1959
The Government Savings Laws (Amendment) Act 1985,56 of 1985,Act 30 of 2001,1985
The Government Trading Taxation Act 1926,3 of 1926,Act 20 of 2000,1926
"The Government of National Capital Territory of Delhi (Amendment) Act, 2021",15 of 2021,Act 37 of 2025,2021
"The Government of National Capital Territory of Delhi (Amendment) Act, 2023",19 of 2023,Act 37 of 2025,2023
"The Government of Part C States (Amendment) Act, 1954",7 of 1954,Act 04 of 2018,1954
"The Government of Part C States Act, 1951",49 of 1951,Act 37 of 1956,1951
The Government of Union Territories (Amendment) Act 1985,24 of 1985,Act 30 of 2001,1985
"The Government of Union Territories (Amendment) Act, 1971",83 of 1971,Act 38 of 1978,1971
"The Government of Union Territories (Amendment) Act, 1976",86 of 1976,Act 19 of 1988,1976
"The Government of Union Territories (Amendment) Act, 1980",1 of 1980,Act 19 of 1988,1980
"The Government of Union Territories Amendment Act, 1984",19 of 1984,Act 02 of 2018,1984
"The Government of Union Territories And The Government of National Capital Territory of Delhi (Amendment) Act, 2005",19 of 2005,Act 19 of 2015,2005
"The Government of Union Territories And The Government of National Capital Territory of Delhi (Amendment) Act, 2006",5 of 2006,Act 19 of 2015,2006
"The Government of Union Territories and The Government of National Capital Territory of Delhi (Amendment) Act, 2001",38 of 2001,Act 19 of 2015,2001
The Governor General's Salary (Exemption from Taxation) Act 1949,16 of 1949,Act 48 of 1952,1949
"The Governors (Emoluments, Allowances And Privileges) Amendment Act, 2008",1 of 2009,Act 02 of 2018,2009
"The Governors (Emoluments, Allowances and Privileges) Amendment Act 1987",17 of 1987,Act 30 of 2001,1987
"The Governors (Emoluments, Allowances and Privileges) Amendment Act, 1993",1 of 1994,Act 30 of 2001,1994
"The Governors (Emoluments, Allowances and Privileges) Amendment Act, 1998",27 of 1998,Act 30 of 2001,1998
"The Governors (Emoluments, Allowances and Privileges) Amendment Act, 2014",8 of 2014,Act 31 of 2019,2014
The Govt. Management of Private Estates Act 1892,10 of 1892,Act 31 of 2019,1892
The Gresham and Craven of India (Private) Limited (Acquisition of Transfer of Undertakings) Act 1977,42 of 1977,Act 4 of 2018,1977
"The Guardians and Wards (Amendment) Act, 1926",4 of 1926,"Sec 2 and Sch, Act 1 of 1938",1926
"The Guardians and Wards (Amendment) Act, 1929",17 of 1929,"Sec 2 and Sch, Act 1 of 1938",1929
"The Gujarat State Legislature (Delegation of Powers) Act, 1971",35 of 1971,Act 38 of 1978,1971
"The Gujarat State Legislature (Delegation of Powers) Act, 1974",11 of 1974,Act 38 of 1978,1974
"The Gujarat State Legislature (Delegation of Powers) Act, 1976",44 of 1976,Act 19 of 1988,1976
The Hackney-carriage Act 1879,14 of 1879,Act 04 of 2018,1879
"The Haj Committee Act, 1959",51 of 1959,Act 35 of 2002,1959
"The Haryana State Legislature (Delegation of Powers) Act, 1967",30 of 1967,Act 56 of 1974,1967
The Heavy Chemical Industry (Protection) Act 1931,22 of 1931,Act 32 of 1934,1931
The High Court (Agra) Act 1866,24 of 1866,Act 10 of 1877,1866
"The High Court And Supreme Court Judges (Salaries And Condition Of Services) Amendment Act, 2005",46 of 2005,Act 19 of 2015,2005
"The High Court And Supreme Court Judges (Salaries And Condition Of Services) Amendment Act, 2009",23 of 2009,Act 19 of 2015,2009
"The High Court And Supreme Court Judges (Salaries And Conditions of Service) Amendment Act, 1998",7 of 1999,Act 19 of 2015,1999
The High Court Fees Act 1868,15 of 1868,Act 7 of 1870,1868
The High Court Judges (Conditions of Service) Amendment Act 1958,46 of 1958,Act 58 of 1960,1958
The High Court Judges (Conditions of Service) Amendment Act 1987,48 of 1987,Act 30 of 2001,1987
"The High Court Judges (Conditions of Service) Amendment Act, 1961",50 of 1961,Act 52 of 1964,1961
"The High Court Judges (Conditions of Service) Amendment Act, 1964",27 of 1964,Act 56 of 1974,1964
"The High Court Judges (Conditions of Service) Amendment Act, 1971",78 of 1971,Act 38 of 1978,1971
"The High Court Judges (Conditions of Service) Amendment Act, 1976",35 of 1976,Act 19 of 1988,1976
"The High Court Judges (Salaries And Conditions of Service) Amendment Act, 2002",7 of 2003,Act 19 of 2015,2003
"The High Court Jurisdiction (Sindh) Act, 1872",5 of 1872,Reg. Act 6 of 1936,1872
The High Court and Supreme Court Judges (Conditions of Service) Amendment Act 1988,20 of 1988,Act 30 of 2001,1988
"The High Court and Supreme Court Judges (Conditions of Service) Amendment Act, 1980",57 of 1980,Act 19 of 1988,1980
"The High Court and Supreme Court Judges (Conditions of Service) Amendment Act, 1985",36 of 1985,Act 30 of 2001,1985
"The High Court and Supreme Court Judges (Conditions of Service) Amendment Act, 1986",38 of 1986,Act 30 of 2001,1986
"The High Court and Supreme Court Judges (Conditions of Service) Amendment Act, 1989",32 of 1989,Act 30 of 2001,1989
"The High Court and Supreme Court Judges (Conditions of Service) Amendment Act, 1998",18 of 1998,Act 30 of 2001,1998
"The High Court and Supreme Court Judges (Conditions of Services) Amendment Act, 1993",2 of 1994,Act 30 of 2001,1994
"The High Court and Supreme Court Judges (Salaries and Conditions of Service) Amendment Act, 2018",10 of 2018,Act 37 of 2025,2018
"The High Court and Supreme Court Judges (Salaries and Conditions of Service) Amendment Act, 2021",44 of 2021,Act 37 of 2025,2021
The High Court and the Supreme Court Judges (Salaries and Conditions of Service) Amendment Act 2016,13 of 2016,Act 31 of 2019,2016
The High Courts&apos; Criminal Procedure Act 1875,10 of 1875,Act 5 of 1898,1875
The High Courts&apos; Criminal Procedure Amendment Act 1865,13 of 1865,Act 10 of 1875,1865
"The High Denomination Bank Notes (Demonetisation) Act, 1978",11 of 1978,Act 18 of 2023,1978
"The High Denomination Bank Notes (Demonetisation) Amendment Act, 1998",3 of 1999,Act 31 of 2019,1999
The Himachal Pradesh Legislative Assembly (Constitution and Proceedings) Validation Act 1958,56 of 1958,Act 31 of 2019,1958
The Himachal Pradesh State Legislature (Delegation of Powers) Act 1993,5 of 1993,Act 30 of 2001,1993
"The Hindi Sahitya Sammelan (Amendment) Act, 1963",1 of 1963,Act 31 of 2019,1963
"The Hindu Adoptions and Maintenance (Amendment) Act, 1962",45 of 1962,Act 56 of 1974,1962
The Hindu Inheritance (Removal of Disabilities) Act 1928,12 of 1928,Act 2 of 2018,1928
"The Hindu Law of Inheritance (Amendment) Act, 1929",2 of 1929,"Sec 31, Act 30 of 1956",1929
The Hindu Marriage (Amendment) Act 1956,73 of 1956,Act 58 of 1960,1956
"The Hindu Marriage (Amendment) Act, 1964",44 of 1964,Act 56 of 1974,1964
"The Hindu Marriage Disabilities Removal Act, 1946",28 of 1946,Act 25 of 1955,1946
The Hindu Marriages (Validation of Proceedings) Act 1960,19 of 1960,Act 2 of 2018,1960
The Hindu Marriages Validity Act 1949,21 of 1949,Act 25 of 1955,1949
"The Hindu Succession (Amendment) Act, 2005",39 of 2005,Act 17 of 2015,2005
"The Hindu Transfers and Bequests (City of Madras ) Act, 1921",8 of 1921,"Sec 4 and Second Sch, Act 48 of 1959",1921
The Hindu Widows&apos; Re- marriage Act 1856,15 of 1856,Act 24 of 1983,1856
"The Hindu Widows' Re-Marriage (Repeal) Act, 1983",24 of 1983,Act 19 of 1988,1983
The Hindu Wills Act 1870,21 of 1870,Act 39 of 1925,1870
"The Hindu Women?s Rights to Property (Amendment) Act, 1938",11 of 1938,Act 2 of 2018,1938
"The Hindu Women?s Rights to Property Act, 1937",17 of 1937,Act 30 of 1942,1937
The Hindustan Tractors Limited (Acquisition and Transfer of Undertakings) Act 1978,13 of 1978,Act 4 of 2018,1978
"The Hindustan Tractors Limited (Acquisition and Transfer of Undertakings) Amendment Act, 1980",50 of 1980,Act 19 of 1988,1980
"The Hire-Purchase Act, 1972",26 of 1972,Act 31 of 2005,1972
"The Hire-purchase (Repeal) Act, 2005",31 of 2005,"Rep., Act 02 of 2018",2005
"The Homoeopathy Central Council (Amendment) Act, 2002",51 of 2002,Act 19 of 2015,2002
"The Homoeopathy Central Council (Amendment) Act, 2018",23 of 2018,Act 37 of 2023,2018
"The Homoeopathy Central Council (Amendment) Act, 2019",11 of 2019,Act 37 of 2023,2019
"The Homoeopathy Central Council (Amendment) Act, 2020",24 of 2020,Act 37 of 2025,2020
"The Hooghly Docking and Engineering Company Limited (Acquisition and Transfer of Undertakings) Act, 1984",55 of 1984,Act 37 of 2025,1984
"The House of the People (Extension of Duration) Act, 1976",30 of 1976,Act 19 of 1988,1976
"The House of the People (Extension of Duration) Amendment Act, 1976",109 of 1976,Act 19 of 1988,1976
"The Howrah Offences Act, 1857",21 of 1857,Act 4 of 2018,1857
The Husainabad Endowment Act 1878,15 of 1878,Act U.P. 16 of 1960,1878
The Hyderabad Coinage and Paper Currency (Miscellaneous Provisions) Act 1953,10 of 1953,Act 36 of 1957,1953
The Hyderabad Export Duties (Validation) Act 1955,20 of 1955,Act 26 of 2001,1955
"The Hyderabad Export Duties (Validation) Repeal Act, 2001",26 of 2001,Act 02 of 2018,2001
The Hyderabad Public Companies (Limitation of Dividends) Repealing Act 1951,31 of 1951,Act 36 of 1957,1951
The Hyderabad Securities Contracts Regulation (Repeal) Act 1958,17 of 1958,Act 58 of 1960,1958
"The Identification of Prisoners Act, 1920",33 of 1920,Act 11 of 2022,1920
"The Illegal Migrants (Determination by Tribunals) Amendment Act, 1988",24 of 1988,Act 30 of 2001,1988
"The Illusory Appointment And Infants' Property Act, 1841",24 of 1841,Act 48 of 1852,1841
"The Immigration (Carriersâ?? Liability) Amendment Act, 2005",44 of 2005,Act 4 of 2018,2005
"The Immigration (carriers' Liability) Act, 2000",52 of 2000,Act 13 of 2025,2000
"The Imperial Bank of India (Amendment) Act, 1924",17 of 1924,"Sec 2 and Sch, Act 1 of 1938",1924
"The Imperial Banks of India (Amendment) Act, 1934",03 of 1934,Act 1 of 1938,1934
The Imperial Library (Change of Name) Act 1948,51 of 1948,Act 2 of 2018,1948
The Imperial Library (Indentures Validation) Act 1902,1 of 1902,Act 53 of 2002,1902
"The Import and Export of Goods (Amendment) Act, 1920",13 of 1920,Act 4 of 1921,1920
"The Import and Export of Goods (Amendment) Act, 1921",4 of 1921,"Sec 2 and Sch, Act 12 of 1927",1921
The Import and Export of Goods Act 1916,11 of 1916,Act 12 of 1927,1916
The Imports and Exports (Control) Act 1947,18 of 1947,Act 22 of 1992,1947
The Imports and Exports (Control) Amendment Act 1955,2 of 1955,Act 58 of 1960,1955
The Imports and Exports (Control) Amendment Act 1960,4 of 1960,Act 52 of 1964,1960
"The Imports and Exports (Control) Amendment Act, 1966",2 of 1966,56 of 1974,1966
"The Imports and Exports (Control) Amendment Act, 1976",12 of 1976,Act 19 of 1988,1976
"The Imports and Exports (Control)Amendment act, 1949",63 of 1949,Act 48 of 1952,1949
The Income Tax (Amendment) Act 1965,1 of 1965,20 of 2000,1965
The Income Tax Act 1863,27 of 1863,Act 8 of 1868,1863
The Income Tax Act 1869,9 of 1869,Act 16 of 1870,1869
The Income-Tax (Amendment) Act 1981,22 of 1981,Act 19 of 1988,1981
"The Income-Tax (Amendment) Act, 1986",26 of 1986,Act 30 of 2001,1986
"The Income-Tax (Amendment) Act, 1996",35 of 1996,Act 30 of 2001,1996
"The Income-Tax (Amendment) Act, 1997",14 of 1997,Act 30 of 2001,1997
"The Income-Tax (Amendment) Act, 1998",7 of 1998,Act 30 of 2001,1998
The Income-Tax (Second Amendment) Act 1981,38 of 1981,Act 19 of 1988,1981
"The Income-tax (Amendment) Act, 1934",29 of 1934,Act 1 of 1938,1934
"The Income-tax (Amendment) Act, 1939",7 of 1939,Act 25 of 1942,1939
"The Income-tax (Amendment) Act, 1963",43 of 1963,Act 56 of 1974,1963
"The Income-tax (Amendment) Act, 1976",1 of 1976,Act 19 of 1988,1976
"The Income-tax (Amendment) Act, 1989",11 of 1989,Act 30 of 2001,1989
"The Income-tax (Amendment) Act, 1999",28 of 1999,23 of 2016,1999
"The Income-tax (Second Amendment) Act, 1998",11 of 1999,23 of 2016,1999
"The Income-tax and Business Profits Tax (Amendment) Act, 1948",48 of 1948,Act 23 of 2016,1948
"The Indain Lunatic Asylums Act, 1858",36 of 1858,Act 4 of 1912,1858
The Indain Sale of Goods (Amendment) Act 1963,33 of 1963,Act 56 of 1974,1963
"The Indain Trusts (Amendment) Act, 1916",1 of 1916,Act 1 of 1938,1916
The Indemnity Act 1919,27 of 1919,Act 1 of 1938,1919
The India Oilseeds Committee (Amendment) Act 1952,68 of 1952,Act 36 of 1957,1952
The India Post Office (Amendment) Act 1960,52 of 1960,Act 52 of 1964,1960
"The India Reserve Forces (Amendment) Act, 1931",12 of 1931,Act 1 of 1938,1931
"The India Tea Cess (Amendment) Act, 1921",1 of 1921,"Sec 2 and Sch, Act 1 of 1938",1921
"The India Volunteers Act, 1869",20 of 1869,Act 49 of 1920,1869
"The Indian (Specified Instruments) Stamp Act, 1924",13 of 1924,"Sec 2 and First Sch, Act 48 of 1952",1924
The Indian Air Force Act 1932,14 of 1932,pt Act 45 of 1950,1932
The Indian Air Force Volunteer Reserve (Discipline) Act 1939,36 of 1939,Act 62 of 1952,1939
The Indian Aircraft (Amendment) Act 1960,44 of 1960,Act 52 of 1964,1960
"The Indian Aircraft (Amendment) Act, 1914",16 of 1914,Act 22 of 1934,1914
"The Indian Aircraft (Amendment) Act, 1938",22 of 1938,Act 25 of 1942,1938
"The Indian Aircraft (Amendment) Act, 1939",37 of 1939,Act 25 of 1942,1939
"The Indian Aircraft (Amendment) Act, 1948",24 of 1948,Act 35 of 1950,1948
"The Indian Aircraft Act, 1911",17 of 1911,Act 22 of 1934,1911
"The Indian Arbitration (Amendment) Act, 1933",21 of 1933,Act 1 of 1938,1933
"The Indian Arms (Amendment) Act, 1919",20 of 1919,Act 1 of 1938,1919
"The Indian Arms (Amendment) Act, 1949",47 of 1949,Act 48 of 1952,1949
"The Indian Arms Act, 1878",11 of 1878,Pun Act 15 of 1961,1878
"The Indian Army (Amendment) Act, 1914",15 of 1914,Act 1 of 1938,1914
"The Indian Army (Amendment) Act, 1917",10 of 1917,Act 1 of 1938,1917
"The Indian Army (Amendment) Act, 1918",11 of 1918,Act 1 of 1938,1918
"The Indian Army (Amendment) Act, 1920",37 of 1920,1 of 1938,1920
"The Indian Army (Amendment) Act, 1923",33 of 1923,"Sec 2 and Sch, Act 1 of 1938",1923
"The Indian Army (Amendment) Act, 1934",33 of 1934,Act 1 of 1938,1934
"The Indian Army (Amendment) Act, 1935",7 of 1935,Act 1 of 1938,1935
"The Indian Army (Amendment) Act, 1937",15 of 1937,Act 25 of 1942,1937
The Indian Army (Suspension of Sentences) Act 1917,4 of 1917,Act 20 of 1920,1917
The Indian Army (Suspension of Sentences) Act 1920,20 of 1920,Act 46 of 1950,1920
"The Indian Army (Suspension of Sentences) Amendment Act, 1918",18 of 1918,Act 20 of 1920,1918
The Indian Army and Air Force (Military Prisons and Detention Barracks) Act 1943,14 of 1943,Act 2 of 1948,1943
"The Indian Army and Indian Air Force (Amendment) Act, 1948",17 of 1948,Act 35 of 1950,1948
"The Indian Articles of War (Amendment) Act, 1901",9 of 1901,8 of 1911,1901
"The Indian Articles of War (Amendment) Act, 1905",5 of 1905,8 of 1911,1905
The Indian Articles of War Act 1869,5 of 1869,Act 8 of 1911,1869
"The Indian Articles of War Amendment Act, 1894",12 of 1894,Act 8 of 1911,1894
"The Indian Articles of War Amendment Act, 1900",1 of 1900,Act 8 of 1911,1900
"The Indian Articles of Was (Amendment) Act, 1904",13 of 1904,Act 8 of 1911,1904
"The Indian Bar Councils (Amendment) Act, 1927",13 of 1927,"Sec 2 and Sch, Act 1 of 1938",1927
"The Indian Bar Councils Act, 1926",38 of 1926,Act 25 of 1961,1926
"The Indian Bill of Exchange (Amendment) Act, 1917",9 of 1917,Act 12 of 1927,1917
"The Indian Bills of Exchange Act, 1916",14 of 1916,Act 12 of 1927,1916
"The Indian Bills of Lading Act 1856, 9 of 1856 (Rep., Act 18 of 2025)""",,,1856
The Indian Boilers (Amendment) Act 1951,38 of 1951,Act 36 of 1957,1951
The Indian Boilers (Amendment) Act 1952,25 of 1952,Act 36 of 1957,1952
The Indian Boilers (Amendment) Act 2007,49 of 2007,Act 23 of 2016,2007
"The Indian Boilers (Amendment) Act, 1937",11 of 1937,Act 25 of 1942,1937
"The Indian Boilers (Amendment) Act, 1947",34 of 1947,Act 35 of 1950,1947
"The Indian Boilers (Amendment) Act, 1960",18 of 1960,Act 23 of 2016,1960
"The Indian Carriage by Air (Amendment) Act, 1939",31 of 1939,Act 25 of 1942,1939
The Indian Carriage by Air Act 1934,20 of 1934,Act 69 of 1972,1934
"The Indian Carriage of Goods by Sea Act, 1925",26 of 1925,Act 19 of 2025,1925
The Indian Census Act 1880,14 of 1880,Act 16 of 2001,1880
The Indian Census Act 1890,17 of 1890,Act 1 of 1903,1890
The Indian Census Act 1900,10 of 1900,Act 12 of 1927,1900
The Indian Census Act 1910,16 of 1910,Act 12 of 1927,1910
The Indian Census Act 1920,4 of 1920,Act 12 of 1927,1920
The Indian Census Act 1939,24 of 1939,Act 6 of 1945,1939
"The Indian Census Act, 1929",10 of 1929,"Sec 2 and First Sch, Act 48 of 1952",1929
"The Indian Christian Marriage (Amendment) Act, 1911",13 of 1911,1 of 1938,1911
"The Indian Christian Marriage Act (1872) Amendment Act, 1891",2 of 1891,Act 1 of 1938,1891
The Indian Coconut Committee (Amendment) Act 1952,69 of 1952,Act 36 of 1957,1952
The Indian Coconut Committee (Amendment) Act 1956,47 of 1956,Act 58 of 1960,1956
"The Indian Coffee Cess (Amendment) Act, 1938",15 of 1938,Act 25 of 1942,1938
The Indian Coffee Cess Act 1935,14 of 1935,Act 4 of 1947,1935
The Indian Coinage (Amendment) Act 1955,31 of 1955,Act 58 of 1960,1955
The Indian Coinage (Amendment) Act 1975,47 of 1975,Act 38 of 1978,1975
"The Indian Coinage (Amendment) Act, 1918",4 of 1918,Act 1 of 1938,1918
"The Indian Coinage (Amendment) Act, 1919",21 of 1919,Act 1 of 1938,1919
"The Indian Coinage (Amendment) Act, 1920",36 of 1920,Act 12 of 1927,1920
"The Indian Coinage (Amendment) Act, 1924",10 of 1924,"Sec 2 and Sch, Act 1 of 1938",1924
"The Indian Coinage (Amendment) Act, 1940",6 of 1940,Act 06 of 1945,1940
"The Indian Coinage (Amendment) Act, 1964",17 of 1964,Act 56 of 1974,1964
"The Indian Coinage (Amendment) Act, 1968",28 of 1968,Act 56 of 1974,1968
The Indian Coinage Act 1870,23 of 1870,Act 03 of 1906,1870
"The Indian Coinage and Paper Currency Act, 1899",22 of 1899,Act 3 of 1906,1899
The Indian Companies (Amendment) Act,33 of 1926,"Sec 2 and Sch, Act 1 of 1938",1926
The Indian Companies (Amendment) Act 1914,11 of 1914,Act 1 of 1938,1914
The Indian Companies (Amendment) Act 1920,42 of 1920,Act 1 of 1938,1920
The Indian Companies (Amendment) Act 1952,51 of 1952,Act 1 of 1956,1952
"The Indian Companies (Amendment) Act, 1910",4 of 1910,Act 7 of 1913,1910
"The Indian Companies (Amendment) Act, 1936",22 of 1936,Act 23 of 2016,1936
"The Indian Companies (Amendment) Act, 1938",2 of 1938,Act 25 of 1942,1938
"The Indian Companies (Amendment) Act, 1940",36 of 1940,Act 06 of 1945,1940
"The Indian Companies (Amendment) Act, 1941",26 of 1941,Act 06 of 1945,1941
"The Indian Companies (Amendment) Act, 1942",17 of 1942,Act 02 of 1948,1942
"The Indian Companies (Amendment) Act, 1951",52 of 1951,Act 01 of 1956,1951
"The Indian Companies (Branch Registers) Act 1900, 4 to 1900",,Act 7 of 1913,1900
The Indian Companies (Foreign Interests) Act 1918,20 of 1918,Act 24 of 2000,1918
"The Indian Companies (Foreign Interests) and the Companies (Temporary Restrictions on Dividends) Repeal Act, 2000",24 of 2000,Act 23 of 2016,2000
"The Indian Companies (Second Amendment) Act, 1942",21 of 1942,Act 02 of 1948,1942
The Indian Companies Act (1882) Amendment Act 1887,6 of 1887,7 of 1913,1887
The Indian Companies Act 1866,10 of 1866,Act 6 of 1882,1866
The Indian Companies Act 1882,6 of 1882,Act 1 of 1956,1882
The Indian Companies Act 1913,7 of 1913,Act 1 of 1956,1913
The Indian Companies Restriction Act 1918,12 of 1918,Act 24 of 1919,1918
The Indian Companies Restriction Repealing Act 1919,24 of 1919,Act 11 of 1923,1919
"The Indian Companies Supplementary (Amendment) Act, 1932",1 of 1932,Act 1 of 1938,1932
The Indian Contagious Diseases Act 1868,14 of 1868,Act 9 of 1888,1868
"The Indian Contract (Amendment) Act, 1930",4 of 1930,"Sec 2 and Sch, Act 1 of 1938",1930
"The Indian Contract (Amendment) Act, 1996",1 of 1997,Act 30 of 2001,1997
"The Indian Contract Act (1872) Amendment Act, 1886",4 of 1886,Act 1 of 1938,1886
"The Indian Contract Act Amendment Act, 1899",6 of 1899,Act 1 of 1938,1899
"The Indian Copper Corporation (Acquisition of Undertaking) Act, 1972",58 of 1972,Act 23 of 2016,1972
"The Indian Copper Corporation (Taking over of Management) Act, 1972",11 of 1972,Act 58 of 1972,1972
The Indian Copyright Act 1914,3 of 1914,Act 14 of 1957,1914
"The Indian Copyright Act, 1847",20 of 1847,Act 3 of 1914,1847
"The Indian Cotton Cess (Amendment) Act, 1924",1 of 1924,"Sec 2 and Sch, Act 1 of 1938",1924
"The Indian Cotton Cess (Amendment) Act, 1925",18 of 1925,"Sec 2 and Sch, Act 1 of 1938",1925
"The Indian Cotton Cess (Amendment) Act, 1929",14 of 1929,"Sec 2 and Sch, Act 1 of 1938",1929
"The Indian Cotton Cess (Amendment) Act, 1939, 5 of 1939 (Rep., Act 25 of 1942)",5 of 1939,Act 25 of 1942,1939
"The Indian Cotton Cess (Amendment) Act, 1947",51 of 1947,Act 35 of 1950,1947
"The Indian Cotton Cess (Amendment) Act, 1948",59 of 1948,Act 35 of 1950,1948
"The Indian Cotton Cess (Amendment) Act, 1956",50 of 1956,Act 04 of 2018,1956
"The Indian Council of World Affairs (Amendment) Act, 2003",5 of 2004,Act 23 of 2016,2004
The Indian Criminal Law Amendment Act 1923,12 of 1923,"Sec 2 and Sch, Act 1 of 1938",1923
"The Indian Criminal Law Amendment Act, 1886",10 of 1886,Act 1 of 1938,1886
"The Indian Criminal Law Amendment Act, 1891",10 of 1891,Act 1 of 1938,1891
"The Indian Criminal Law Amendment Act, 1894",3 of 1894,Act 1 of 1938,1894
"The Indian Criminal Law Amendment Act, 1895",3 of 1895,Act 1 of 1938,1895
"The Indian Criminal Law Amendment Act, 1913",8 of 1913,Act 1 of 1938,1913
"The Indian Criminal Law Amendment Act, 1924",18 of 1924,"Sec 2 and Sch, Act 1 of 1938",1924
"The Indian Criminal Law Amendment Repealing Act, 1922",5 of 1922,"Sec 2 and Sch, Act 12 of 1927",1922
The Indian Customs- duties Act 1865,17 of 1865,Act 25 of 1865,1865
The Indian Customs-duties Act 1865,25 of 1865,Act 8 of 1868,1865
"The Indian Defence Force (Amendment) Act, 1918",8 of 1918,Act 49 of 1920,1918
"The Indian Defence Force (Foreign Service) Amendment Act, 1918",21 of 1918,Act 49 of 1920,1918
"The Indian Defence Force (Further Amendment) Act, 1918",19 of 1918,Act 11 of 1923,1918
The Indian Defence Force Act 1917,3 of 1917,Act 49 of 1920,1917
"The Indian Divorce (Amendment) Act, 1912",10 of 1912,Act 1 of 1938,1912
"The Indian Divorce (Amendment) Act, 1926",15 of 1927,"Sec 2 and Sch, Act 1 of 1938",1927
"The Indian Divorce (Amendment) Act, 2001",51 of 2001,Act 17 of 2015,2001
"The Indian Divorce (Second Amendment) Act, 1927",30 of 1927,"Sec 2 and Sch, Act 1 of 1938",1927
The Indian Dock Labourers Act 1934,19 of 1934,Act 54 of 1986,1934
The Indian Elections Offences and Inquiries Act 1920,39 of 1920,Act 43 of 1951,1920
The Indian Electricity (Amendment),40 of 1923,"Sec 2 and Sch, Act 1 of 1938",1923
"The Indian Electricity (Amendment) Act, 1937",10 of 1937,Act 25 of 1942,1937
"The Indian Electricity (Amendment) Act, 1959",32 of 1959,Act 52 of 1964,1959
"The Indian Electricity (Amendment) Act, 1986",31 of 1986,Act 30 of 2001,1986
"The Indian Electricity (Amendment), Act 1922",1 of 1922,"Sec 2 and Sch, Act 1 of 1938",1922
The Indian Electricity Act 1903,3 of 1903,Act 9 of 1910,1903
"The Indian Electricity Act, 1910",9 of 1910,Act 36 of 2003,1910
The Indian Emigration (Amendment) Act 1963,23 of 1963,Act 56 of 1974,1963
"The Indian Emigration (Amendment) Act, 1902",10 of 1902,17 of 1908,1902
"The Indian Emigration (Amendment) Act, 1904",12 of 1904,Act 17 of 1908,1904
"The Indian Emigration (Amendment) Act, 1908",12 of 1908,Act 17 of 1908,1908
"The Indian Emigration (Amendment) Act, 1910",14 of 1910,Act 11 of 1923,1910
"The Indian Emigration (Amendment) Act, 1927",27 of 1927,"Sec 2 and Sch, Act 1 of 1938",1927
"The Indian Emigration (Amendment) Act, 1932",16 of 1932,Act 1 of 1938,1932
"The Indian Emigration (Amendment) Act, 1938",21 of 1938,Act 25 of 1942,1938
"The Indian Emigration (Amendment) Act, 1940",8 of 1940,Act 06 of 1945,1940
"The Indian Emigration (Amendment) Act, 1949",3 of 1949,Act 48 of 1952,1949
"The Indian Emigration Act (1883) Amendment Act, 1890",18 of 1890,17 of 1908,1890
"The Indian Emigration Act (1883) Amendment Act, 1896",1 of 1896,Act 17 of 1908,1896
The Indian Emigration Act 1871,7 of 1871,Act 21 of 1883,1871
The Indian Emigration Act 1908,17 of 1908,Act 7 of 1922,1908
The Indian Emigration Act 1922,7 of 1922,Act 31 of 1983,1922
"The Indian Emigration Act, 1883",21 of 1883,Act 17 of 1908,1883
"The Indian Emigration Act, Amendment Act, 1897",7 of 1897,Act 17 of 1908,1897
"The Indian Evidence (Amendment) Act, 1926",31 of 1926,"Sec 2 and Sch, Act 1 of 1938",1926
"The Indian Evidence (Amendment) Act, 2002",4 of 2003,Act 17 of 2015,2003
"The Indian Evidence Act (1872) Amendment Act, 1887",3 of 1887,Act 1 of 1938,1887
"The Indian Evidence Act (1872) Amendment Act, 1891",3 of 1891,Act 1 of 1938,1891
"The Indian Evidence Act, 1872",1 of 1872,Act 47 of 2023,1872
"The Indian Evidence Act, 1899",5 of 1899,Act 1 of 1938,1899
"The Indian Evidence Amendment Act, 1872",18 of 1872,Act 1 of 1938,1872
The Indian Explosives (Amendment) Act 1952,3 of 1952,Act 36 of 1957,1952
The Indian Explosives (Amendment) Act 1978,32 of 1978,Act 19 of 1988,1978
"The Indian Extradition (Amendment) Act, 1913",1 of 1913,Act 1 of 1938,1913
"The Indian Extradition (Amendment) Act, 1922",16 of 1922,"Sec 2 and Sch, Act 1 of 1938",1922
"The Indian Factories (Amendment) Act, 1922",2 of 1922,"Sec 82 and Sch, Act 25 of 1934",1922
"The Indian Factories (Amendment) Act, 1923",9 of 1923,"Sec 82 and Sch, Act 25 of 1934",1923
"The Indian Factories (Amendment) Act, 1926",26 of 1926,"Sec 82 and Sch, Act 25 of 1934",1926
"The Indian Factories (Amendment) Act, 1931",13 of 1931,Act 1 of 1938,1931
The Indian Factories Act 1881,15 of 1881,Act 12 of 1911,1881
"The Indian Factories Act, 1891",11 of 1891,Act 12 of 1911,1891
"The Indian Factories Act, 1911",12 of 1911,Act 25 of 1934,1911
The Indian Finance (Supplementary and Extending) Act 1931,23 of 1931,Act 1 of 1944,1931
"The Indian Finance (Supplementary and Extending) Amendment Act, 1932",4 of 1932,Act 20 of 1937,1932
The Indian Finance (Supplementary) Act 1947,42 of 1947,Act 35 of 1950,1947
The Indian Finance Act 1921,6 of 1921,Act 11 of 1923,1921
The Indian Finance Act 1922,12 of 1922,Act 1 of 1944,1922
The Indian Finance Act 1925,13 of 1925,Act 20 of 1937,1925
The Indian Finance Act 1928,5 of 1928,Act 8 of 1930,1928
The Indian Finance Act 1929,6 of 1929,Act 32 of 1934,1929
The Indian Finance Act 1930,15 of 1930,Act 20 of 1937,1930
"The Indian Finance Act, 1927",5 of 1927,"Sec 2 and Sch, Act 1 of 1938",1927
"The Indian Fisheries Act, 1897",4 of 1897,Act 17 of 2015,1897
"The Indian Foreign Marriage Act, 1903",14 of 1903,33 of 1969,1903
"The Indian Forest (Amendment) Act, 1901, 5 of 1901 (Rep., Act 16 of 1927).",,,1901
"The Indian Forest (Amendment) Act, 1911",15 of 1911,16 of 1927,1911
"The Indian Forest (Amendment) Act, 1918",1 of 1918,16 of 1927,1918
"The Indian Forest (Amendment) Act, 1930",26 of 1930,"Sec 2 and Sch, Act 1 of 1938",1930
"The Indian Forest (Amendment) Act, 1933",3 of 1933,Act 1 of 1938,1933
The Indian Forest Act 1878,7 of 1878,Act 16 of 1927,1878
The Indian Income Tax Act 1870,16 of 1870,Act 12 of 1871,1870
The Indian Income Tax Act 1871,12 of 1871,Act 16 of 1874,1871
The Indian Income Tax Act 1872,8 of 1872,Act 16 of 1874,1872
"The Indian Income Tax Act, 1886",2 of 1886,Act 7 of 1918,1886
The Indian Income-Tax Act 1922,11 of 1922,Act 43 of 1961,1922
"The Indian Income-tax (Amendment No. 2) Act, 1920",44 of 1920,Act 11 of 1922,1920
"The Indian Income-tax (Amendment) Act, 1903",11 of 1903,7 of 1918,1903
"The Indian Income-tax (Amendment) Act, 1916",5 of 1916,Act 7 of 1918,1916
"The Indian Income-tax (Amendment) Act, 1917",7 of 1917,Act 7 of 1918,1917
"The Indian Income-tax (Amendment) Act, 1920",17 of 1920,Act 11 of 1922,1920
"The Indian Income-tax (Amendment) Act, 1923",15 of 1923,"Sec 2 and Sch, Act 1 of 1938",1923
"The Indian Income-tax (Amendment) Act, 1924",11 of 1924,"Sec 2 and Sch, Act 1 of 1938",1924
"The Indian Income-tax (Amendment) Act, 1925",5 of 1925,"Sec 2 and Sch, Act 1 of 1938",1925
"The Indian Income-tax (Amendment) Act, 1926",24 of 1926,"Sec 2 and Sch, Act 1 of 1938",1926
"The Indian Income-tax (Amendment) Act, 1927",28 of 1927,"Sec 2 and Sch, Act 1 of 1938",1927
"The Indian Income-tax (Amendment) Act, 1928",16 of 1928,"Sec 2 and Sch, Act 1 of 1938",1928
"The Indian Income-tax (Amendment) Act, 1930",21 of 1930,"Sec 2 and Sch, Act 1 of 1938",1930
"The Indian Income-tax (Amendment) Act, 1931",4 of 1931,Act 1 of 1938,1931
"The Indian Income-tax (Amendment) Act, 1933",12 of 1933,Act 1 of 1938,1933
"The Indian Income-tax (Amendment) Act, 1937",4 of 1937,Act 25 of 1942,1937
"The Indian Income-tax (Amendment) Act, 1941",23 of 1941,Act 23 of 2016,1941
"The Indian Income-tax (Amendment) Act, 1948",55 of 1948,Act 35 of 1950,1948
"The Indian Income-tax (Amendment) Act, 1950",71 of 1950,Act 23 of 2016,1950
"The Indian Income-tax (Amendment) Act, 1953",25 of 1953,Act 23 of 2016,1953
"The Indian Income-tax (Amendment) Act, 1954",33 of 1954,Act 23 of 2016,1954
"The Indian Income-tax (Amendment) Act, 1956, 26 of 1956, Rep., by Act 23 of 2016",,,1956
"The Indian Income-tax (Amendment) Act, 1959",1 of 1959,Act 23 of 2016,1959
"The Indian Income-tax (Further Amendment) Act, 1923",27 of 1923,"Sec 2 and Sch, Act 1 of 1938",1923
The Indian Income-tax (Provident Funds Relief) Act 1929,12 of 1929,Act 1 of 1938,1929
"The Indian Income-tax (Second Amendment) Act, 1930",22 of 1930,"Sec 2 and Sch, Act 1 of 1938",1930
"The Indian Income-tax (Second Amendment) Act, 1933",18 of 1933,Act 1 of 1938,1933
"The Indian Income-tax (Third Amendment) Act, 1930",23 of 1930,"Sec 2 and Sch, Act 1 of 1938",1930
"The Indian Income-tax (amendment) Act, 1919",4 of 1919,Act 11 of 1922,1919
The Indian Income-tax Act 1918,7 of 1918,Act 11 of 1922,1918
"The Indian Income-tax Law (Amendment) Act, 1940",12 of 1940,Act 23 of 2016,1940
"The Indian Income-tax and Business Profit Tax (Amendment) Act, 1947",44 of 1947,Act 23 of 2016,1947
"The Indian Income-tax and Excess Profit Tax (Amendment) Act, 1947",22 of 1947,Act 35 of 1950,1947
The Indian Independence Act 1947,,Article 395 of Constitution of India,1947
"The Indian Independence Pakistan Courts (Pending Proceedings) Act, 1952",9 of 1952,Act 23 of 2016,1952
The Indian Insolvency Rules Act 1898,10 of 1898,Act 48 of 1952,1898
"The Indian Institute of Technology (Kharagpur) Act, 1956",51 of 1956,Act 59 of 1961,1956
The Indian Institutes of Information Technology (Amendment) Act 2017,25 of 2017,Act 31 of 2019,2017
The Indian Insurance Companies Act 1928,20 of 1928,Act 4 of 1938,1928
"The Indian Iron and Steel Company (Acquisition of Shares) Act, 1976",89 of 1976,Act 4 of 2018,1976
The Indian Iron and Steel Company (Acquisition of Shares) Amendment Act 1977,39 of 1977,Act 19 of 1988,1977
The Indian Iron and Steel Company (Acquisition of Shares) Amendment Act 1981,59 of 1981,Act 19 of 1988,1981
"The Indian Iron and Steel Company (Taking Over of Management Amendment Act, 1974",36 of 1974,Act 38 of 1978,1974
"The Indian Iron and Steel Company (Taking over of Management) Act, 1972",50 of 1972,Act 26 of 2000,1972
The Indian Lac Cess (Amendment) Act 1956,35 of 1956,Act 58 of 1960,1956
"The Indian Lac Cess (Amendment) Act, 1936",9 of 1936,Act 32 of 1940,1936
"The Indian Lac Cess (Amendment) Act, 1937",5 of 1937,Act 25 of 1942,1937
"The Indian Lac Cess (Ameudment) Act, 1948",30 of 1948,Act 35 of 1950,1948
The Indian Lac Cess Act 1921,14 of 1921,Act 24 of 1930,1921
The Indian Law Reports Act 1875,2 of 1875,Act 18 of 1875,1875
The Indian Licence Acts Amendment Act 1880,6 of 1880,Act 2 of 1886,1880
"The Indian Life Assurance Companies (Amendment) Act, 1914",13 of 1914,Act 1 of 1938,1914
The Indian Life Assurance Companies Act 1912,6 of 1912,Act 4 of 1938,1912
"The Indian Light House (Amendment) Act, 1959",16 of 1959,Act 52 of 1964,1959
The Indian Lighthouse (Amendment) Act 1953,18 of 1953,Act 36 of 1957,1953
"The Indian Lighthouse (Amendment) Act, 1976",37 of 1976,Act 19 of 1988,1976
"The Indian Limitation (Amendment) Act, 1922",10 of 1922,"Sec 2 and Sch, Act 1 of 1938",1922
"The Indian Limitation (Amendment) Act, 1925",30 of 1925,"Sec 2 and Sch, Act 1 of 1938",1925
"The Indian Limitation (Amendment) Act, 1927",1 of 1927,"Sec 2 and Sch, Act 1 of 1938",1927
"The Indian Limitation (Amendment) Act, 1937",14 of 1937,Act 25 of 1942,1937
"The Indian Limitation (Amendment) Act, 1942",16 of 1942,Act 02 of 1948,1942
"The Indian Limitation (Second Amendment) Act, 1927",9 of 1927,"Sec 2 and Sch, Act 1 of 1938",1927
The Indian Limitation Act 1871,9 of 1871,Act 15 of 1877,1871
The Indian Limitation Act 1877,15 of 1877,Act 9 of 1908,1877
The Indian Limitation Act 1908,9 of 1908,Act 36 of 1963,1908
"The Indian Limitation Act and Civil Procedure Code Amendment Act, 1892",6 of 1892,Act 10 of 1914,1892
The Indian Limitation Amendment Act 1900,11 of 1900,Act 9 of 1908,1900
"The Indian Limitation and Code of Civil Procedure (Amendment) Act, 1920",26 of 1920,Act 1 of 1938,1920
"The Indian Limitations (Amendment) Act, 1929",1 of 1929,"Sec 2 and Sch, Act 1 of 1938",1929
"The Indian Lunacy (Amendment) Act, 1916",12 of 1916,Act 1 of 1938,1916
"The Indian Lunacy (Amendment) Act, 1922",6 of 1922,"Sec 2 and Sch, Act 1 of 1938",1922
"The Indian Lunacy (Amendment) Act, 1923",32 of 1923,"Sec 2 and Sch, Act 1 of 1938",1923
"The Indian Lunacy (Amendment) Act, 1926",5 of 1926,"Sec 2 and Sch, Act 1 of 1938",1926
The Indian Lunacy Act 1912,4 of 1912,Act 14 of 1987,1912
"The Indian Lunatic Asylums Act (1858) Amending Act, 1889",20 of 1889,Act 4 of 1912,1889
"The Indian Lunatic Asylums Act (1858) Amendment Act, 1886",18 of 1886,Act 4 of 1912,1886
"The Indian Majority (Amendment) Act, 1999",33 of 1999,Act 17 of 2015,1999
"The Indian Marine (Amendment) Act, 1921",10 of 1921,"Sec 4 and Second Sch, Act 34 of 1934",1921
"The Indian Marine (Amendment) Act, 1933",1 of 1933,Act 34 of 1934,1933
"The Indian Marine Act (1887) Amendment Act, 1888",17 of 1888,Act 34 of 1934,1888
"The Indian Marine Act, 1887",14 of 1887,Act 34 of 1934,1887
The Indian Marriage Act 1865,5 of 1865,Act 15 of 1872,1865
The Indian Matrimonial Causes (War Marriages) Act 1948,40 of 1948,Act 2 of 2018,1948
The Indian Medical Council (Amendment) Act 2011,13 of 2011,Act 23 of 2016,2011
The Indian Medical Council (Amendment) Act 2012,20 of 2012,"Act, 23 of 2016",2012
"The Indian Medical Council (Amendment) Act, 1934",5 of 1934,Act 1 of 1938,1934
"The Indian Medical Council (Amendment) Act, 1942",04 of 1942,Act 02 of 1948,1942
"The Indian Medical Council (Amendment) Act, 1947",36 of 1947,Act 35 of 1950,1947
"The Indian Medical Council (Amendment) Act, 1958",36 of 1958,Act 58 of 1960,1958
"The Indian Medical Council (Amendment) Act, 1964",24 of 1964,Act 56 of 1974,1964
"The Indian Medical Council (Amendment) Act, 1993",31 of 1993,Act 30 of 2001,1993
"The Indian Medical Council (Amendment) Act, 2001",34 of 2001,Act 23 of 2016,2001
"The Indian Medical Council (Amendment) Act, 2010",32 of 2010,Act 23 of 2016,2010
"The Indian Medical Council Act, 1933",27 of 1933,Act 102 of 1956,1933
"The Indian Medical Council Act, 1956",102 of 1956,Act 30 of 2019,1956
The Indian Medical Degree Act 1916,7 of 1916,Act 23 of 2016,1916
"The Indian Medicine Central Council (Amendment) Act, 2002",52 of 2002,Act 19 of 2015,2002
"The Indian Medicine Central Council (Amendment) Act, 2003",58 of 2003,Act 19 of 2015,2003
"The Indian Medicine Central Council (Amendment) Act, 2010",43 of 2010,Act 19 of 2015,2010
"The Indian Medicine Central Council (Amendment) Act, 2020",25 of 2020,Act 37 of 2025,2020
"The Indian Medicine Central Council Act, 1970",48 of 1970,Act 14 of 2020,1970
"The Indian Merchandise Marks Act, 1889",12 of 1889,Act 12 of 1891,1889
"The Indian Merchandise Marks and Sea Customs Acts Amendment Act, 1891",9 of 1891,Act 1 of 1938,1891
"The Indian Merchant Shipping (Amendment) Act, 1906",6 of 1906,Act 21 of 1923,1906
"The Indian Merchant Shipping (Amendment) Act, 1908",18 of 1908,Act 21 of 1923,1908
"The Indian Merchant Shipping (Amendment) Act, 1925",1 of 1925,"Sec 2 and Sch, Act 1 of 1938",1925
"The Indian Merchant Shipping (Amendment) Act, 1927",14 of 1927,"Sec 2 and Sch, Act 1 of 1938",1927
"The Indian Merchant Shipping (Amendment) Act, 1928",6 of 1928,"Sec 2 and Sch, Act 1 of 1938",1928
"The Indian Merchant Shipping (Amendment) Act, 1931",9 of 1931,Act 1 of 1938,1931
"The Indian Merchant Shipping (Amendment) Act, 1933",11 of 1933,Act 1 of 1938,1933
"The Indian Merchant Shipping (Amendment) Act, 1939",6 of 1939,Act 25 of 1942,1939
"The Indian Merchant Shipping (Amendment) Act, 1941",22 of 1941,Act 23 of 2016,1941
"The Indian Merchant Shipping (Amendment) Act, 1942",02 of 1942,Act 02 of 1948,1942
"The Indian Merchant Shipping (Amendment) Act, 1947",41 of 1947,Act 35 of 1950,1947
"The Indian Merchant Shipping (Amendment) Act, 1949",53 of 1949,Act 23 of 2016,1949
"The Indian Merchant Shipping (Amendment) Act, 1951",42 of 1951,Act 23 of 2016,1951
"The Indian Merchant Shipping (Amendment) Act, 1953 23 of 1953",,Act 23 of 2016,1953
"The Indian Merchant Shipping (Second Amendment) Act, 1925",11 of 1925,"Sec 2 and Sch, Act 1 of 1938",1925
"The Indian Merchant Shipping (Second Amendment) Act, 1933",25 of 1933,Act 1 of 1938,1933
"The Indian Merchant Shipping (Second Amendment) Act, 1939",10 of 1939,Act 25 of 1942,1939
The Indian Merchant Shipping Act 1859,1 of 1859,Act 21 of 1923,1859
The Indian Merchant Shipping Act 1875,4 of 1875,5 of 1883,1875
The Indian Merchant Shipping Act 1880,7 of 1880,Act 21 of 1923,1880
The Indian Merchant Shipping Act 1883,5 of 1883,Act 1 of 1938,1883
"The Indian Merchant Shipping Act, 1923",21 of 1923,"Sec 461 and Sch, Act 44 of 1958",1923
"The Indian Merchant Shipping Law Amendment Act, 1891",6 of 1891,Act 21 of 1923,1891
"The Indian Merchant Shipping Law Amendment Act, 1919",25 of 1919,Act 21 of 1923,1919
"The Indian Merchant shipping (Amendment) Act, 1948",42 of 1948,Act 35 of 1950,1948
"The Indian Meseum Act, 1887",4 of 1887,Act 10 of 1910,1887
"The Indian Mines (Amendment) Act, 1928",13 of 1928,"Sec 3 and Second Sch, Act 20 of 1937",1928
"The Indian Mines (Amendment) Act, 1931",21 of 1931,Act 20 of 1937,1931
"The Indian Mines (Amendment) Act, 1935",5 of 1935,Act 20 of 1937,1935
"The Indian Mines (Amendment) Act, 1936",11 of 1936,Act 32 of 1940,1936
"The Indian Mines (Amendment) Act, 1937",29 of 1937,Act 25 of 1942,1937
"The Indian Mines (Amendment) Act, 1940",24 of 1940,Act 06 of 1945,1940
The Indian Mines Act 1923,4 of 1923,Act 35 of 1952,1923
"The Indian Mines Act, 1901",8 of 1901,4 of 1923,1901
"The Indian Motor Vehicles (Amendment) Act, 1920",27 of 1920,Act 1 of 1938,1920
"The Indian Motor Vehicles (Amendment) Act, 1924",15 of 1924,"Sec 2 and Sch, Act 1 of 1938",1924
The Indian Motor Vehicles Act 1914,8 of 1914,Act 4 of 1939,1914
"The Indian Museum (Amendment) Act, 1922",17 of 1922,"Sec 2 and Sch, Act 1 of 1938",1922
"The Indian Museum (Amendment) Act, 1960",45 of 1960,Act 23 of 2016,1960
The Indian Museum Act 1876,22 of 1876,Act 10 of 1910,1876
The Indian Naturalisation Act 1852,30 of 1852,Act 7 of 1926,1852
"The Indian Naturalization (Amendment) Act, 1919",16 of 1919,Act 7 of 1926,1919
"The Indian Naturalization (Amendment) Act, 1935",1 of 1935,Act 1 of 1938,1935
The Indian Naturalization Act 1926,7 of 1926,Act A.O. of 1950,1926
"The Indian Naval Armament (Amendment) Act, 1937",2 of 1937,Act 25 of 1942,1937
The Indian Naval Reserve Force (Discipline) Act 1939,42 of 1939,Act 62 of 1957,1939
"The Indian Navel Armament (Amendment) Act, 1931",8 of 1931,Act 1 of 1938,1931
"The Indian Navy (Discipline) (Amendment) Act, 1940",29 of 1940,Act 06 of 1945,1940
"The Indian Navy (Discipline) (Amendment) Act, 1948",57 of 1948,Act 35 of 1950,1948
"The Indian Navy (Discipline) (Second Amendment) Act, 1940",30 of 1940,Act 06 of 1945,1940
"The Indian Navy (Discipline) Act, 1934",34 of 1934,Act 62 of 1957,1934
The Indian Non- ferrous Metal Industry Act 1918,17 of 1918,Act 12 of 1927,1918
"The Indian Nursing Council (Amendment) Act, 1950",75 of 1950,Act 36 of 1957,1950
The Indian Nursing Council (Amendment) Act. 1957,45 of 1957,Act 58 of 1960,1957
The Indian Oaths (Amendment) Act 1958,16 of 1958,Act 58 of 1960,1958
"The Indian Oaths (Amendment) Act, 1919",6 of 1919,1 of 1938,1919
"The Indian Oaths (Amendment) Act, 1939",39 of 1939,Act 25 of 1942,1939
"The Indian Oaths Act, 1873",10 of 1873,Act 44 of 1969,1873
The Indian Official Secrets (Amendment) Act,5 of 1904,Act 19 of 1923,1904
"The Indian Official Secrets (Amentment) Act, 1967",24 of 1967,Act 56 of 1974,1967
"The Indian Official Secrets Act, 1889",15 of 1889,Act 19 of 1923,1889
"The Indian Panel Code Amendment Act , 1896",6 of 1896,Act 1 of 1938,1896
"The Indian Paper Currency (Amendment) Act, 1903",6 of 1903,Act 3 of 1905,1903
"The Indian Paper Currency (Amendment) Act, 1909",2 of 1909,Act 2 of 1910,1909
"The Indian Paper Currency (Amendment) Act, 1911",7 of 1911,Act 10 of 1923,1911
"The Indian Paper Currency (Amendment) Act, 1917",19 of 1917,Act 10 of 1923,1917
"The Indian Paper Currency (Amendment) Act, 1918",6 of 1918,Act 2 of 1919,1918
"The Indian Paper Currency (Amendment) Act, 1919",2 of 1919,Act 26 of 1919,1919
"The Indian Paper Currency (Amendment) Act, 1920",45 of 1920,Act 10 of 1923,1920
"The Indian Paper Currency (Amendment) Act, 1923",36 of 1923,"Sec 60, Act 2 of 1934",1923
"The Indian Paper Currency (Amendment) Act, 1925",2 of 1925,"Sec 60, Act 2 of 1934",1925
"The Indian Paper Currency (Further Amendment) Act, 1919",26 of 1919,Act 21 of 1920,1919
"The Indian Paper Currency (Temporary Amendemnt) Act, 1917",11 of 1917,Act 21 of 1920,1917
"The Indian Paper Currency (Temporary Amendment) Act, 1915",5 of 1915,Act 11 of 1917,1915
"The Indian Paper Currency (Temporary Amendment) Act, 1916",9 of 1916,Act 11 of 1917,1916
"The Indian Paper Currency (Temporary Amendment) Act, 1920",21 of 1920,Act 45 of 1920,1920
The Indian Paper Currency Act 1871,3 of 1871,Act 20 of 1882,1871
The Indian Paper Currency Act 1882,20 of 1882,Act 3 of 1905,1882
The Indian Paper Currency Act 1898,2 of 1898,Act 8 of 1900,1898
The Indian Paper Currency Act 1900,8 of 1900,Act 3 of 1905,1900
The Indian Paper Currency Act 1902,9 of 1902,Act 3 of 1905,1902
The Indian Paper Currency Act 1905,3 of 1905,Act 2 of 1910,1905
The Indian Paper Currency Act 1910,2 of 1910,Act 10 of 1923,1910
"The Indian Paper Currency Act Amendment Act, 1896",21 of 1896,Act 3 of 1905,1896
"The Indian Paper Currency Act, 1918",13 of 1918,Act 21 of 1920,1918
"The Indian Paper Currency Act, 1923",10 of 1923,"Sec 60, Act 2 of 1934",1923
"The Indian Paper currency Act Amendment Act, 1898",8 of 1898,Act 8 of 1900,1898
"The Indian Partnership Act, 1932",8 of 1932,Act 48 of 1952,1932
"The Indian Passport (Amendment) Act, 1949",36 of 1949,Act 48 of 1952,1949
The Indian Patents and Design (Amendment) Act 1953,55 of 1953,Act 36 of 1957,1953
The Indian Patents and Designs (Amendment) Act 1952,70 of 1952,Act 36 of 1957,1952
"The Indian Patents and Designs (Amendment) Act, 1920",29 of 1920,Act 1 of 1938,1920
"The Indian Patents and Designs (Amendment) Act, 1930",7 of 1938,"Sec 2 and Sch, Act 1 of 1938",1930
"The Indian Patents and Designs (Amendment) Act, 1939",12 of 1939,Act 25 of 1942,1939
"The Indian Patents and Designs (Amendment) Act, 1950",32 of 1950,Act 36 of 1957,1950
"The Indian Patents and Designs (Amendment) Act, 1968",44 of 1968,Act 56 of 1974,1968
"The Indian Patents and Designs (Extension of Time) (Amendment) Act, 1947",37 of 1947,Act 40 of 1949,1947
"The Indian Patents and Designs (Extension of Time) Act, 1942",10 of 1942,Act 40 of 1949,1942
The Indian Patents and Designs (Temporary Rules) Act 1915,6 of 1915,Act 12 of 1927,1915
"The Indian Patents and Designs (Temporary Rules) Amendment Act, 1920",28 of 1920,Act 12 of 1927,1920
"The Indian Patents and Designs Act, 1911",2 of 1911,Act 16 of 2000,1911
The Indian Penal Code,45 of 1860,Act 45 of 2023,1860
"The Indian Penal Code (Amendment) Act, 1921",16 of 1921,"Sec 2 and Sch, Act 1 of 1938",1921
"The Indian Penal Code (Amendment) Act, 1923",20 of 1923,"Sec 2 and Sch, Act 12 of 1927",1923
"The Indian Penal Code (Amendment) Act, 1924",5 of 1924,"Sec 3 and Second Sch, Act 8 of 1930",1924
"The Indian Penal Code (Amendment) Act, 1925",29 of 1925,"Sec 2 and Sch, Act 1 of 1938",1925
"The Indian Penal Code (Amendment) Act, 1942",8 of 1942,Act 02 of 1948,1942
"The Indian Penal Code (Amendment) Act, 1959",52 of 1959,Act 52 of 1964,1959
"The Indian Penal Code (Amendment) Act, 1961",41 of 1961,Act 52 of 1964,1961
"The Indian Penal Code (Amendment) Act, 1969",36 of 1969,Act 56 of 1974,1969
"The Indian Penal Code (Amendment) Act, 1995",24 of 1995,Act 30 of 2001,1995
"The Indian Penal Code Amendment Act, 1870",27 of 1870,Act 1 of 1938,1870
"The Indian Penal Code Amendment Act, 1872",19 of 1872,1 of 1938,1872
"The Indian Penal Code Amendment Act, 1898",4 of 1898,Act 1 of 1938,1898
"The Indian Penal Code Amendment Act, 1910",3 of 1910,Act 1 of 1938,1910
"The Indian Penal Code and the Code of Criminal Procedure (Amendment) Act, 1949",42 of 1949,Act 48 of 1952,1949
The Indian Petroleum Act 1899,8 of 1899,Act 23 of 1937,1899
The Indian Ports (Amendment) Act,4 of 1911,Act 1 of 1938,1911
The Indian Ports (Amendment) Act 1952,55 of 1952,Act 36 of 1957,1952
"The Indian Ports (Amendment) Act, 1903",5 of 1903,Act 15 of 1908,1903
"The Indian Ports (Amendment) Act, 1916",6 of 1916,Act 1 of 1938,1916
"The Indian Ports (Amendment) Act, 1922",15 of 1922,"Sec 2 and Sch, Act 1 of 1938",1922
"The Indian Ports (Amendment) Act, 1923",39 of 1923,"Sec 2 and Sch, Act 1 of 1938",1923
"The Indian Ports (Amendment) Act, 1925",36 of 1925,"Sec 2 and Sch, Act 1 of 1938",1925
"The Indian Ports (Amendment) Act, 1931",11 of 1931,Act 1 of 1938,1931
"The Indian Ports (Amendment) Act, 1992",23 of 1992,Act 30 of 2001,1992
"The Indian Ports Act (1889) Amendment Act, 1894",2 of 1894,Act 15 of 1908,1894
"The Indian Ports Act (1889) Amendment Act, 1896",4 of 1896,Act 15 of 1908,1896
The Indian Ports Act 1875,12 of 1875,Act 10 of 1889,1875
The Indian Ports Act 1882,17 of 1882,Act 10 of 1889,1882
The Indian Ports Act 1901,3 of 1901,Act 15 of 1908,1901
"The Indian Ports Act, 1889",10 of 1889,Act 15 of 1908,1889
"The Indian Ports Act, 1891",5 of 1891,Act 15 of 1908,1891
"The Indian Ports Act, 1908",15 of 1908,Act 27 of 2025,1908
The Indian Post Office (Amendment) Act 1958,7 of 1958,Act 58 of 1960,1958
"The Indian Post Office (Amendment) Act, 1903",2 of 1903,1 of 1938,1903
"The Indian Post Office (Amendment) Act, 1921",15 of 1921,"Sec 2 and Sch, Act 1 of 1938",1921
"The Indian Post Office (Amendment) Act, 1924",16 of 1924,"Sec 2 and Sch, Act 1 of 1938",1924
"The Indian Post Office (Amendment) Act, 1956",54 of 1956,Act 58 of 1960,1956
"The Indian Post Office (Amendment) Act, 1970",34 of 1970,Act 56 of 1974,1970
The Indian Post Office (Second Amendment) Act 1986,67 of 1986,Act 30 of 2001,1986
"The Indian Post Office Act, 1898",6 of 1898,Act 43 of 2023,1898
"The Indian Post Office and Telegraph (Amendment) Act, 1914",14 of 1914,Act 1 of 1938,1914
"The Indian Post office (Amendment) Act, 1912",3 of 1912,Act 1 of 1938,1912
The Indian Post-Office Act 1866,14 of 1866,Act 6 of 1898,1866
The Indian Power Alcohol (Amendment) Act 1952,73 of 1952,Act 36 of 1957,1952
"The Indian Power Alcohol (Repeal) Act, 2000",32 of 2000,Act 23 of 2016,2000
The Indian Power Alcohol Act 1948,22 of 1948,Act 32 of 2000,1948
The Indian Press (Emergency Powers) Act 1931,23 of 1931,Act 56 of 1951,1931
"The Indian Press Act, 1910",1 of 1910,Act 14 of 1922,1910
The Indian Quarantine Act 1870,1 of 1870,Act 3 of 1901,1870
"The Indian Railway (Amendment) Act, 1933",19 of 1933,Act 1 of 1938,1933
"The Indian Railway (Amendment) Act, 1948",21 of 1948,Act 35 of 1950,1948
"The Indian Railway (Amendment) Act, 1969",21 of 1969,Act 56 of 1974,1969
"The Indian Railway Board Act, 1905",4 of 1905,Act 24 of 1989,1905
"The Indian Railway Companies (Repeal) Act, 2001",24 of 2001,Act 02 of 2018,2001
The Indian Railway Companies Act 1895,10 of 1895,Act 24 of 2001,1895
The Indian Railways (Amendment) Act 1954,22 of 1954,Act 58 of 1960,1954
The Indian Railways (Amendment) Act 1955,17 of 1955,Act 58 of 1960,1955
The Indian Railways (Amendment) Act 1985,47 of 1985,Act 30 of 2001,1985
"The Indian Railways (Amendment) Act, 1930",14 of 1930,"Sec 2 and Sch, Act 1 of 1938",1930
"The Indian Railways (Amendment) Act, 1939",33 of 1939,Act 25 of 1942,1939
"The Indian Railways (Amendment) Act, 1941",6 of 1941,Act 06 of 1954,1941
"The Indian Railways (Amendment) Act, 1949",56 of 1949,Act 48 of 1952,1949
"The Indian Railways (Amendment) Act, 1950",11 of 1950,Act 36 of 1957,1950
"The Indian Railways (Amendment) Act, 1956",59 of 1956,Act 58 of 1960,1956
"The Indian Railways (Amendment) Act, 1959",13 of 1959,Act 52 of 1964,1959
"The Indian Railways (Amendment) Act, 1961",39 of 1961,Act 52 of 1964,1961
"The Indian Railways (Amendment) Act, 1962",7 of 1962,Act 56 of 1974,1962
"The Indian Railways (Amendment) Act, 1964",12 of 1964,Act 56 of 1974,1964
"The Indian Railways (Amendment) Act, 1968",52 of 1968,Act 56 of 1974,1968
"The Indian Railways (Amendment) Act, 1972",71 of 1972,Act 38 of 1978,1972
"The Indian Railways (Amendment) Act, 1973",45 of 1973,Act 38 of 1978,1973
"The Indian Railways (Amendment) Act, 1976",9 of 1976,Act 19 of 1988,1976
"The Indian Railways (Amendment) Act, 1982",16 of 1982,Act 19 of 1988,1982
"The Indian Railways (Amendment) Act, 1983",44 of 1983,Act 26 of 2016,1983
The Indian Railways (Amendment) Act. 1957,53 of 1957,Act 23 of 2016,1957
"The Indian Railways (Second Amendment) Act, 1949",65 of 1948,Act 35 of 1950,1948
"The Indian Railways (Second Amendment) Act, 1973",54 of 1973,Act 38 of 1978,1973
"The Indian Railways Act (1890) Amendment Act, 1896",9 of 1896,Act 1 of 1938,1896
The Indian Railways Act 1879,4 of 1879,Act 9 of 1890,1879
The Indian Railways Act 1883,4 of 1883,Act 9 of 1890,1883
"The Indian Railways Act, 1890",9 of 1890,Act 24 of 1989,1890
The Indian Red Cross Society (Amendment) Act 1956,22 of 1956,Act 58 of 1960,1956
"The Indian Red Cross Society (Amendment) Act, 1937",17 of 1937,Act 25 of 1942,1937
"The Indian Red Cross Society (Amendment) Act, 1992",14 of 1992,Act 30 of 2001,1992
The Indian Registration (Amendment) Act,15 of 1917,Act 1 of 1938,1917
"The Indian Registration (Amendment) Act, 1899",17 of 1899,Act 16 of 1908,1899
"The Indian Registration (Amendment) Act, 1926",13 of 1926,"Sec 2 and Sch, Act 1 of 1938",1926
"The Indian Registration (Amendment) Act, 1927",2 of 1927,"Sec 2 and Sch, Act 1 of 1938",1927
"The Indian Registration (Amendment) Act, 1929",15 of 1929,"Sec 2 and Sch, Act 1 of 1938",1929
"The Indian Registration (Amendment) Act, 1940",33 of 1940,Act 06 of 1945,1940
"The Indian Registration (Amendment) Act, 1969",45 of 1969,Act 56 of 1974,1969
The Indian Registration Act 1866,20 of 1866,Act 8 of 1871,1866
The Indian Registration Act 1877,3 of 1877,Act 16 of 1908,1877
"The Indian Registration Act, 1871 Act",8 of 1871,Act 3 of 1877,1871
"The Indian Registration Act, 1886",7 of 1886,Act 16 of 1908,1886
"The Indian Registration of Ships Act (1841) Amendment Act, 1891",7 of 1891,Act 1 of 1938,1891
The Indian Registration of Ships Act 1841 Amendment Act 1850,11 of 1850,Act 44 of 1958,1850
"The Indian Registration of Ships Act, 1841",10 of 1841,Act 14 of 1958,1841
The Indian Reserve Forces (Amendment) Act 1958,3 of 1958,Act 58 of 1960,1958
"The Indian Rifles (Repeal) Act, 2006",49 of 2006,Act 4 of 2018,2006
The Indian Rifles Act 1920,23 of 1920,Act 49 of 2006,1920
"The Indian Rubber Control (Amendment) Act, 1936",15 of 1936,Act 32 of 1940,1936
"The Indian Rubber Control (Amendment) Act, 1939",32 of 1939,Act 25 of 1942,1939
The Indian Rubber Control Act 1934,28 of 1934,Act 6 of 1945,1934
"The Indian Rubber control (Temporary Amendment) act, 1942",22 of 1942,Act 02 of 1948,1942
The Indian Sale of Goods Act 1930,3 of 1930,Act 28 of 1993,1930
"The Indian Sales of Goods (Amendment) Act, 1940",41 of 1940,Act 06 of 1945,1940
"The Indian Salt Act (1882) Amendment Act, 1890, 19 of 1890 (Rep., Act 10 of 1914)s",,,1890
The Indian Salt Act 1882,12 of 1882,Act 1 of 1944,1882
The Indian Salt-duties Act 1908,10 of 1908,Act 1 of 1944,1908
"The Indian Securities (Amendment) Act, 1927",21 of 1927,"Sec 2 and Sch, Act 1 of 1938",1927
"The Indian Securities (Amendment) Act, 1937",28 of 1937,Act 25 of 1942,1937
The Indian Securities Act 1881,3 of 1881,Act 13 of 1886,1881
"The Indian Securities Act, 1885",19 of 1885,Act 13 of 1886,1885
"The Indian Securities Act, 1886",13 of 1886,Act 10 of 1920,1886
"The Indian Securties Act, 1920",10 of 1920,38 of 2006,1920
"The Indian Short Titles Act, 1897",14 of 1897,Act 2 of 2018,1897
"The Indian Slavery Act, 1843",5 of 1843,Act 48 of 1952,1843
"The Indian Soft Coke Cess Act, 1929",8 of 1929,"Sec 2 and First Sch, Act 40 of 1949",1929
The Indian Soft Coke Cess Committee (Reconstitution and Incorporation) Act 1939,23 of 1939,Act 36 of 1957,1939
The Indian Soldiers (Litigation) Act 1915,12 of 1915,Act 9 of 1918,1915
The Indian Soldiers (Litigation) Act 1918,9 of 1918,Act 4 of 1925,1918
"The Indian Soldiers (Litigation) Amendment Act, 1970",23 of 1970,Act 56 of 1974,1970
"The Indian Soldiers Litigation (Amendment) Act, 1924",12 of 1924,"Sec 15, Act 4 of 1925",1924
The Indian Stamp (Amendment) Act 1955,43 of 1955,Act 58 of 1960,1955
The Indian Stamp (Amendment) Act 1958,19 of 1958,Act 58 of 1960,1958
"The Indian Stamp (Amendment) Act, 1904",15 of 1904,Act 1 of 1938,1904
"The Indian Stamp (Amendment) Act, 1906",5 of 1906,Act 1 of 1938,1906
"The Indian Stamp (Amendment) Act, 1910",6 of 1910,Act 1 of 1938,1910
"The Indian Stamp (Amendment) Act, 1912",1 of 1912,Act 1 of 1938,1912
"The Indian Stamp (Amendment) Act, 1923",43 of 1923,"Sec 2 and Sch, Act 1 of 1938",1923
"The Indian Stamp (Amendment) Act, 1925",15 of 1925,"Sec 2 and Sch, Act 1 of 1938",1925
"The Indian Stamp Act (1879) Amendment Act, 1888",1 of 1888,Act 2 of 1899,1888
"The Indian Stamp Act (1879) Amendment Act, 1894",6 of 1894,Act 2 of 1899,1894
"The Indian Stamp Act (1879), Amendment Act, 1897",13 of 1897,Act 2 of 1899,1897
"The Indian Standards Institution (Certification Marks) Act, 1952",36 of 1952,Act 63 of 1986,1952
"The Indian Standards Institution (Certification Marks) Amendment Act, 1961",44 of 1961,Act 52 of 1964,1961
"The Indian Standards Institution (Certification Marks) Amendment Act, 1976",54 of 1976,Act 19 of 1988,1976
"The Indian States (Protection against Disaffection) Act, 1922",,"Sec 37 and First Sch, Act 56 of 1951",1922
The Indian States (Protection) Act 1934,11 of 1934,Act 56 of 1951,1934
"The Indian States (Protection) Act, 1934",15 of 1934,Act 56 of 1951,1934
"The Indian Statistical Institute (Amendment) Act, 1995",38 of 1995,Act 30 of 2001,1995
The Indian Steam-ships Act 1884,7 of 1884,Act 21 of 1923,1884
"The Indian Steamships (Amendment) Act, 1920",1 of 1920,Act 21 of 1923,1920
"The Indian Steamships Law Amendment Act, 1909",1 of 1909,Act 21 of 1923,1909
"The Indian Succession (Amendment) Act, 1926",37 of 1926,"Sec 5 and Sch, Act 18 of 1929",1926
"The Indian Succession (Amendment) Act, 1927",18 of 1927,"Sec 2 and Sch, Act 1 of 1938",1927
"The Indian Succession (Amendment) Act, 1928",14 of 1928,"Sec 2 and Sch, Act 1 of 1938",1928
"The Indian Succession (Amendment) Act, 1929",18 of 1929,"Sec 2 and Sch, Act 1 of 1938",1929
"The Indian Succession (Amendment) Act, 1939",17 of 1939,Act 25 of 1942,1939
"The Indian Succession (Amendment) Act, 1949",35 of 1949,Act 48 of 1952,1949
"The Indian Succession (Amendment) Act, 1957",34 of 1957,Act 58 of 1960,1957
"The Indian Succession (Amendment) Act, 1962",16 of 1962,Act 56 of 1974,1962
"The Indian Succession (Amendment) Act, 1991",51 of 1991,Act 30 of 2001,1991
"The Indian Succession (Amendment) Act, 2002",26 of 2002,Act 17 of 2015,2002
"The Indian Succession (Second Amendment) Act, 1926",40 of 1926,"Sec 2 and Sch, Act 1 of 1938",1926
The Indian Succession Act 1865,10 of 1865,Act 39 of 1925,1865
"The Indian Tarff (Amendment) Act, 1935",2 of 1935,Act 20 of 1937,1935
The Indian Tariff ( Second Amendment) Act 1953,47 of 1953,Act 36 of 1957,1953
"The Indian Tariff ( Second Amendment) Act, 1933",28 of 1933,Act 1 of 1938,1933
"The Indian Tariff ( Second Amendment) Act, 1948",5 of 1948,Act 35 of 1950,1948
The Indian Tariff ( Third Amendment) Act 1954,46 of 1954,Act 58 of 1960,1954
The Indian Tariff (Amendment) Act 1906,1 of 1906,Act 8 of 1910,1906
The Indian Tariff (Amendment) Act 1951,13 of 1951,Act 36 of 1957,1951
The Indian Tariff (Amendment) Act 1952,27 of 1952,Act 36 of 1957,1952
The Indian Tariff (Amendment) Act 1953,2 of 1953,Act 36 of 1957,1953
The Indian Tariff (Amendment) Act 1954,35 of 1954,Act 58 of 1960,1954
The Indian Tariff (Amendment) Act 1955,27 of 1955,Act 58 of 1960,1955
The Indian Tariff (Amendment) Act 1956,64 of 1956,Act 58 of 1960,1956
The Indian Tariff (Amendment) Act 1958,52 of 1958,Act 58 of 1960,1958
The Indian Tariff (Amendment) Act 1960,55 of 1960,Act 52 of 1964,1960
The Indian Tariff (Amendment) Act 1975,1 of 1975,Act 38 of 1978,1975
"The Indian Tariff (Amendment) Act, 1902",8 of 1902,Act 32 of 1934,1902
"The Indian Tariff (Amendment) Act, 1903",12 of 1903,Act 32 of 1934,1903
"The Indian Tariff (Amendment) Act, 1908",2 of 1908,Act 8 of 1910,1908
"The Indian Tariff (Amendment) Act, 1910",8 of 1910,Act 4 of 1916,1910
"The Indian Tariff (Amendment) Act, 1911",6 of 1911,Act 4 of 1916,1911
"The Indian Tariff (Amendment) Act, 1916",4 of 1916,Act 32 of 1934,1916
"The Indian Tariff (Amendment) Act, 1917",6 of 1917,Act 32 of 1934,1917
"The Indian Tariff (Amendment) Act, 1919",19 of 1919,Act 32 of 1934,1919
"The Indian Tariff (Amendment) Act, 1920",7 of 1920,Act 6 of 1921,1920
"The Indian Tariff (Amendment) Act, 1924",9 of 1924,"Sec 13 and Third Sch, Act 32 of 1934",1924
"The Indian Tariff (Amendment) Act, 1925",14 of 1925,"Sec 13 and Third Sch, Act 32 of 1934",1925
"The Indian Tariff (Amendment) Act, 1926",17 of 1926,"Sec 13 and Third Sch, Act 32 of 1934",1926
"The Indian Tariff (Amendment) Act, 1927",24 of 1927,"Sec 13 and Third Sch, Act 32 of 1934",1927
"The Indian Tariff (Amendment) Act, 1928",7 of 1928,"Sec 13 and Third Sch, Act 32 of 1934",1928
"The Indian Tariff (Amendment) Act, 1929",4 of 1929,"Sec 13 and Third Sch, Act 32 of 1934",1929
"The Indian Tariff (Amendment) Act, 1930",11 of 1930,"Sec 13 and Third Sch, Act 32 of 1934",1930
"The Indian Tariff (Amendment) Act, 1932",25 of 1932,Act 32 of 1934,1932
"The Indian Tariff (Amendment) Act, 1933",14 of 1933,Act 32 of 1934,1933
"The Indian Tariff (Amendment) Act, 1934",01 of 1934,Act 32 of 1934,1934
"The Indian Tariff (Amendment) Act, 1936",10 of 1936,Act 32 of 1940,1936
"The Indian Tariff (Amendment) Act, 1937",21 of 1937,Act 25 of 1942,1937
"The Indian Tariff (Amendment) Act, 1938",16 of 1938,Act 25 of 1942,1938
"The Indian Tariff (Amendment) Act, 1939",1 of 1939,Act 25 of 1942,1939
"The Indian Tariff (Amendment) Act, 1940",21 of 1940,Act 06 of 1945,1940
"The Indian Tariff (Amendment) Act, 1941",9 of 1941,Act 06 of 1954,1941
"The Indian Tariff (Amendment) Act, 1947",25 of 1947,Act 35 of 1950,1947
"The Indian Tariff (Amendment) Act, 1949",1 of 1949,Act 51 of 1975,1949
"The Indian Tariff (Amendment) Act, 1950",5 of 1950,Act 36 of 1957,1950
"The Indian Tariff (Amendment) Act, 1959",60 of 1959,Act 52 of 1964,1959
"The Indian Tariff (Amendment) Act, 1961",56 of 1961,Act 52 of 1964,1961
"The Indian Tariff (Amendment) Act, 1962",47 of 1962,Act 56 of 1974,1962
"The Indian Tariff (Amendment) Act, 1963",3 of 1963,Act 56 of 1974,1963
"The Indian Tariff (Amendment) Act, 1964",51 of 1964,Act 56 of 1974,1964
"The Indian Tariff (Amendment) Act, 1965",46 of 1965,Act 56 of 1974,1965
"The Indian Tariff (Amendment) Act, 1966",3 of 1966,56 of 1974,1966
"The Indian Tariff (Amendment) Act, 1967",31 of 1967,Act 56 of 1974,1967
"The Indian Tariff (Amendment) Act, 1968",63 of 1968,Act 56 of 1974,1968
"The Indian Tariff (Amendment) Act, 1969",53 of 1969,Act 56 of 1974,1969
"The Indian Tariff (Amendment) Act, 1971",67 of 1971,Act 38 of 1978,1971
"The Indian Tariff (Amendment) Act, 1972",73 of 1972,Act 38 of 1978,1972
The Indian Tariff (Amendment) Act. 1957,41 of 1957,Act 58 of 1960,1957
"The Indian Tariff (Cotton Yarn Amendment) Act,1927",23 of 1927,"Sec 13 and Third Sch, Act 32 of 1934",1927
The Indian Tariff (Fourth Amendment) Act 1952,66 of 1952,Act 36 of 1957,1952
"The Indian Tariff (Fourth Amendment) Act, 1939",29 of 1939,Act 2 of 2018,1939
"The Indian Tariff (Fourth Amendment) Act, 1950",69 of 1950,Act 36 of 1957,1950
"The Indian Tariff (Ottawa Trade Agreement) Supplementary Amendment Act, 1933",8 of 1933,Act 32 of 1934,1933
The Indian Tariff (Second Amendment) Act 1951,20 of 1951,Act 36 of 1957,1951
The Indian Tariff (Second Amendment) Act 1952,42 of 1952,Act 36 of 1957,1952
The Indian Tariff (Second Amendment) Act 1954,39 of 1954,Act 58 of 1960,1954
The Indian Tariff (Second Amendment) Act 1955,48 of 1955,Act 58 of 1960,1955
The Indian Tariff (Second Amendment) Act 1957,60 of 1957,Act 58 of 1960,1957
"The Indian Tariff (Second Amendment) Act, 1937",27 of 1937,Act 25 of 1942,1937
"The Indian Tariff (Second Amendment) Act, 1940",22 of 1940,Act 06 of 1945,1940
"The Indian Tariff (Second Amendment) Act, 1949",43 of 1949,Act 48 of 1952,1949
"The Indian Tariff (Second Amendment) Act, 1950",21 of 1950,Act 36 of 1957,1950
"The Indian Tariff (Second Amendment) Act, 1963",50 of 1963,Act 56 of 1974,1963
"The Indian Tariff (Second Amendment) Act, 1966",50 of 1966,Act 56 of 1974,1966
"The Indian Tariff (Textile Protection) Amendment Act, 1934",12 of 1934,Act 32 of 1934,1934
The Indian Tariff (Third Amendment) Act 1952,45 of 1952,Act 36 of 1957,1952
The Indian Tariff (Third Amendment) Act 1953,48 of 1953,Act 36 of 1957,1953
The Indian Tariff (Third Amendment) Act 1955,49 of 1955,Act 58 of 1960,1955
"The Indian Tariff (Third Amendment) Act, 1950",37 of 1950,Act 36 of 1957,1950
"The Indian Tariff (Wireless Broadcasting) Amendment act, 1932",15 of 1932,Act 32 of 1934,1932
"The Indian Tariff (second Amendment) Act, 1936",12 of 1936,Act 32 of 1940,1936
"The Indian Tariff Act (1894) Amendment Act, 1896",3 of 1896,Act 4 of 1916,1896
The Indian Tariff Act 1875,16 of 1875,Act 11 of 1882,1875
The Indian Tariff Act 1882,11 of 1882,Act 8 of 1894,1882
The Indian Tariff Act 1894,8 of 1894,Act 32 of 1934,1894
"The Indian Tariff Act, 1871",13 of 1871,Act 16 of 1875,1871
"The Indian Tariff Act, 1934",32 of 1934,Act 51 of 1975,1934
"The Indian Tariff Amendment Act, 1899",14 of 1899,Act 32 of 1934,1899
"The Indian Tea Ces (Amendment) Act, 1938",23 of 1938,Act 25 of 1942,1938
"The Indian Tea Cess (Amendment) Act, 1935",3 of 1935,Act 1 of 1938,1935
"The Indian Tea Cess (Amendment) Act, 1936",13 of 1936,Act 32 of 1940,1936
"The Indian Tea Cess (Amendment) Act, 1937",13 of 1937,Act 25 of 1942,1937
"The Indian Tea Cess (Amendment) Act, 1939",26 of 1939,Act 25 of 1942,1939
The Indian Tea Cess Act 1903,9 of 1903,Act 13 of 1949,1903
"The Indian Tea Control (Amendment) Act, 1936",17 of 1936,Act 32 of 1940,1936
"The Indian Tea Control (Amendment) Act, 1948",19 of 1948,Act 35 of 1950,1948
"The Indian Tea Control (Amendment) Act, 1949",26 of 1949,Act 48 of 1952,1949
"The Indian Tea Control (Amendment) Act, 1950",9 of 1950,Act 23 of 2016,1950
"The Indian Tea Control (Amendment) Act, 1952, 49of 1952",,Act 23 of 2016,1952
The Indian Tea Control Act 1933,24 of 1933,Act 32 of 1940,1933
The Indian Tea Control Act 1938,8 of 1938,Act 29 of 1953,1938
"The Indian Telegraph (Amendment) Act, 1914",7 of 1914,Act 1 of 1938,1914
"The Indian Telegraph (Amendment) Act, 1930",27 of 1930,"Sec 2 and Sch, Act 1 of 1938",1930
"The Indian Telegraph (Amendment) Act, 1949",45 of 1948,Act 35 of 1950,1948
"The Indian Telegraph (Amendment) Act, 1957",47 of 1957,Act 23 of 2016,1957
"The Indian Telegraph (Amendment) Act, 1971",33 of 1971,Act 38 of 1978,1971
"The Indian Telegraph (Amendment) Act, 1972",38 of 1972,Act 38 of 1978,1972
"The Indian Telegraph (Amendment) Act, 2003",8 of 2004,Act 23 of 2016,2004
"The Indian Telegraph (Amendment) Act, 2006",57 of 2006,Act 23 of 2016,2006
"The Indian Telegraph (Presidency-towns) Act, 1888",11 of 1888,Act 1 of 1938,1888
The Indian Telegraph Act 1876,1 of 1876,Act 13 of 1885,1876
"The Indian Territorial Force (Amendment) Act, 1928",9 of 1928,"Sec 2 and Sch, Act 1 of 1938",1928
"The Indian Territorial Force (Amendment) Act, 1929",13 of 1929,"Sec 2 and Sch, Act 1 of 1938",1929
"The Indian Territorial Force (Amendment) Act, 1931",5 of 1931,Act 1 of 1938,1931
"The Indian Territorial Force Act, 1920",48 of 1920,Act 56 of 1948,1920
"The Indian Territorial and Auxiliary Forces (Amendment) Act, 1923",31 of 1923,"Sec 2 and Sch, Act 1 of 1938",1923
"The Indian Tolls (Army) Amendment Act, 1942",14 of 1942,Act 48 of 1952,1942
"The Indian Tolls Act, 1888",8 of 1888,Act 4 of 2018,1888
The Indian Trade Unions (Amendment) Act 1960,42 of 1960,Act 52 of 1964,1960
"The Indian Trade Unions (Amendment) Act, 1928",15 of 1928,"Sec 2 and Sch, Act 1 of 1938",1928
"The Indian Trade Unions (Amendment) Act, 1947",45 of 1947,Act 23 of 2016,1947
"The Indian Trade Unions (Amendment) Act, 1964",38 of 1964,Act 56 of 1974,1964
The Indian Tramways (Amendment) Act,5 of 1911,Act 1 of 1938,1911
The Indian Tramways Act 1902,4 of 1902,Act 23 of 2016,1902
"The Indian Tramways Act, 1886",11 of 1886,Act 37 of 2025,1886
"The Indian Transfer of Ships Restriction (Repealing) Act, 1922",23 of 1922,"Sec 3 and Second Sch, Act 11 of 1923",1922
The Indian Transfer of Ships Restriction Act 1917,20 of 1917,Act 23 of 1922,1917
"The Indian Trustee Act, 1866",27 of 1866,Act 48 of 1952,1866
"The Indian Trusts (Amendment) Act, 1908",3 of 1908,Act 1 of 1938,1908
"The Indian Trusts (Amendment) Act, 1917",21 of 1917,Act 1 of 1938,1917
"The Indian Trusts (Amendment) Act, 1934",18 of 1934,Act 1 of 1938,1934
"The Indian Universities (Amendment) Act, 1911",11 of 1911,Act 1 of 1938,1911
The Indian Universities (Honorary Degree) Act 1884,1 of 1884,Act 8 of 1904,1884
"The Indian Universities (Repeal) Act, 2001",36 of 2001,Act 04 of 2018,2001
The Indian Universities (Validation) Act 1905,2 of 1905,Act 10 of 1914,1905
"The Indian Universities Act, 1904",8 of 1904,Act 36 of 2001,1904
The Indian University (Degrees) Act 1860,47 of 1860,Act 8 of 1904,1860
"The Indian Volunteers (Amendment) Act, 1909",6 of 1909,Act 49 of 1920,1909
"The Indian Volunteers Act Amendment Act, 1896",10 of 1896,Act 49 of 1920,1896
The Indian Weights & Measures of Capacity Act 1871,31 of 1871,A. O of 1950,1871
The Indian Weights and Measures Act 1870,11 of 1870,Act 12 of 1873,1870
The Indian Wireless Telegraph (Shipping) Act 1920,41 of 1920,Act 21 of 1923,1920
"The Indian Wireless Telegraphy (Amendment) Act, 1949",31 of 1949,Act 48 of 1952,1949
"The Indian Work of Defence (Amendment) Act, 1921",11 of 1921,"Sec 2 and Sch, Act 1 of 1938",1921
"The Indian Works of Defence (Amendment) Act, 1940",28 of 1940,Act 06 of 1945,1940
"The Indian Works of Defence (Amendment) Act, 1965",39 of 1965,Act 56 of 1974,1965
"The Indian Works of Defence (Amendment) Act, 1974",50 of 1974,Act 38 of 1978,1974
"The Indian aircraft (Amendment) Act, 1936",7 of 1936,Act 32 of 1940,1936
"The Indian army (Amendment) Act, 1949",43 of 1948,Act 35 of 1950,1948
"The Indian boilers (Amendment) Act, 1929",9 of 1929,"Sec 2 and Sch, Act 1 of 1938",1929
"The Indian salt (Amendment) Act, 1939",25 of 1939,Act 25 of 1942,1939
"The Indian securities (Amendment) Act, 1928",2 of 1928,"Sec 2 and Sch, Act 1 of 1938",1928
"The Indian succession (Amendment) Act, 1931",17 of 1931,Act 1 of 1938,1931
"The Indian succession (Second Amendment) Act, 1928",21 of 1928,Act 18 of 1929,1928
The Indigo Cess (Amendment) Act,5 of 1921,"Sec 2, Act 28 of 1923",1921
The Indigo Cess (Repealing) Act 1923,28 of 1923,Act 12 of 1927,1923
"The Indigo Cess Act, 1918",3 of 1918,Act 28 of 1923,1918
"The Indina Defence Force (Amendment) Act, 1919",7 of 1919,Act 49 of 1920,1919
"The Indira Gandhi National Open University (Amendment) Act, 1997",32 of 1997,Act 30 of 2001,1997
The Indus Valley State Railway Lands Act 1883,13 of 1883,Act 42 of 1953,1883
"The Indus Vessels (Amendment) Act, 1942",03 of 1942,Act 02 of 1948,1942
The Industrial Development Bank of India (Amendment) Act 1986,35 of 1986,Act 30 of 2001,1986
"The Industrial Development Bank of India (Amendment) Act, 1972",75 of 1972,Act 38 of 1978,1972
"The Industrial Development Bank of India (Amendment) Act, 1982",72 of 1982,Act 19 of 1988,1982
"The Industrial Development Bank of India (Amendment) Act, 1995",5 of 1995,Act 30 of 2001,1995
"The Industrial Development Bank of India Act, 1964",18 of 1964,Act 53 of 2003,1964
"The Industrial Disputes (Amendment and Miscellaneous provisions) Act, 1956",36 of 1956,Act 23 of 2016,1956
"The Industrial Disputes (Amendment and Temporary Provisions) Act, 1951",40 of 1951,Act 58 of 1960,1951
The Industrial Disputes (Amendment) Act 1952,18 of 1952,Act 36 of 1957,1952
The Industrial Disputes (Amendment) Act 1953,43 of 1953,Act 36 of 1957,1953
The Industrial Disputes (Amendment) Act 1956,41 of 1956,Act 58 of 1960,1956
The Industrial Disputes (Amendment) Act 1957,18 of 1957,Act 58 of 1960,1957
"The Industrial Disputes (Amendment) Act, 1964",36 of 1964,Act 56 of 1974,1964
"The Industrial Disputes (Amendment) Act, 1965",35 of 1965,Act 56 of 1974,1965
"The Industrial Disputes (Amendment) Act, 1971",45 of 1971,Act 38 of 1978,1971
"The Industrial Disputes (Amendment) Act, 1972",32 of 1972,Act 38 of 1978,1972
"The Industrial Disputes (Amendment) Act, 1976",32 of 1976,Act 19 of 1988,1976
"The Industrial Disputes (Amendment) Act, 1984",49 of 1984,Act 39 of 2002,1984
"The Industrial Disputes (Amendment) Act, 1996",24 of 1996,Act 30 of 2001,1996
"The Industrial Disputes (Amendment) Act, 2010",24 of 2010,Act 23 of 2016,2010
The Industrial Disputes (Appellate Tribunal) Act 1950,48 of 1950,Act 36 of 1956,1950
"The Industrial Disputes (Appellate Tribunal) Amendment Act, 1955",29 of 1955,Act 23 of 2016,1955
The Industrial Disputes (Banking Companies) Decision (Amendment) Act. 1957,40 of 1957,Act 58 of 1960,1957
"The Industrial Disputes (Banking Companies) Decision (Repeal) Act, 2001, 19 of 2001, (Rep., Act 02 of 2018) ,",,,2001
The Industrial Disputes (Banking Companies) Decision Act 1955,41 of 1955,Act 19 of 2001,1955
The Industrial Disputes (Banking Companies) Decision Amendment Act 1958,38 of 1958,Act 58 of 1960,1958
"The Industrial Disputes Act, 1947",14 of 1946,Act 35 of 2020,1947
The Industrial Disputes Amendment Act 1954,48 of 1954,Act 58 of 1960,1954
The Industrial Employment (Standing Orders) Amendment Act 1963,39 of 1963,Act 56 of 1974,1963
"The Industrial Employment (Standing Orders) Amendment Act, 1961",16 of 1961,Act 52 of 1964,1961
"The Industrial Employment (Standing Orders) Amendment Act, 1982",18 of 1982,Act 19 of 1988,1982
"The Industrial Employmnet (Standing Orders) Act, 1946",20 of 1946,Act 35 of 2020,1946
The Industrial Finance Corporation (Amendment) Act 1952,78 of 1952,Act 36 of 1957,1952
The Industrial Finance Corporation (Amendment) Act 1960,66 of 1960,Act 52 of 1964,1960
The Industrial Finance Corporation (Amendment) Act 1986,50 of 1986,Act 30 of 2001,1986
"The Industrial Finance Corporation (Amendment) Act, 1949",45 of 1949,Act 48 of 1952,1949
"The Industrial Finance Corporation (Amendment) Act, 1972",74 of 1972,Act 38 of 1978,1972
"The Industrial Finance Corporation (Amendment) Act, 1982",2 of 1982,Act 19 of 1988,1982
The Industrial Finance Corporation (Amendment) Act. 1957,43 of 1957,Act 58 of 1960,1957
"The Industrial Finance Corporation Act, 1948",15 of 1948,Act 23 of 1993,1948
"The Industrial Reconstruction Bank of India Act, 1984",62 of 1984,Act 7 of 1997,1984
The Industrial Statistics Act 1942,19 of 1942,Act 32 of 1953,1942
The Industrial and State Financial Corporations (Amendment) Act 1955,28 of 1955,Act 58 of 1960,1955
The Industries (Development and Regulation) Act 1956,71 of 1956,Act 58 of 1960,1956
The Industries (Development and Regulation) Amendment Act 1953,26 of 1953,Act 36 of 1957,1953
"The Industries (Development and Regulation) Amendment Act, 1961",51 of 1961,Act 52 of 1964,1961
"The Industries (Development and Regulation) Amendment Act, 1965",6 of 1965,56 of 1974,1965
"The Industries (Development and Regulation) Amendment Act, 1973",67 of 1973,Act 38 of 1978,1973
"The Industries (Development and Regulation) Amendment Act, 1974",32 of 1974,Act 38 of 1978,1974
"The Industries (Development and Regulation) Amendment Act, 1979",17 of 1979,Act 19 of 1988,1979
"The Industries (Development and Regulation) Amendment, Act 1962",37 of 1962,Act 56 of 1974,1962
"The Infant Milk Substitutes, Feeding bottles and Infant Food (Regulation of Production, Supply and Distribution) Amendment Act, 2003",38 of 2003,Act 23 of 2016,2003
The Influx from Pakistan (Control) Act 1949,23 of 1949,Act 76 of 1952,1949
The Influx from Pakistan (Control) Act 1952,76 of 1952,Act 33 of 2001,1952
"The Influx from Pakistan (Control) Repealing (Repeal) Act, 2001",33 of 2001,Act 04 of 2018,2001
"The Information Technology (Amendment) Act, 2008",10 of 2009,Act 23 of 2016,2009
The Inidan Registration (Amendment) Act 1956,17 of 1956,Act 58 of 1960,1956
"The Inland Air Travel Tax Act, 1971",48 of 1971,Act 13 of 1973,1971
"The Inland Bonded Warehouses (Amendment) Act, 1928",4 of 1928,"Sec 2 and Sch, Act 1 of 1938",1928
The Inland Bonded Warehouses Act 1896,8 of 1896,Act 52 of 1962,1896
"The Inland Bonded Warehouses Act, 1887",21 of 1887,Act 8 of 1896,1887
The Inland Customs Act 1875,8 of 1875,Act 12 of 1882,1875
The Inland Emigration Act 1882,1 of 1882,Act 6 of 1901,1882
"The Inland Emigration Act, 1893",7 of 1893,Act 6 of 1901,1893
The Inland Steam - vessels (Amendment) Act 1977,35 of 1977,Act 19 of 1988,1977
"The Inland Steam - vessels Act (1884) Amendment Act, 1891",13 of 1891,Act 1 of 1917,1891
"The Inland Steam - vessels Act (1884) Amendment Act, 1899",7 of 1899,Act 1 of 1917,1899
The Inland Steam Vessels (Amendment) Act 1951,26 of 1951,Act 36 of 1957,1951
"The Inland Steam Vessels (Amendment) Act, 1920",6 of 1920,Act 1 of 1938,1920
"The Inland Steam Vessels (Amendment) Act, 1930",13 of 1930,"Sec 2 and Sch, Act 1 of 1938",1930
"The Inland Steam Vessels (Amendment) Act, 1950",38 of 1950,Act 36 of 1957,1950
"The Inland Steam-vessels (Amendment) Act, 1915",15 of 1915,Act 1 of 1917,1915
"The Inland Steam-vessels (Amendment) Act, 1949",58 of 1949,Act 48 of 1952,1949
The Inland Steam-vessels Act 1884,6 of 1884,Act 1 of 1917,1884
"The Inland Vessels (Amendment) Act, 2007",35 of 2007,Act 19 of 2015,2007
"The Inland Vessels Act, 1917",1 of 1917,Act 24 of 2021,1917
"The Inland Waterways Authority Of India (Amendment) Act, 2001",40 of 2001,Act 19 of 2015,2001
"The Inland Waterways Authority of India (Amendment) Act, 1993",8 of 1994,Act 30 of 2001,1994
The Insecticides (Amendment) Act 1977,24 of 1977,Act 19 of 1988,1977
"The Insecticides (Amendment) Act, 1972",46 of 1972,Act 38 of 1978,1972
"The Insecticides (Amendment) Act, 2000",23 of 2000,Act 19 of 2015,2000
"The Insolvency (Amendment) Act, 1926",9 of 1926,"Sec 2 and Sch, Act 1 of 1938",1926
"The Insolvency (Amendment) Act, 1927",11 of 1927,"Sec 2 and Sch, Act 1 of 1938",1927
"The Insolvency Law (Amendment) Act, 1950",3 of 1950,Act 36 of 1957,1950
The Insolvency Laws (Amendment) Act 1978,28 of 1978,Act 19 of 1988,1978
"The Insolvency Laws (Amendment) Act, 1930",10 of 1930,"Sec 2 and Sch, Act 1 of 1938",1930
"The Insolvency and Bankruptcy Code (Amendment) Act, 2018",8 of 2018,Act 37 of 2023,2018
"The Insolvency and Bankruptcy Code (Amendment) Act, 2019",26 of 2019,Act 37 of 2023,2019
"The Insolvency and Bankruptcy Code (Amendment) Act, 2020",1 of 2020,Act 37 of 2025,2020
"The Insolvency and Bankruptcy Code (Amendment) Act, 2021",26 of 2021,Act 37 of 2025,2021
"The Insolvency and Bankruptcy Code (Second Amendment) Act, 2018",26 of 2018,Act 37 of 2023,2018
"The Insolvency and Bankruptcy Code (Second Amendment) Act, 2020",17 of 2020,Act 37 of 2025,2020
"The Insolvent Estates (Unclaimed Dividents) Act, 1841",27 of 1841,Act 3 of 1909,1841
"The Institutes of Technology (Amendment) Act, 1994",35 of 1994,Act 30 of 2001,1994
The Institutes of Technology Amendment Act 2012,34 of 2012,"Act, 31 of 2019",2012
"The Institutes of Technology Amendment Act, 2002",16 of 2002,Act 31 of 2019,2002
The Insurance (Amendment) Act 1955,18 of 1955,Act 58 of 1960,1955
The Insurance (Amendment) Act 1957,35 of 1957,Act 58 of 1960,1957
"The Insurance (Amendment) Act, 1939",11 of 1939,Act 25 of 1942,1939
"The Insurance (Amendment) Act, 1940",20 of 1940,Act 06 of 1945,1940
"The Insurance (Amendment) Act, 1941",13 of 1941,Act 06 of 1945,1941
"The Insurance (Amendment) Act, 1948",10 of 1948,Act 35 of 1950,1948
"The Insurance (Amendment) Act, 1950",47 of 1950,Act 36 of 1957,1950
"The Insurance (Amendment) Act, 1961",11 of 1961,Act 52 of 1964,1961
"The Insurance (Amendment) Act, 1965",32 of 1965,Act 56 of 1974,1965
"The Insurance (Amendment) Act, 2002",42 of 2002,Act 19 of 2002,2002
"The Insurance (Amendment) Act, 2021",6 of 2021,Act 37 of 2025,2021
The Insurance (Second Amendment) Act 1955,54 of 1955,Act 58 of 1960,1955
"The Insurance (Second Amendment) Act, 1939",41 of 1939,Act 25 of 1942,1939
The Insurance Deposits (Temporary Reduction) Act 1941,1 of 1941,Act 36 of 1957,1941
"The Insurance Laws (Amendment) Act, 2015",5 of 2015,Act 31 of 2019,2015
"The Insurance Laws (Transfer of Business and Emergency Provisions) Repeal Act, 2001",11 of 2001,Act 23 of 2016,2001
"The Inter-State Migrant Workmen (Regulation of Employment and Conditions of Service) Act, 1979",30 of 1979,Act 37 of 2020,1979
The Inter-State Water Disputes (Amendment) Act 1986,20 of 1986,Act 30 of 2001,1986
"The Inter-State Water Disputes (Amendment) Act, 1968",35 of 1968,Act 68 of 1986,1968
"The Inter-State Water Disputes (Amendment) Act, 1980",45 of 1980,Act 19 of 1988,1980
"The Inter-State Water Disputes Amendment Act, 2002",14 of 2002,Act 19 of 2015,2002
"The Interest Act, 1839",32 of 1839,Act 14 of 1978,1839
"The Interest on Delayed Payments to Small Scale and Ancillary Industrial Undertakings (Amendment) Act, 1998",23 of 1998,Act 30 of 2001,1998
"The Interest on Delayed Payments to Small Scale and Ancillary Industrial Undertakings Act, 1993",32 of 1993,Act 30 of 2001,1993
"The International Airports Authority Act, 1971",43 of 1971,Act 55 of 1994,1971
"The International Monetary Fund and Bank (Amendment) Act, 1959",25 of 1959,Act 52 of 1964,1959
"The International Monetary Fund and Bank (Amendment) Act, 1969",41 of 1969,Act 4 of 2018,1969
"The International Monetary Fund and Bank (Amendment) Act, 1982",67 of 1982,Act 19 of 1988,1982
"The Inventions and Designs Act, 1888",5 of 1888,Act 2 of 1911,1888
The Iron Ore Mines Labour Welfare Cess (Amendment) Act 1963,24 of 1963,Act 56 of 1974,1963
"The Iron Ore Mines Labour Welfare Cess (Amendment) Act, 1970",41 of 1970,Act 38 of 1978,1970
"The Iron Ore Mines Labour Welfare Cess Act, 1961",58 of 1961,Act 55 of 1976,1961
"The Iron Ore Mines and Manganese Ore Mines Labour Welfare Cess (Amendment) Act, 1982",44 of 1982,Act 19 of 1988,1982
"The Iron Ore Mines and Manganese Ore Mines Labour Welfare Fund (Amendment) Act, 1982",45 of 1982,Act 19 of 1988,1982
"The Iron Ore Mines, Manganese Ore Mines and Chrome Ore Mines Labour Welfare Cess Act, 1976",55 of 1976,Act 31 of 2019,1976
"The Iron Ore Mines, Manganese Ore Mines and Chrome Ore Mines Labour Welfare Fund Act, 1976",61 of 1976,Act 31 of 2019,1976
"The Iron and Steel (Amalgamation and Takeover Laws) Repeal Act, 2000",26 of 2000,Act 23 of 2016,2000
The Iron and Steel Companies Amalgamation Act 1952,79 of 1952,Act 26 of 2000,1952
"The Iron and Steel Duties Act, 1934",31 of 1934,Act 1 of 1944,1934
The Jagannath College Act 1920,16 of 1920,Act 42 of 1953,1920
"The Jalianwala Bagh National Memorial (Amendment) Act, 2006",51 of 2006,Act 2 of 2018,2006
"The Jammu and Kashmir Criminal Law Amendment (Amending) Act, 1991",10 of 1991,Act 30 of 2001,1991
"The Jammu and Kashmir Criminal Law Amendment (Second Amending) Act, 1991",33 of 1991,Act 30 of 2001,1991
"The Jammu and Kashmir State Legislature (Delegation of Powers) Act, 1992",21 of 1992,Act 30 of 2001,1992
The Jamsetjee Jejeebhoy Baronetcy Act 1915,10 of 1915,Act A.O. of 1950,1915
"The Jawaharlal Institute of Post-Graduate medical Education and Research, Puducherry (Amendment) Act 2011",10 of 2011,Act 23 of 2016,2011
"The Jayanti Shipping Company (Acquisition of Shares) Act, 1971",63 of 1971,Act 23 of 2016,1971
"The Jayanti Shipping Company (Taking over of Management) Act, 1956",24 of 1966,Act 63 of 1971,1966
The Jhansi Courts Act 1867,18 of 1867,Act 20 of 1890,1867
The Jhansi Incumbered Estates Act 1882,16 of 1882,U.P. Act 1 of 1903,1882
"The Jhansi and Morar Act, 1886",17 of 1886,Act 42 of 1953,1886
"The Jharkhand Panchayat Raj Amendment Act, 2010",33 of 2010,Act 4 of 2018,2010
"The Joint-Stock Companies Act, 1857",19 of 1857,Act 10 of 1866,1857
The Jubbulpore and Chhattisgarh Divisions (Divorce Proceedings Validation) Act 1935,13 of 1935,Act 2 of 2018,1935
The Judicial Administration Laws (Repeal) Act 2001,22 of 2001,Act 02 of 2018,2001
The Judicial Commissioners' Courts (Declaration as High Courts) Act 1950,15 of 1950,Act 22 of 2001,1950
"The Judicial Officers Protection Act, 1850",18 of 1850,Act 37 of 2023,1850
The Junagadh Administration (Property) Act 1948,26 of 1948,Act 4 of 2018,1948
The Justices of Peace Act 1869,2 of 1869,Act 10 of 1882,1869
"The Jute Manufacture Cess Act, 1983",28 of 1983,Act 18 of 2017,1983
"The Jute Manufactures Cess (Amendment) Act, 2002",13 of 2002,Act 23 of 2016,2002
"The Jute Manufactures Development Council (Amendment) Act, 1993",9 of 1994,Act 30 of 2001,1994
"The Jute Manufactures Development Council Act, 1983",27 of 1983,"Sec 26, Act 12 of 2009",1983
"The Juvenile Justice (Care And Protection Of Children) Act, 2000",56 of 2000,Act 02 of 2016,2000
The Juvenile Justice (Care and Protection of Children) (Amendment) Act 2011,12 of 2011,Act 23 of 2016,2011
"The Juvenile Justice (Care and Protection of Children) Amendment Act, 2006",33 of 2006,Act 23 of 2016,2006
The Juvenile Justice Act 1986,53 of 1986,Act 56 of 2000,1986
The Kanungos and Patwaris (N.W.P. & Oudh) Act 1882,13 of 1882,Act 9 of 1889,1882
"The Kerala Legislative Assembly (Extension of Duration) Amendment Act, 1976",46 of 1976,Act 19 of 1988,1976
"The Kerala Legislative Assembly (Extension of Duration) Second Amendment Act, 1976",102 of 1976,Act 19 of 1988,1976
"The Kerala State Legislative (Delegation of Power) Act, 1956",75 of 1956,Act 58 of 1960,1956
"The Kerala State Legislature (Delegation of Powers) Act, 1959",50 of 1959,Act 52 of 1964,1959
"The Kerala State Legislature (Delegation of Powers) Act, 1964",30 of 1964,Act 56 of 1974,1964
"The Kerala State Legislature (Delegation of Powers) Act, 1965",12 of 1965,Act 56 of 1974,1965
The Khaddar (Name Protection) Act 1934,8 of 1934,Act 78 of 1950,1934
"The Khadi And Village Industries Commission (Amendment) Act, 2006",10 of 2006,Act 2 of 2018,2006
The Khadi and Other Handloom Industries Development (Additional Excise Duty on Cloth) Act 1953,12 of 1953,Act 12 of 1990,1953
The Khadi and Village Industries Commission (Amendment) Act 1987,12 of 1987,Act 30 of 2001,1987
"The Khadi and Village Industries Commission (Amendment) Act, 1961",32 of 1961,Act 52 of 1964,1961
The Khuda Bakhsh Oriental Public Library (Amendment) Act 1981,51 of 1981,Act 19 of 1988,1981
The King of Oudh&apos;s Act 1868,13 of 1868,Act 32 of 1940,1868
"The Konkan Passenger Ships (Acquisition) Act, 1973",62 of 1973,Act 23 of 2016,1973
"The Kosangas Company (Acquisition of Undertakings) Act, 1979",28 of 1979,Act 23 of 2016,1979
"The Kurratiya Tolls Act, 1856",22 of 1856,Act Ben. 1 of 1914,1856
"The Labour Provident Fund Laws (Amendment) Act, 1971",16 of 1971,Act 38 of 1978,1971
"The Labour Provident Fund Laws (Amendment) Act, 1976",99 of 1976,Act 19 of 1988,1976
The Labour Welfare Fund Laws (Amendment) Act 1987,15 of 1987,Act 30 of 2001,1987
"The Laccadive, Minicoy and Amindivi Island (Alteration of Name) Act, 1973",34 of 1973,Act 47 of 2001,1973
"The Land Acquisition (Amendment) Act, 1919",17 of 1919,Act 1 of 1938,1919
"The Land Acquisition (Amendment) Act, 1921",19 of 1921,"Sec 2 and Sch, Act 1 of 1938",1921
"The Land Acquisition (Amendment) Act, 1923",38 of 1923,"Sec 2 and Sch, Act 1 of 1938",1923
"The Land Acquisition (Amendment) Act, 1933",16 of 1933,Act 1 of 1938,1933
"The Land Acquisition (Amendment) Act, 1962",31 of 1962,Act 30 of 2013,1962
"The Land Acquisition (Mines) Act, 1885",18 of 1885,Act 37 of 2023,1885
"The Land Acquisition Act, 1870 Act",10 of 1870,Act 1 of 1894,1870
"The Land Acquisition Act, 1894",1 of 1894,Act 30 of 2013,1894
The Land Customs (Amendment) Act 1955,35 of 1955,Act 58 of 1960,1955
"The Land Customs (Amendment) Act, 1931",19 of 1931,Act 1 of 1938,1931
"The Land Customs (Amendment) Act, 1937",3 of 1937,Act 25 of 1942,1937
The Land Customs Act 1924,19 of 1924,"Sec 160 and Sch, Act 52 of 1962",1924
"The Land Improvement Act, 1871",26 of 1871,Act in Pt 12 of 1891,1871
"The Land Improvement Loans (Amendment) Act, 1899",18 of 1899,Act 1 of 1938,1899
"The Land Improvement and Agriculturists' Loans (Amendment) Act, 1906",8 of 1906,Act 1 of 1938,1906
The Landholders&apos; Public Charges and Duties Act 1853,2 of 1853,A.O. 1950,1853
"The Lansdown Bridge Act, 1892",8 of 1892,Act 42 of 1953,1892
"The Laxmirattan and Atherton West Cotton Mills (Taking over of Management) Act, 1976",98 of 1976,Act 23 of 2016,1976
"The Leaders And Chife Whip of Recognised Parties and Groups In Parliament (Facilities) Amendment Act, 2000, 18 of 2000, (Rep., Act 19 of 2015) ,",,,2000
"The Legal Practitioners (Amendment) Act, 1926",15 of 1926,"Sec 2 and Sch, Act 1 of 1938",1926
The Legal Practitioners Act 1853,20 of 1853,Act 48 of 1952,1853
The Legal Practitioners Act 1884,9 of 1884,Act 1 of 1938,1884
The Legal Practitioners Act 1896,11 of 1896,Act 1 of 1938,1896
"The Legal Practitioners Act, 1846",1 of 1846,Act 48 of 1952,1846
"The Legal Practitioners' (Amendment) Act, 1908",1 of 1908,Act 1 of 1938,1908
The Legal Services Authorities (Amendment) Act 1994,59 of 1994,Act 30 of 2001,1994
"The Legal Services Authorities (Amendment) Act, 2002",37 of 2002,Act 17 of 2015,2002
The Legislative Assembly (Deputy President's Salary) Act 1921,2 of 1921,Act A.O. of 1950,1921
The Legislative Assembly (President's Salary) Act 1925,6 of 1925,Act A.O. of 1950,1925
The Legislative Councils Act 1957,37 of 1957,Act 4 of 2018,1957
"The Legislative Member Exemption Act, 1925",23 of 1925,"Sec 2 and Sch, Act 1 of 1938",1925
"The Lepers (Amendment) Act, 1903",13 of 1903,Act 1 of 1938,1903
"The Lepers (Amendment) Act, 1920",22 of 1920,Act 1 of 1938,1920
The Lepers Act 1898,3 of 1898,Act 23 of 2016,1898
"The Levy Sugar Price Equalisation Fund (Amendment) Act, 1984",54 of 1984,Act 23 of 2016,1984
"The Levy Sugar Price Equalisation Fund Act, 1976",31 of 1976,Act 37 of 2025,1976
The Life Insurance (Emergency Provisions) Act 1956,9 of 1956,Act 11 of 2001,1956
The Life Insurance Corporation (Amendment) Act 1981,1 of 1981,Act 19 of 1988,1981
The Life Insurance Corporation (Amendment) Act 2011,8 of 2012,"Act, 19 of 2015",2012
"The Life Insurance Corporation (Amendment) Act, 1957",17 of 1957,Act 23 of 2016,1957
"The Life Insurance Corporation (Amendment) Act, 1965",33 of 1965,Act 56 of 1974,1965
"The Light House Act, 1927",17 of 1927,Act 20 of 2021,1927
The Lighthouse (Amendment) Act 1985,66 of 1985,Act 30 of 2001,1985
"The Limestone and Dolomite Mines Labour Welfare Fund Act, 1972",62 of 1972,Act 02 of 2018,1972
"The Limitation (Amendment) Act, 1969",10 of 1969,Act 56 of 1974,1969
The Little Cocos & Preparis Islands Laws Act 1883,8 of 1883,Act 42 of 1953,1883
"The Live-Stock Importation (Amendment) Act, 2001",28 of 2001,Act 23 of 2016,2001
The Live-stock Importation (Amendment) Act 1953,40 of 1953,Act 36 of 1957,1953
"The Local Authorities (Emergency) Loans (Amendment) Act, 1912",11 of 1912,Act 9 of 1914,1912
The Local Authorities (Emergency) Loans Act 1897,12 of 1897,Act 12 of 1914,1897
"The Local Authorities Loan (Amendment) Act, 1905",1 of 1905,Act 9 of 1914,1905
"The Local Authorities Loan (Amendment) Act, 1907",5 of 1907,Act 9 of 1914,1907
"The Local Authorities Loan (Amendment) Act, 1908",8 of 1908,Act 9 of 1914,1908
"The Local Authorities Loan Act (1879) Amendment Act, 1885",15 of 1885,Act 9 of 1914,1885
The Local Authorities Loan Act 1879,11 of 1879,Act 9 of 1914,1879
The Local Authorities Loan Act 1904,3 of 1904,Act 9 of 1914,1904
The Local Authorities Pension and Gratuities Act 1919,1 of 1919,Act 23 of 2016,1919
The Local Public works Loans Act 1871,24 of 1871,Act 11 of 1879,1871
The Lower Burma Courts Act 1900,6 of 1900,Act 11 of 1923 and Bur. Act 11 of 1922,1900
"The Lower Burma Courts Act, 1889",11 of 1889,Act 6 of 1900,1889
The Lower Burma Gaols Delivery Act 1886,16 of 1886,Act 11 of 1889,1886
"The Lower Burma Towns Act, 1892",9 of 1892,Bur. Act 3 of 1907,1892
"The Lower Burma Vilages and Towns Law Amendment Act, 1895",18 of 1895,Bur. Act 3 of 1907,1895
"The Lower Burma Village Act (1889) Amendment Act, 1894",11 of 1894,Bur. Act 6 of 1907,1894
"The Lower Burma Village Act, 1889",3 of 1889,Bur. Act 6 of 1907,1889
"The Lunacy (District Courts) Act, 1858",35 of 1858,Act 4 of 1912,1858
"The Lunacy (Supreme Courts) Act, 1858",34 of 1858,Act 4 of 1912,1858
The Lunatic Soldiers&apos; Property Act 1873,14 of 1873,Act 1 of 1903,1873
The Madhya Bharat Taxes on Income (Validation) Act 1954,38 of 1954,Act 20 of 2000,1954
"The Madhya Pradesh State Legislature (Delegation of Powers) Act, 1993",9 of 1993,Act 30 of 2001,1993
"The Madras Civil Courts (Amendment) Act, 1877",19 of 1877,Act 1 of 1938,1877
"The Madras Civil Courts (Amendment) Act, 1926",14 of 1926,"Sec 2 and Sch, Act 1 of 1938",1926
"The Madras Civil Courts (Second Amendment) Act, 1926",18 of 1926,"Sec 2 and Sch, Act 1 of 1938",1926
"The Madras Civil Courts Act, 1885",21 of 1885,Act 1 of 1938,1885
The Madras Coast-Lights Act 1904,9 of 1904,Act 17 of 1927,1904
"The Madras Compulsory Labour Act, 1858",1 of 1858,Act Tn24 of 2021,1858
"The Madras Forest (Validation) Act, 1882",21 of 1882,Act 4 of 2018,1882
"The Madras Inland Customs Act, 1844",6 of 1844,Act 3 of 1837,1844
"The Madras Irrigation and Canal Company Act, 1865",30 of 1865,17 of 1914,1865
The Madras Minors Act 1855,21 of 1855,Mad. Act 1 of 1902,1855
"The Madras Panchayats Act, 1840",08 of 1840,Mad. Act 7 of 1931,1840
The Madras Partition Deeds Act 1884,2 of 1884,Act 48 of 1952,1884
The Madras Port Trust (Amendment) Act 1952,4 of 1952,Act 36 of 1957,1952
"The Madras Port Trust (Amendment) Act, 1941",18 of 1941,Act 06 of 1954,1941
The Madras Port-dues Act 1881,4 of 1881,Act 10 of 1889,1881
"The Madras Salt (Amendment) Act, 1927",6 of 1927,"Sec 2 and Sch, Act 1 of 1938",1927
"The Madras Salt (Amendment) Act, 1928",19 of 1928,"Sec 2 and Sch, Act 1 of 1938",1928
The Madras Salt Act 1875,11 of 1875,Act 18 of 1877,1875
"The Madras State (Alteration of Name) Act, 1968",53 of 1968,Act 47 of 2001,1968
The Madras Uncovenanted Officers&apos; Act 1857,7 of 1857,Act 4 of 2018,1857
The Madras University Act 1857,27 of 1857,Mad. Act 7 of 1923,1857
The Madras lrrigation and Canal Company's Act 1880,16 of 1880,Act 17 of 1914,1880
"The Mahendra Partab Singh Estates Act, 1923",24 of 1923,Act 48 of 1960,1923
The Mahendra Pratab Singh Estates (Repeal ) Act 1960,48 of 1960,Act 4 of 2018,1960
The Maintenance Orders Enforcement (Amendment) Act 1952,47 of 1952,Act 36 of 1957,1952
The Maintenance of Internal Security (Amendment) Act 1975,39 of 1975,Act 38 of 1978,1975
The Maintenance of Internal Security (Repeal) Act 1978,27 of 1978,Act 19 of 1988,1978
"The Maintenance of Internal Security Act, 1971",26 of 1971,Act 27 of 1978,1971
"The Major Port Trusts (Amendment) Act, 1988",12 of 1988,Act 30 of 2001,1988
"The Major Port Trusts Act 1963, 38 of 1963",38 of 1963,Act 1 of 2021,1963
"The Major Trusts (Amendment) Act, 2000",22 of 2000,Act 19 of 2015,2000
The Malabar (Completion of Trials) Supplementing Act 1923,2 of 1923,Act 20 of 1937,1923
"The Malkharoda and Gaontia Villages Laws Act, 1923",22 of 1923,"Sec 2 and First Sch, Act 42 of 1953",1923
The Manipur Court-fees (Amendment and Validation) Act 1953,44 of 1953,Act 22 of 2001,1953
"The Manipur State Legislature (Delegation of Powers) Act, 1973",23 of 1973,Act 38 of 1978,1973
"The Manipur and Tripura (Repeal of Laws) Act, 1958",35 of 1958,Act 23 of 2016,1958
"The Marchant Shipping Act, 1958",44 of 1958,Act 20 of 2025 and Act 24 of 2025,1958
"The Marking of Heavy Packages (Amendment) Act, 1961",29 of 1961,Act 52 of 1964,1961
"The Marriage Laws (Amendment) Act , 2001",49 of 2001,Act 17 of 2015,2001
"The Marriage Laws (Amendment) Act, 1999",39 of 1999,Act 17 of 2015,1999
"The Marriage Laws (Amendment) Act, 2003",50 of 2003,Act 17 of 2015,2003
"The Marriages Validation (Bangalore) Act, 1895",17 of 1895,Act 11 of 1901,1895
"The Married Women's Property (Amendment) Act, 1923",13 of 1923,"Sec 2 and Sch, Act 1 of 1938",1923
"The Married Women's Property (Extension) Act, 1959",61 of 1959,Act 02 of 2018,1959
"The Maruti Limited (Acquisition and Transfer of Undertaking) Act, 1980",64 of 1980,Act 23 of 2016,1980
The Match Industry (Protection) Act 1928,17 of 1928,"Sec 13 and Third Sch, Act 32 of 1934",1928
The Matches (Excise Duty) Act 1934,16 of 1934,Act 1 of 1944,1934
"The Maternity Benefit (Amendment) Act, 1972",21 of 1972,Act 38 of 1978,1972
"The Maternity Benefit (Amendment) Act, 1973",52 of 1973,Act 38 of 1978,1973
"The Maternity Benefit (Amendment) Act, 1976",53 of 1976,Act 19 of 1988,1976
"The Maternity Benefit (Amendment) Act, 1988",61 of 1988,Act 30 of 2001,1988
"The Maternity Benefit (Amendment) Act, 1995",29 of 1995,Act 30 of 2001,1995
"The Maternity Benefit (Amendment) Act, 2008",15 of 2008,Act 23 of 2016,2008
"The Maternity Benefit (Amendment) Act, 2017",6 of 2017,37 of 2025,2017
"The Maternity Benefit Act, 1961",53 of 1961,Act 36 of 2020,1961
"The Maysore State (Alteration of Name) Act, 1973",31 of 1973,Act 47 of 2001,1973
"The Mazor Port Trusts (Amendment) Act, 1982",17 of 1982,Act 19 of 1988,1982
The Mechanical Lighters (Excise Duty) Act 1934,23 of 1934,Act 1 of 1944,1934
The Medical Diplomas Act 1939,28 of 1939,Act A. O. of 1950,1939
"The Medical Diplomas Act, 1939",27 of 1939,Act 25 of 1942,1939
"The Medical Termination of Pregnancy (Amendment) Act, 2002",64 of 2002,Act 23 of 2016,2002
"The Medical Termination of Pregnancy (Amendment) Act, 2021",8 of 2021,Act 37 of 2025,2021
"The Medicinal and Toilet Preparations (Excise Duties) Act, 1955",16 of 1955,Act 12 of 2017,1955
"The Medicinal and Toilet Preparations (Excise Duties) Amendment Act, 1961",19 of 1961,Act 52 of 1964,1961
"The Mental Act, 1987",14 of 1987,Act 10 of 2017,1987
"The Mental Tokens (Amendment) Act, 1962",46 of 1962,Act 56 of 1974,1962
The Merchant Shipping (Amendment) Act,25 of 1970,Act 23 of 2016,1970
The Merchant Shipping (Amendment) Act 1978,1 of 1978,Act 19 of 1988,1978
The Merchant Shipping (Amendment) Act 1981,43 of 1981,Act 19 of 1988,1981
The Merchant Shipping (Amendment) Act 1993,68 of 1993,Act 30 of 2001,1993
The Merchant Shipping (Amendment) Act 2007,40 of 2007,Act 19 of 2015,2007
"The Merchant Shipping (Amendment) Act, 1966",21 of 1966,Act 23 of 2016,1966
"The Merchant Shipping (Amendment) Act, 1976",69 of 1976,Act 19 of 1988,1976
"The Merchant Shipping (Amendment) Act, 1979",20 of 1979,Act 19 of 1988,1979
"The Merchant Shipping (Amendment) Act, 1983",12 of 1983,Act 19 of 1988,1983
"The Merchant Shipping (Amendment) Act, 1988",55 of 1988,Act 30 of 2001,1988
"The Merchant Shipping (Amendment) Act, 1998",9 of 1998,Act 30 of 2001,1998
"The Merchant Shipping (Amendment) Act, 2002",63 of 2002,Act 23 of 2016,2002
"The Merchant Shipping (Amendment) Act, 2003",59 of 2003,Act 19 of 2015,2003
"The Merchant Shipping (Amendment) Act, 2014",31 of 2014,Act 31 of 2019,2014
The Merchant Shipping (Second Amendment) Act 2014,32 of 2014,Act 31 of 2019,2014
"The Merchant Shipping Amendment Act, 1986",33 of 1986,Act 23 of 2016,1986
"The Merchant Shipping and Lighthouse (Amendment) Act, 1949",52 of 1949,Act 48 of 1952,1949
"The Merchant shipping Laws (Extension to Acceding States and Amendment) Act, 1949",18 of 1949,Act 44 of 1958,1949
The Merged States (Laws) Act 1949,59 of 1949,Act 23 of 2016,1949
The Mesne Profits and Improvement Act 1855,11 of 1855,Act 48 of 1952,1855
"The Metal Corporation (Nationalisation and Miscellaneous Provisions) Act, 1976",100 of 1976,Act 37 of 2023,1976
"The Metal Corporation of India (Acquisition of Undertaking) Act, 1965",44 of 1965,Act 37 of 2023,1965
"The Metal Corporation of India (Acquisition of Undertaking) Act, 1966",36 of 1966,Act 100 of 1976,1966
"The Metro Railway (Amendment) Act, 2009",34 of 2009,Act 23 of 2016,2009
The Metro Railways (Construction of Works) Amendment Act 1987,42 of 1987,Act 30 of 2001,1987
"The Mica Mines Labour Welfare Fund (Amendment) Act, 1980",51 of 1980,Act 19 of 1988,1980
"The Mica Mines Labour Welfare Fund Act, 1946",22 of 1946,Act 02 of 2018,1946
The Military Lunatics Act 1877,11 of 1877,Act 4 of 1912,1877
"The Mineral Oils (Additional Duties of Excise and Customs Amendment Act, 1964",41 of 1964,Act 56 of 1974,1964
"The Mineral Oils (Additional Duties of Excise and Customs) Amendment, 1959",59 of 1959,Act 02 of 2018,1959
The Mineral Oils (Additional Duties of Excise and customsAct 1958,27 of 1958,Act 25 of 2004,1958
"The Mineral Products (Additional Duties of Excise and Customs) Amendment Act, 1967",11 of 1967,Act 56 of 1974,1967
"The Mines (Amendment) Act, 1959",62 of 1959,Act 52 of 1964,1959
"The Mines Act, 1952",35 of 1952,Act 37 of 2020,1952
"The Mines And Minerals (Development and Regulation) Amendment Act, 2010",34 of 2010,Act 23 of 2016,2010
"The Mines Maternity Benefit Act, 1941",19 of 1941,Act 53 of 1961,1941
The Mines and Minerals (Development and Regulation) Amendment Act 2015,10 of 2015,Act 31 of 2019,2015
The Mines and Minerals (Development and Regulation) Amendment Act 2016,25 of 2016,Act 31 of 2019,2016
"The Mines and Minerals (Development and Regulation) Amendment Act, 2023",16 of 2023,Act 37 of 2025,2023
The Mines and Minerals (Regulation and Development) Amendment Act 1958,15 of 1958,Act 58 of 1960,1958
"The Mines and Minerals (Regulation and Development) Amendment Act, 1972",56 of 1972,Act 38 of 1978,1972
"The Mines and Minerals (Regulation and Development) Amendment Act, 1986",37 of 1986,Act 30 of 2001,1986
"The Mines and Minerals (Regulation and Development) Amendment Act, 1994",25 of 1994,Act 30 of 2001,1994
"The Mines and Minerals (Regulation and Development) Amendment Act, 1999",38 of 1999,23 of 2016,1999
The Minimum Wages (Amendment) Act 1951,16 of 1951,Act 36 of 1957,1951
The Minimum Wages (Amendment) Act 1954,26 of 1954,Act 58 of 1960,1954
The Minimum Wages (Amendment) Act 1957,30 of 1957,Act 58 of 1960,1957
"The Minimum Wages (Amendment) Act, 1950",56 of 1950,Act 36 of 1957,1950
"The Minimum Wages (Amendment) Act, 1961",31 of 1961,Act 52 of 1964,1961
"The Minimum Wages Act, 1948",11 of 1948,Act 29 of 2019,1948
"The Mirzapur Stone Mahal Act, 1886",5 of 1886,"U.P. Repealing Act 2017, Act 10 of 2018",1886
"The Miscellaneous Personal Laws (Extension) Act, 1959",48 of 1959,Act 02 of 2018,1959
"The Mizoram University (Amendment) Act 2007, 24 of 2007, (Rep., Act 4 of 2018) ,",,,2007
"The Mogul Line Limited (Acquisition of Shares) Act, 1984",33 of 1984,Act 23 of 2016,1984
"The Monopolies and Restrictive Trade Practices (Amendment) Act, 1980",60 of 1980,Act 19 of 1988,1980
"The Monopolies and Restrictive Trade Practices (Amendment) Act, 1982",30 of 1982,Act 19 of 1988,1982
"The Monopolies and Restrictive Trade Practices (Amendment) Act, 1984",30 of 1984,Act 19 of 1988,1984
"The Monopolies and Restrictive Trade Practices (Amendment) Act, 1985",38 of 1985,Act 30 of 2001,1985
"The Monopolies and Restrictive Trade Practices (Amendment) Act, 1986",74 of 1986,Act 30 of 2001,1986
"The Monopolies and Restrictive Trade Practices (Amendment) Act, 1988",62 of 1988,Act 30 of 2001,1988
"The Monopolies and Restrictive Trade Practices (Amendment) Act, 1991",58 of 1991,Act 30 of 2001,1991
"The Monopolies and Restrictive Trade Practices Act, 1969",54 of 1969,Act 12 of 2003,1969
"The Moorshedabad (Amendment) Act, 1923",25 of 1923,"Sec 2 and First Sch, Act 40 of 1949",1923
"The Moplah Outrages Act, 1859",20 of 1859,Mad Act 14 of 1951,1859
The Mortagaged Estates Administration Act 1855,23 of 1855,Act 48 of 1952,1855
"The Motor Spirit (Duties) (Amendment) Act, 1940",39 of 1940,Act 06 of 1945,1940
The Motor Spirit (Duties) Act 1917,2 of 1917,Act 1 of 1944,1917
"The Motor Spirit (Duties) Amendment Act, 1919",3 of 1919,Act 12 of 1927,1919
"The Motor Transport Workers Act, 1961",27 of 1961,Act 37 of 2020,1961
"The Motor Vehicels (Amendment) Act, 2001",39 of 2001,Act 31 of 2019,2001
"The Motor Vehicle (Amendment) Act, 1942",20 of 1942,Act 02 of 1948,1942
The Motor Vehicles (Amendment) Act 1978,47 of 1978,Act 19 of 1988,1978
The Motor Vehicles (Amendment) Act 1986,9 of 1986,Act 30 of 2001,1986
The Motor Vehicles (Amendment) Act 1994,54 of 1994,Act 30 of 2001,1994
"The Motor Vehicles (Amendment) Act, 1939",40 of 1939,Act 25 of 1942,1939
"The Motor Vehicles (Amendment) Act, 1940",26 of 1940,Act 06 of 1945,1940
"The Motor Vehicles (Amendment) Act, 1947",27 of 1947,Act 35 of 1950,1947
"The Motor Vehicles (Amendment) Act, 1960",5 of 1960,Act 02 of 2018,1960
"The Motor Vehicles (Amendment) Act, 1969",56 of 1969,Act 56 of 1974,1969
"The Motor Vehicles (Amendment) Act, 1976",26 of 1976,Act 19 of 1988,1976
"The Motor Vehicles (Amendment) Act, 1982",47 of 1982,Act 19 of 1988,1982
"The Motor Vehicles (Amendment) Act, 2000",27 of 2000,Act 23 of 2016,2000
"The Motor Vehicles (Amendment) Act, 2015",3 of 2015,Act 31 of 2019,2015
"The Motor Vehicles (Amendment) Act, 2019",32 of 2019,Act 37 of 2025,2019
The Motor Vehicles (Amendment) Act. 1956,100 of 1956,Act 02 of 2018,1956
The Motor Vehicles (Second Amendment) Act 1960,51 of 1960,Act 52 of 1964,1960
"The Motor Vehicles Act, 1939",4 of 1939,Act 59 of 1988,1939
The Motor Vehicles International Circulation Act 1912,12 of 1912,Act 8 of 1914,1912
"The Mulki Rules Act, 1972",79 of 1972,Act 68 of 1973,1972
"The Mult-unit Co-operative Societies (Amendment) Act, 1962",60 of 1962,Act 56 of 1974,1962
"The Multi-State Co-operative Societies (Amendment) Act, 2023",11 of 2023,Act 37 of 2025,2023
"The Multi-State Co-oprative Societies Act, 1984",51 of 1984,Act 39 of 2002,1984
The Multi-Unit Co-operative Societies (Amendment) Act 1956,34 of 1956,Act 58 of 1960,1956
"The Multi-unit Co-operative Societies Act, 1942",06 of 1942,Act 51 of 1984,1942
"The Multi-unit Co-operative Societies act, 1942",05 of 1942,Act 02 of 1948,1942
"The Multimodal Transportations of Goods (Amendment) Act, 2000",44 of 2000,Act 19 of 2015,2000
The Municipal Improvements (N.W.P.) Act 1868,6 of 1868,Act 15 of 1873,1868
The Municipal Taxation Act 1881,11 of 1881,Act 31 of 2019,1881
"The Mussalman Wakf Act, 1923",42 of 1923,Act 15 of 2025,1923
The Mussalman Wakf Validating Act 1913,6 of 1913,Act 23 of 2016,1913
The Mussalman Wakf Validating Act 1930,32 of 1930,Act 23 of 2016,1930
The Mysore High Court (Extension of Jurisdiction to Coorg) Act 1952,72 of 1952,Act 22 of 2001,1952
"The Mysore State Legislature (Delegation of Powers) Act, 1971",23 of 1971,Act 57 of 2002,1971
"The Mysore State Legislature (Delegation of Powers) Repeal Act, 2002",57 of 2002,Act 4 of 2018,2002
The Nagaland State Legislature (Delegation of Powers) Act 1975,31 of 1975,Act 31 of 1978,1975
The Narcotic Drugs and Psychotropic Substances (Amendment) Act 1988,2 of 1989,Act 30 of 2001,1989
The National Airports Authority Act 1985,64 of 1985,Act 55 of 1994,1985
"The National Bank For Agriculture And Rural Development (Amendment) Act, 2003",48 of 2003,Act 19 of 2015,2003
"The National Bank for Agriculture and Rural Deelopment (Amendment) Act, 2000",55 of 2000,Act 19 of 2015,2000
"The National Bank for Agriculture and Rural Development (Amendment) Act, 2018",7 of 2018,Act 37 of 2025,2018
The National Cadet Corps (Amendment) Act 1952,57 of 1952,Act 36 of 1957,1952
The National Cadet Corps (Amendment) Act 1991,50 of 1975,Act 38 of 1978,1975
The National Capital Territory of Delhi Laws (Special Provision) Second Amendment Act 2014,39 of 2014,Act 31 of 2019,2014
"The National Co-operation Development Corporation (Amendment) Act, 1973",32 of 1973,Act 38 of 1978,1973
"The National Co-operative Development Corporation (Amendment) Act, 1974",3 of 1974,Act 38 of 1978,1974
"The National Co-operative Development Corporation (Amendment) Act, 2002",45 of 2002,Act 23 of 2016,2002
"The National Commission For Minority Educational Institution (Amendment) Act, 2010",20 of 2010,Act 4 of 2018,2010
"The National Commission for Backward Classes Act, 1993",27 of 1993,Act 24 of 2018,1993
"The National Commission for Homoeopathy (Amendment) Act, 2021",39 of 2021,Act 37 of 2025,2021
"The National Commission for Indian System of Medicine (Amendment) Act, 2021",38 of 2021,Act 37 of 2025,2021
"The National Commission for Minorities (Amendment) Act, 1995",41 of 1995,Act 30 of 2001,1995
"The National Commission for Minority Educational Institution (Amendment) Act, 2006",18 of 2006,Act 4 of 2018,2006
"The National Commission for Safai Karamcharis (Amendment) Act, 1997",18 of 1997,Act 30 of 2001,1997
"The National Commission for Safai Karamcharis (Amendment) Act, 2001",55 of 2001,Act 23 of 2016,2001
The National Council for Teacher Education (Amendment) Act 2011,18 of 2011,Act 23 of 2016,2011
"The National Environment Appellate Authority Act, 1997",22 of 1997,Act 19 of 2010,1997
"The National Environment Tribunal Act, 1995",27 of 2016,19 of 2010,1995
The National Highways (Amendment) Act 1977,30 of 1978,Act 19 of 1988,1977
"The National Highways (Amendment) Act, 1992",1 of 1993,Act 30 of 2001,1993
"The National Highways (Amendment) Act, 1995",26 of 1995,Act 30 of 2001,1995
The National Highways Authority of India (Amendment) Act 2013,19 of 2013,Act 23 of 2016,2013
"The National Highways Laws (Amendment) Act, 1997",16 of 1997,Act 30 of 2001,1997
"The National Housing Bank Amendment Act, 2000, 15 of 2000, (Rep., Act 19 of 2015) ,",,,2000
"The National Institute of Design (Amendment) Act, 2019",38 of 2019,Act 37 of 2025,2019
"The National Institute of Pharmaceutical Education And Research (Amendment) Act, 2002",28 of 2002,Act 2 of 2018,2002
"The National Institute of Pharmaceutical Education and Research (Amendment) Act 2007, 19 of 2007, (Rep., Act 2 of 2018) ,",,,2007
"The National Institute of Pharmaceutical Education and Research (Amendment) Act, 2021",43 of 2021,Act 37 of 2025,2021
"The National Institute of Technology, Science Education and Research (Amendment) Act 2014",9 of 2014,Act 31 of 2019,2014
"The National Institute of Technology, Science Education and Research (Amendment) Act 2016",42 of 2016,Act 31 of 2019,2016
"The National Institute of Technology, Science Education and Research (Amendment) Act 2017",19 of 2017,Act 31 of 2019,2017
The National Institutes of Technology (Amendment) Act 2012,28 of 2012,"Act, 31 of 2019",2012
"The National Library of India Act, 1976",76 of 1976,Act 4 of 2018,1976
"The National Oil Seeds and Vegetable Oils Development Board Act, 1983",29 of 1983,Act 23 of 2016,1983
"The National Rural Employment Guarantee (Amendment) Act, 2009",46 of 2009,Act 23 of 2016,2009
The National Security (Amendment) Act 1985,23 of 1985,Act 27 of 1987,1985
"The National Security (Amendment) Act, 1984",24 of 1984,Act 19 of 1988,1984
"The National Security (Amendment) Act, 1987",27 of 1987,Act 23 of 2016,1987
"The National Security (Amendment) Act, 1988",43 of 1988,Act 30 of 2001,1988
"The National Security (Second Amendment) Act, 1984",60 of 1984,Act 19 of 1988,1984
The National Service (European British Subjects) Act 1940,18 of 1940,Act 48 of 1952,1940
The National Tax Tribunal (Amendment) Act 2007,18 of 2007,Act 19 of 2015,2007
"The National Thermal Power Corporation Limited, the NationalHydroelectric Power Corporation Limited and the North-Eastern Electric Power Corporation Limited(Acquisition and Transfer of Power Transmission Systems) Act, 1993",24 of 1993,Act 4 of 2018,1993
"The National Waterway (Allahabad-Haldia Stretch of the Ganga-Bhagirathi-Hooghly River) Act, 1982",49 of 1982,Act 17 of 2016,1982
"The National Waterway (Kakinada-Puducherry Strech of Canals And The Kaluvelly Tank, Bhadrachalam-Rajahmundry Stretch of River Godavari And Wazirabad-Vijaywada Stretch of River Krishna) Act, 2008",24 of 2008,Act 17 of 2016,2008
"The National Waterway (Kollam-Kottapuram Stretch of West Coast Canal And Champakara and Udyogmandal Canals) Act, 1992",25 of 1992,Act 17 of 2016,1992
"The National Waterway (Sadiya-Dhubri Stretch of Brahmaputra River) Act, 1988",40 of 1988,Act 17 of 2016,1988
"The National Waterway (Talcher-Dhamra Stretch of Rivers, Geonkhali-Charbatia Stretch of East Coast Canal, Charbatia-Dharma Stretch of Matai River And Mahanadi Delta Rivers) Act, 2008",23 of 2008,Act 17 of 2016,2008
"The Native Christian Administration of Estates Act, 1901",7 of 1901,39 of 1925,1901
The Native Coinage Act 1876,9 of 1876,Act 36 of 1957,1876
The Native Military Lunatics Act 1901,1 of 1901,Act 1 of 1903,1901
"The Native Military Lunatics Act, 1872",21 of 1872,Act 11 of 1877,1872
The Native Passenger Ships Act 1870,12 of 1870,Act 8 of 1876,1870
The Native Passenger Ships Act 1872,12 of 1872,Act 8 of 1876,1872
The Native Passenger Ships Act 1876,8 of 1876,Act 10 of 1887,1876
"The Native Passenger Ships Act, 1883",17 of 1883,Act 10 of 1887,1883
"The Native Passenger Ships Act, 1887",10 of 1887,Act 21 of 1923,1887
The Naval Forces (Miscellaneous Provisions) Act 1950,57 of 1950,Act 62 of 1957,1950
The Navy (Amendment) Act 1987,34 of 1987,Act 30 of 2001,1987
"The Navy (Amendment) Act, 1974",53 of 1974,Act 38 of 1978,1974
"The Navy (Amendment) Act, 1982",48 of 1982,Act 19 of 1988,1982
"The Navy (Amendment) Act, 2005",23 of 2005,Act 23 of 2016,2005
The Nawab Nazim&apos;s Debts Act 1873,17 of 1873,Act 32 of 1940,1873
The Nawab Salar Jung Bahadur (Administration of Assets) Act 1950,36 of 1950,Act 58 of 1960,1950
"The Negotiable Instrument (Amendment) Act, 1947",33 of 1947,Act 35 of 1950,1947
"The Negotiable Instruments (Amendment and Miscellaneous Provisions) Act, 2002",55 of 2002,Act 19 of 2015,2002
The Negotiable Instruments (Amendment) Act 1955,37 of 1955,Act 58 of 1960,1955
"The Negotiable Instruments (Amendment) Act, 1914",5 of 1914,Act 1 of 1938,1914
"The Negotiable Instruments (Amendment) Act, 1919",8 of 1919,Act 1 of 1938,1919
"The Negotiable Instruments (Amendment) Act, 1920",25 of 1920,Act 1 of 1938,1920
"The Negotiable Instruments (Amendment) Act, 1921",12 of 1921,"Sec 2 and Sch, Act 1 of 1938",1921
"The Negotiable Instruments (Amendment) Act, 1922",18 of 1922,"Sec 2 and Sch, Act 1 of 1938",1922
"The Negotiable Instruments (Amendment) Act, 1930",25 of 1930,"Sec 2 and Sch, Act 1 of 1938",1930
"The Negotiable Instruments (Amendment) Act, 1934",17 of 1934,Act 1 of 1938,1934
"The Negotiable Instruments (Amendment) Act, 2018",20 of 2018,Act 37 of 2025,2018
The Negotiable Instruments (Interest) Act 1926,30 of 1926,Act 1 of 1938,1926
"The Negotiable Instruments Act Amendment Act, 1897",6 of 1897,Act 1 of 1938,1897
"The Negotiable Instruments Act, 1885",2 of 1885,Act 1 of 1938,1885
"The New Delhi International Arbitration Centre (Amendment) Act, 2022",23 of 2022,Act 37 of 2025,2022
The New Delhi Municipal Council (Amendment) Act 2011,5 of 2012,"Act, 19 of 2015",2012
"The Newspaper (Price and Page) Continuance Act, 1961",36 of 1961,Act 23 of 2016,1961
The Newspaper (Price and page) Act 1956,45 of 1956,Act 23 of 2016,1956
The Newspapers (Incitements of Offences) Act 1908,7 of 1908,Act 14 of 1922,1908
The Neyveli Lignite Corporation Limited (Acquition and Transfer of Power Transmission System) Act 1994,56 of 1994,Act 4 of 2018,1994
The North Eastern Areas (Reorganisation) and Other Related Laws (Amendment) Act 2012,26 of 2012,"Act, 19 of 2015",2012
The North-Eastern Areas (Recorganisation) Amendment Act 1975,3 of 1975,Act 38 of 1978,1975
"The North-Eastern Areas (Reorganisation) Amendment) Act, 1974",8 of 1974,Act 38 of 1978,1974
"The North-Eastern Council (Amendment) Act, 2002",68 of 2002,Act 2 of 2018,2002
"The North-Eastern Council Act, 1970",26 of 1970,Act 84 of 1971,1970
The North-West Border Military Police Act 1904,4 of 1904,Act 13 of 1915,1904
The North-West Frontier Constabulary Act 1915,13 of 1915,Act 42 of 1953,1915
The North-Western Provinces And Oudh Municipalities Act 1883,15 of 1883,U.P. Act 3 of 1906,1883
The North-Western Provinces Land Revenue Act 1873,19 of 1873,U.P. Act 3 of 1901,1873
"The North-Western Provinces Licence Act, 1877",8 of 1877,Act 2 of 1878,1877
The North-Western Provinces Local Rates Act 1878,3 of 1878,U.P. Act 2 of 1906,1878
The North-Western Provinces Rent Act 1873,18 of 1873,Act 12 of 1881,1873
The North-Western Provinces Rent Act 1881,12 of 1881,U.P. Act 2 of 1901,1881
"The North-Western Provinces Village and Road Police Act, 1873",16 of 1873,4 of 2018,1873
"The Northern India Canal and Drainage (Amendment) Act, 1899",16 of 1899,Act 1 of 1938,1899
The Northern India Ferries Act Amendment Act 1886,3 of 1886,Act 1 of 1938,1886
The Northern India License Act 1878,2 of 1878,Act 2 of 1886,1878
The Northern India Takkavi Act 1879,10 of 1879,Act 12 of 1884,1879
"The Notaries (Amendment) Act, 1999",36 of 1999,Act 17 of 2015,1999
The Oaths Act 1875,6 of 1872,Act 10 of 1873,1872
The Obscence Publications Act 1925,8 of 1925,Act 1 of 1938,1925
"The Obstruction in Fairways Act, 1881",16 of 1881,Act 37 of 2023,1881
The Offences on Ships and Aircraft Act 1940,4 of 1940,Act 6 of 1945,1940
The Official Gazettes Act 1863,31 of 1863,Act 1 of 1938,1863
"The Official Languages (Amendment) Act, 1967",1 of 1968,Act 56 of 1974,1968
"The Official Trustees (Amendment) Act, 1964",48 of 1964,Act 56 of 1974,1964
The Official Trustees Act 1864,17 of 1864,Act 2 of 1913,1864
"The Official Trustees and Administrator General's Act (Amendment) Act, 1922",21 of 1922,"Sec 2 and Sch, Act 1 of 1938",1922
"The Offshore Areas Mineral (Development and Regulation) Amendment Act, 2023",17 of 2023,Act 37 of 2025,2023
The Oil Industry (Development) Amendment Act 1981,45 of 1981,Act 19 of 1988,1981
The Oil and Natural Gas Commission (Amendment) Act 1977,23 of 1977,Act 19 of 1988,1977
The Oil and Natural Gas Commission (Amendment) Act 1981,17 of 1981,Act 19 of 1988,1981
"The Oil and Natural Gas Commission (Amendment) Act, 1962",38 of 1962,Act 56 of 1974,1962
"The Oil and Natural Gas Commission (Amendment) Act, 1964",19 of 1964,Act 56 of 1974,1964
"The Oilfields (Regulation and Development) Amendment Act, 1969",39 of 1969,Act 56 of 1974,1969
"The Oilfields (Regulation and Development) Amendment Act, 1984",20 of 1984,Act 19 of 1988,1984
"The Oilfields (Regulation and Development) Amendment Act, 1993",4 of 1993,Act 30 of 2001,1993
"The Oilfields (Regulation and Development) Amendment Act, 1998",29 of 1998,Act 30 of 2001,1998
"The Opium (Amendment) Act, 1911",1 of 1911,Act 48 of 1952,1911
"The Opium Act, 1857",13 of 1857,Act 61 of 1985,1857
"The Opium Act, 1876",23 of 1876,"Act 12 of 1891 & Rep., Act 1 of 1878",1876
"The Opium Act, 1878",1 of 1878,Act 61 of 1985,1878
"The Opium Cess (Amendment) Act, 1925",27 of 1925,"Sec 2 and Sch, Act 1 of 1938",1925
The Opium and Revenue Laws (Extension of Application) Act 1950,33 of 1950,Act 2 of 2018,1950
The Opium and Revenue Laws (Extension of Application) Amendment Act 1951,44 of 1951,Act 36 of 1957,1951
The Opium laws (Amendment) Act. 1957,52 of 1957,Act 58 of 1960,1957
"The Oriental Gas Company Act, 1857",05 of 1857,Act 37 of 2023,1857
"The Oriental Gas Company Act, 1867",11 of 1867,Act 37 of 2023,1867
"The Orissa Legislative Assembly (Extension of Duration) Act, 1966",16 of 1966,Act 56 of 1974,1966
"The Orissa State Legislature (Delegation of Powers) Act, 1961",13 of 1961,Act 52 of 1964,1961
"The Orissa State Legislature (Delegation of Powers) Act, 1973",20 of 1973,Act 38 of 1978,1973
"The Oudh Additional Judicial Commissioner Act, 1885",4 of 1885,Act 14 of 1891,1885
The Oudh Civil Courts Act 1879,13 of 1879,Act 4 of 1925,1879
"The Oudh Civil Courts Act, 1871",32 of 1871,Act 22 of 1886,1871
"The Oudh Courts (Supplementary) Act, 1925",32 of 1925,"Sec 2 and Sch, Act 1 of 1938",1925
"The Oudh Courts Act (1891) Amendment Act, 1897",16 of 1897,U.P. Act 4 of 1925,1897
The Oudh Courts Act 1891,14 of 1891,U.P. Act 4 of 1925,1891
"The Oudh Land-revenue Act, 1876",17 of 1876,U.P. Act 3 of 1901,1876
The Oudh Local Rates Act 1871,17 of 1871,Act 4 of 1878,1871
The Oudh Local Rates Act 1878,4 of 1878,Act 5 of 1894,1878
The Oudh Rent Act 1868,19 of 1868,Act 22 of 1886,1868
"The Oudh Rent Act, 1886",22 of 1886,U.P. Act 17 of 1939,1886
"The Oudh Sub-Settlement Act, 1866",26 of 1866,U.P. Act 10 of 1951,1866
"The Oudh Wasikas Act, 1886",21 of 1886,Act 4 of 2018,1886
"The Panch Mahals Laws Act, 1885",7 of 1885,Act 42 of 1953,1885
The Panjab Appeals Act 1873,9 of 1873,17 Act of 1877,1873
"The Panth Piploda Courts (Amendment) Act, 1939",38 of 1939,Act 25 of 1942,1939
"The Panth Piploda Laws (Amendment) Act, 1947",35 of 1947,Act 35 of 1950,1947
"The Paper Currancy (Amending Act 20 of 1882), 1890",15 of 1890,Act 21 of 1896,1890
"The Parel Investments and Trading Private Limited and Domestic gas Private Limited (Taking Over of Management) Act, 1979",29 of 1979,Act 14 of 2005,1979
"The Parliament (Prevention of Disqualification Amendment Act, 2006",31 of 2006,Act 17 of 2015,2006
"The Parliament (Prevention of Disqualification) Act, 1950",19 of 1950,Act 10 of 1959,1950
The Parliament (Prevention of Disqualification) Amendment Act 2013,28 of 2013,Act 17 of 2015,2013
"The Parliament (Prevention of Disqualification) Amendment Act, 1992",20 of 1992,Act 30 of 2001,1992
"The Parliament (Prevention of Disqualification) Amendment Act, 1993",54 of 1993,Act 30 of 2001,1993
The Parliament Prevention of Disqualification Act 1951,68 of 1951,Act 10 of 1959,1951
The Parliamentary Proceedings (Protection of Publication) Act 1956,24 of 1956,Act 28 of 1976,1956
"The Parliamentary Proceedings (Protection of Publication) Repeal Act,1976",28 of 1976,Act 4 of 2018,1976
"The Parsee Marriage and Divorce Act, 1865",15 of 1865,Act 3 of 1936,1865
The Parsi Intestate Succession Act 1865,21 of 1865,Act 39 of 1925,1865
"The Parsi Marriage and Divorce (Amendment) Act, 1922",20 of 1922,"Sec 2 and Sch, Act 1 of 1938",1922
"The Parsi Marriage and Divorce (Amendment) Act, 1940",14 of 1940,Act 06 of 1945,1940
"The Parsi Marriage and Divorce (Amendment) Act, 1988",5 of 1988,Act 30 of 2001,1988
The Part B States (Laws) Act 1951,3 of 1951,Act 4 of 2018,1951
The Part B States Marriages Validating Act 1952,1 of 1952,Act 4 of 2018,1952
The Part C States (Miscellaneous Laws) Repealing Act 1951,66 of 1951,Act 4 of 2018,1951
"The Passport (Entry into India) Act, 1920",34 of 1920,Act 13 of 2025,1920
"The Passport (Entry into India) Amendment Act, 2000",47 of 2000,Act 23 of 2016,2000
The Passports (Amendment) Act 1978,31 of 1978,Act 19 of 1988,1978
"The Passports (Amendment) Act, 1993",35 of 1993,Act 30 of 2001,1993
"The Passtports (Amendment) Act, 2002",17 of 2002,Act 23 of 2016,2002
"The Patents (Amendment) Act, 1999",17 of 1999,23 of 2016,1999
"The Patents (Amendment) Act, 2005",15 of 2005,Act 23 of 2016,2005
The Patents and Designs (Extension of Time) Act 1950,2 of 1950,Act 36 of 1957,1950
The Patiala and East Punjab States Union Legislature (Delegation of Powers) Act 1953,22 of 1953,Act 36 of 1957,1953
"The Patna University Act, 1917",16 of 1917,Bihar Act 25 of 1951,1917
"The Patterns and Designs Protection Act, 1872",13 of 1872,Act 5 of 1888,1872
The Payment of Bonus (Amendment) Act 1978,48 of 1978,Act 19 of 1988,1978
The Payment of Bonus (Amendment) Act 1985,30 of 1985,Act 30 of 2001,1985
The Payment of Bonus (Amendment) Act 2007,45 of 2007,Act 23 of 2016,2007
"The Payment of Bonus (Amendment) Act, 1969",8 of 1969,Act 56 of 1974,1969
"The Payment of Bonus (Amendment) Act, 1972",68 of 1972,Act 38 of 1978,1972
"The Payment of Bonus (Amendment) Act, 1973",39 of 1973,Act 38 of 1978,1973
"The Payment of Bonus (Amendment) Act, 1974",42 of 1974,Act 38 of 1978,1974
"The Payment of Bonus (Amendment) Act, 1980",5 of 1980,Act 19 of 1988,1980
"The Payment of Bonus (Amendment) Act, 1995",34 of 1995,Act 30 of 2001,1995
The Payment of Bonus (Second Amendment) Act 1985,67 of 1985,Act 30 of 2001,1985
"The Payment of Bonus (Second Amendment) Act, 1980",66 of 1980,Act 19 of 1988,1980
"The Payment of Bonus Act, 1965",21 of 1965,Act 29 of 2019,1965
"The Payment of Gratuity (Amendment) Act, 1984",25 of 1984,Act 19 of 1988,1984
"The Payment of Gratuity (Amendment) Act, 1994",34 of 1994,Act 30 of 2001,1994
"The Payment of Gratuity (Amendment) Act, 1998",11 of 1998,Act 30 of 2001,1998
"The Payment of Gratuity (Amendment) Act, 2009, 47 of 2009, (Rep., Act 23 of 2016),",,,2009
"The Payment of Gratuity (Amendment) Act, 2010",15 of 2010,Act 23 of 2016,2010
"The Payment of Gratuity (Amendment) Act, 2018",12 of 2018,Act 37 of 2025,2018
"The Payment of Gratuity (Second Amendment) Act, 1984",26 of 1984,Act 23 of 2016,1984
"The Payment of Gratuity Act, 1972",39 of 1972,Act 36 of 2020,1972
The Payment of Taxes (Transfer of Property) Act 1949,22 of 1949,Act 20 of 2000,1949
The Payment of Wages (Amendment) Act 1977,19 of 1977,Act 19 of 1988,1977
"The Payment of Wages (Amendment) Act, 1937",22 of 1937,Act 25 of 1942,1937
"The Payment of Wages (Amendment) Act, 1957",68 of 1957,Act 58 of 1960,1957
"The Payment of Wages (Amendment) Act, 1964",53 of 1964,Act 56 of 1974,1964
"The Payment of Wages (Amendment) Act, 1976",29 of 1976,Act 19 of 1988,1976
"The Payment of Wages (Amendment) Act, 1982",38 of 1982,Act 23 of 2016,1982
"The Payment of Wages (Amendment) Act, 2005",41 of 2005,Act 23 of 2016,2005
"The Payment of Wages (Amendment) Act, 2017",1 of 2017,Act 37 of 2025,2017
"The Payment of Wages Act, 1936",4 of 1936,Act 29 of 2019,1936
The Pegu and Sittang Canal Act 1881,2 of 1881,Bur Act 2 of 1905,1881
The Penal Servitude Act 1855,24 of 1855,Act 17 of 1949,1855
"The Pensionsâ?? (Amendment) Act, 1982",20 of 1982,Act 19 of 1988,1982
"The Perjury Supreme Court Act, 1838, 28 of 1838 (Rep., (except as to Straitsments), Act 8 of 1868)",,,1838
"The Personal Injuries (Compensation Insurance) Act, 1963",37 of 1963,Act 23 of 2016,1963
"The Personal Injuries (Emergency Provisions) Act, 1962",59 of 1962,Act 23 of 2016,1962
"The Personal Laws (Amendment) Act, 2010",30 of 2010,Act 17 of 2015,2010
"The Personal Laws (Amendment) Act, 2019",06 of 2019,Act 37 of 2023,2019
"The Persons With Disabilities (Equal Opportunities, Protection of Rights and Full Participation) Act, 1995",1 of 1996,Act 49 of 2016,1996
The Pesidency Banks Act 1899,20 of 1899,Act 47 of 1920,1899
The Petroleum (Amendment) Act 1977,31 of 1977,Act 19 of 1988,1977
"The Petroleum (Amendment) Act, 1940",25 of 1940,Act 06 of 1945,1940
"The Petroleum (Amendment) Act, 1941",3 of 1941,Act 06 of 1945,1941
"The Petroleum (Amendment) Act, 1970",24 of 1970,Act 23 of 2016,1970
The Petroleum (Berar Extension) Act 1937,23 of 1937,Act 50 of 2002,1937
"The Petroleum (Berar Extension) Repeal Act, 2002",50 of 2002,Act 23 of 2016,2002
"The Petroleum (Customs-duty) Act, 1888",2 of 1888,Act 8 of 1930,1888
"The Petroleum Act (1886) Amendment Act, 1890",14 of 1890,Act 8 of 1899,1890
The Petroleum Act 1881,8 of 1881,Act 12 of 1886,1881
"The Petroleum Act, 1886",12 of 1886,Act 8 of 1899,1886
"The Petroleum Act, 1898",7 of 1898,Act 8 of 1899,1898
The Petroleum And Minerals Pipelines (Acquisition of Right Of User In Land) Amendment Act 2011,9 of 2012,"Act, 23 of 2016",2012
The Petroleum Pipelines (Acquistion of Right of User in Land) Amendment Act 1977,13 of 1977,Act 19 of 1988,1977
"The Pharmacy (Amendment) Act, 1959",24 of 1959,Act 04 of 2018,1959
"The Pharmacy (Amendment) Act, 1976",70 of 1976,Act 19 of 1988,1976
"The Pharmacy (Amendment) Act, 1982",22 of 1982,Act 19 of 1988,1982
The Pilgrim Ships Act 1895,14 of 1895,Act 21 of 1923,1895
The Plantations Labour (Amendment) Act 1960,34 of 1960,Act 52 of 1964,1960
The Plantations Labour (Amendment) Act 1981,58 of 1981,Act 19 of 1988,1981
"The Plantations Labour (Amendment) Act, 2010",17 of 2010,Act 23 of 2016,2010
"The Plantations Labour Act, 1951",69 of 1951,Act 37 of 2020,1951
"The Pleaders, Mookhtars and Revenue Agents Act 1865",20 of 1865,Act 18 of 1879,1865
The Poisons (Amendment) Act 1958,47 of 1958,Act 58 of 1960,1958
The Poisons Act 1904,1 of 1904,Act 12 of 1919,1904
"The Police (Incitement to Disaffection) Act, 1922",22 of 1922,Act 37 of 2023,1922
The Police Act (1861) Amendment Act 1895,8 of 1895,Act 1 of 1938,1895
"The Police Act, 1888",3 of 1888,Act 4 of 2018,1888
"The Porbates, & c. Act 1877",2 of 1877,Act 8 of 1903,1877
"The Port Haj Committees Act, 1932",20 of 1932,Act 51 of 1959,1932
The Port Laws (Amendment) Act 1978,17 of 1978,Act 19 of 1988,1978
"The Port Laws (Amendment) Act, 1997",15 of 1997,Act 30 of 2001,1997
The Port Trusts and Ports (Amendment) Act 1951,35 of 1951,Act 36 of 1957,1951
"The Portugese Convention Act, 1881",17 of 1881,Act 1 of 1903,1881
The Portuguese Treaty Act 1880,4 of 1880,Act 1 of 1903,1880
"The Post Office (amending Act 14 of 1866) Act, 1896",16 of 1896,Act 6 of 1898,1896
"The Post Office Cash Certificates (Amendment) Act, 1920",32 of 1920,Act 1 of 1938,1920
"The Post-Graduate Institute Of Medical Education And Research, Chandigarh (Amendment) Act, 2001, 18 of 2001, (Rep., Act 23 of 2016) ,",,,2001
"The Post-Graduate Institute of Medical Education and Research (Amendment) Act, 2008",3 of 2009,Act 23 of 2016,2009
"The Powers-of-Attorney (Amendment) Act, 1982",55 of 1982,Act 19 of 1988,1982
"The Prasar Bharati (Boardcasting Corporation of India Amendment Act, 2008",12 of 2008,Act 23 of 2016,2008
"The Prasar Bharati (Broadcasting Corporation of India) Amendment Act, 2011",6 of 2012,"Act, 23 of 2016",2012
"The Pre-natal Diagnostic Techniques (Regulation And Prevention Of Misuse) Amendment Act, 2001",32 of 2001,Act 23 of 2016,2001
"The Pre-natal Diagnostic Techniques (Regulation and Prevention of Misuse) Amendment Act, 2002",14 of 2003,Act 23 of 2016,2003
"The Presidency Bank (Amendment) Act, 1907",1 of 1907,Act 47 of 1920,1907
"The Presidency Banks (Amendment) Act, 1916",8 of 1916,Act 47 of 1920,1916
"The Presidency Banks (Amendment) Act, 1920",43 of 1920,Act 7 of 1924,1920
The Presidency Banks Act 1876,11 of 1876,Act 47 of 1920,1876
"The Presidency Banks Act, 1879",5 of 1879,Act 47 of 1920,1879
The Presidency Jails Act 1867,12 of 1867,Act 5 of 1871,1867
The Presidency Magistrates&apos; Act 1877,4 of 1877,Act 22 of 2001,1877
"The Presidency Small Cause Courts (Amendment) Act, 1912",9 of 1912,1 of 1938,1912
"The Presidency Small Cause Courts (Amendment) Act, 1917",23 of 1917,Act 1 of 1938,1917
"The Presidency Small Cause Courts Act (1882) Amendment Act, 1896",7 of 1896,Act 1 of 1903,1896
The Presidency Small Cause Courts Act 1895,1 of 1895,Act 1 of 1838,1895
The Presidency Small Cause Courts Act 1899,3 of 1899,Act 1 of 1938,1899
"The Presidency Small Cause Courts Act, 1906",4 of 1906,Act 1 of 1938,1906
"The Presidency Small Cause Courts Law Amendment Act, 1888",10 of 1888,Act 5 of 1908,1888
"The Presidency Towns Insolvency (Amendment) Act, 1920",11 of 1920,Act 1 of 1938,1920
"The Presidency-towns Insolvency (Amendment) Act, 1927",19 of 1927,"Sec 2 and Sch, Act 1 of 1938",1927
"The Presidency-towns Insolvency (Amendment) Act, 1929",3 of 1929,"Sec 2 and Sch, Act 1 of 1938",1929
"The President's Emoluments And Pension (Amendment) Act, 2008",28 of 2008,Act 2 of 2018,2008
"The President's Pension (Amendment) Act, 1962",24 of 1962,Act 56 of 1974,1962
"The Presidential and Vice Presidential Elections (Amendment) Act, 1974",5 of 1974,Act 38 of 1978,1974
The Presidential and Vice-Presidential Elections (Amendment) Act 1977,20 of 1977,Act 19 of 1988,1977
"The Presidential and Vice-Presidential Elections (Amendment) Act, 1997",35 of 1997,Act 30 of 2001,1997
The Presidentâ??s Emoluments and Pension (Amendment) Act 1990,16 of 1990,Act 30 of 2001,1990
"The Presidentâ??s Emoluments and Pension (Amendment) Act, 1993",71 of 1993,Act 30 of 2001,1993
"The Presidentâ??s Emoluments and Pension (Amendment) Act, 1998",25 of 1998,Act 30 of 2001,1998
"The Presidentâ??s Emoluments and Pension (Amendment) Act, 2000, 14 of 2000, (Rep., Act 2 of 2018) ,",,,2000
"The Presidentâ??s Pension (Amendment) Act, 1976",79 of 1976,Act 19 of 1988,1976
"The Presidentâ??s Pension (Amendment) Act, 1985",77 of 1985,Act 30 of 2001,1985
The Press (Objectionable Matter) Act 1951,56 of 1951,Act 36 of 1957,1951
"The Press (Objectionable Matter) Amendment Act, 1954",13 of 1954,Act 23 of 2016,1954
The Press (Special Powers) Act 1947,39 of 1947,Act 36 of 1957,1947
"The Press Concil (Amendment) Act, 1969",27 of 1969,Act 56 of 1974,1969
"The Press Council (Amendment) Act, 1970",6 of 1970,Act 56 of 1974,1970
"The Press Council (Amendment) Act, 1994",36 of 1994,Act 30 of 2001,1994
"The Press Council (Repeal) Act, 1976",24 of 1976,Act 19 of 1988,1976
"The Press Council Act, 1965",34 of 1965,Act 24 of 1976,1965
The Press and Registration of Books (Amendment) Act 1955,55 of 1955,Act 58 of 1960,1955
The Press and Registration of Books (Amendment) Act 1960,26 of 1960,Act 52 of 1964,1960
"The Press and Registration of Books (Amendment) Act, 1965",16 of 1965,Act 56 of 1974,1965
"The Press and Registration of Books (Amendment) Act, 1968",30 of 1968,Act 56 of 1974,1968
"The Press and Registration of Books Act (1867) Amendment Act, 1890",10 of 1890,Act 1 of 1938,1890
"The Press and Registration of Books Act, 1867",25 of 1867,Act 51 of 2023,1867
"The Presss Law Repeal and Amendment Act, 1922",14 of 1922,"Sec 2 and Sch, Act 1 of 1938",1922
"The Prevention of Blackmarketing a and Maintenance of Supplies of Essential Commodities (Amendment) Act, 1982",27 of 1982,Act 19 of 1988,1982
The Prevention of Corruption (Amendment) Act 1952,2 of 1952,Act 36 of 1957,1952
The Prevention of Corruption (Amendment) Act 1955,50 of 1955,Act 58 of 1960,1955
The Prevention of Corruption (Amendment) Act 1957,7 of 1957,Act 58 of 1960,1957
"The Prevention of Corruption (Amendment) Act, 1950",16 of 1950,Act 36 of 1957,1950
The Prevention of Corruption (Second Amendment) Act 1952,59 of 1952,Act 36 of 1957,1952
The Prevention of Corruption Act 1947,2 of 1947,Act 49 of 1988,1947
"The Prevention of Cruelty to Animals (Amendment) Act, 1917",14 of 1917,Act 1 of 1938,1917
"The Prevention of Disqualification (Amendment) Act, 1957",54 of 1958,Act 23 of 2016,1958
"The Prevention of Disqualification (Parliament and Part C State Legislatures) Amendment Act, 1955, 52of 1955",,Act 23 of 2016,1955
"The Prevention of Disqualification (Parliament and Part C State Legislatures) Second Amendment Act, 1954",53 of 1954,Act 23 of 2016,1954
"The Prevention of Food Adulteration (Amendment) Act, 1971",41 of 1971,Act 38 of 1978,1971
"The Prevention of Food Adulteration (Amendment) Act, 1976",34 of 1976,Act 19 of 1988,1976
"The Prevention of Food Adulteration (Amendment) Act, 1986",70 of 1986,Act 30 of 2001,1986
"The Prevention of Food Adulteration (Extension to Kohima and Mokochung Districts) Act, 1972",24 of 1972,Act 66 of 2002,1972
"The Prevention of Food Adulteration (Extension to Kohina and Mokokchung Districts) Repeal Act, 2002",66 of 2002,Act 4 of 2018,2002
"The Prevention of Food Adulteration Act, 1954",37 of 1954,Act 34 of 2006,1954
"The Prevention of Food Adultration (Amendment) Act, 1964",49 of 1964,Act 56 of 1974,1964
"The Prevention of Illicit Traffic in Narcotic Drugs and Psychotropic Substances (Amendment) Act, 1990",26 of 1990,Act 30 of 2001,1990
"The Prevention of Illicit Traffic in Narcotic Drugs and Psychotropic Substances (Amendment) Act, 1993",53 of 1993,Act 30 of 2001,1993
"The Prevention of Illict Traffic in Narcotic Drugs and Psychotropic Substances (Amendment) Act, 1996",16 of 1996,Act 30 of 2001,1996
"The Prevention of Insults to National Honour (Amendment) Act, 2003",31 of 2003,Act 02 of 2018,2003
"The Prevention of Insults to National Honour (Amendment) Act, 2005",51 of 2005,Act 2 of 2018,2005
The Prevention of Money-Laundering (Amendment) Act 2012,2 of 2013,Act 23 of 2016,2013
"The Prevention of Money-Laundering(Amendment) Act 2009, 21 of 2009, (Rep., Act 31 of 2019) ,",,,2009
The Prevention of Publication of Objectionable Matter (Repeal) Act 1977,14 of 1977,Act 19 of 1988,1977
"The Prevention of Publication of Objectionable Matter Act, 1976",27 of 1976,Act 14 of 1977,1976
The Prevention of Seditious Meetings Act 1907,6 of 1907,Act 10 of 1911,1907
"The Prevention of Terrorism (Amendment) Act, 2003",4 of 2004,Act 19 of 2015,2004
"The Prevention of Terrorism Act, 2002",15 of 2002,Act 26 of 2004,2002
"The Prevention of black-marketing and Maintenance of Supplies of Essential commodities (Amendment) Act, 1981",19 of 1981,Act 23 of 2016,1981
"The Prevention of cruelty to Animals (Amendment) Act, 1938",25 of 1938,Act 25 of 1942,1938
"The Prevention of cruelty to Animals (Amendment) Act, 1982",26 of 1982,Act 23 of 2016,1982
"The Preventive Detention (Amendment) Act, 1950",50 of 1950,Act 04 of 2018,1950
"The Preventive Detention (Amendment) Act, 1951",4 of 1951,Act 04 of 2018,1951
"The Preventive Detention (Amendment) Act, 1952",34 of 1952,Act 04 of 2018,1952
"The Preventive Detention (Amendment) Act, 1954",51 of 1954,Act 04 of 2018,1954
The Preventive Detention (Continuance) Act 1957,54 of 1957,Act 4 of 2018,1957
The Preventive Detention (Continuance) Act 1960,61 of 1960,Act 52 of 1964,1960
"The Preventive Detention (Continuance) Act, 1963",51 of 1963,Act 56 of 1974,1963
"The Preventive Detention (Continuance) Act, 1966",48 of 1966,Act 56 of 1974,1966
"The Preventive Detention (Second Amendment) Act, 1952",61 of 1952,Act 04 of 2018,1952
"The Preventive Detention Act, 1950",4 of 1950,Act 4 of 2018,1950
"The Prince of Arcot&apos;s Privilege Act, 1873",20 of 1873,Act 12 of 1891,1873
"The Prisoners (Amendment) Act, 1923",17 of 1923,"Sec 2 and Sch, Act 1 of 1938",1923
"The Prisoners Act (1871) Amendment Act, 1894",7 of 1894,Act 3 of 1900,1894
"The Prisoners Act, 1871",5 of 1871,Act 1 of 1938,1871
The Prisoners Testimony Act 1869,15 of 1869,Act 3 of 1900,1869
"The Prisoners' Act Amendment Act, 1882",9 of 1882,Act 3 of 1900,1882
The Prisons (Amendment) Act,13 of 1910,Act 1 of 1938,1910
"The Prisons (Amendment) Act, 1925",17 of 1925,"Sec 2 and Sch, Act 1 of 1938",1925
"The Prisons (Amendment) Act, 1930",6 of 1930,"Sec 2 and Sch, Act 1 of 1938",1930
"The Prisons Act, 1870",26 of 1870,Act 9 of 1894,1870
The Privy Council Appeals Act 1874,6 of 1874,Act 10 of 1877,1874
The Probate Act 1875,13 of 1875,Act 1 of 1938,1875
The Probate and Administration Act 1881,5 of 1881,Act 39 of 1925,1881
The Probate and Administration Act 1903,8 of 1903,Act 39 of 1925,1903
"The Probate and Administration Act, 1889",6 of 1889,Act 39 of 1925,1889
"The Probate and Administration Act, 1890",2 of 1890,Act 39 of 1925,1890
"The Produce Cess (Amendment) Act, 1966",49 of 1966,Act 56 of 1974,1966
"The Produce Cess Act, 1966",15 of 1966,46 of 2006,1966
"The Produce Cess Laws (Abolition) Act, 2006",46 of 2006,Act 4 of 2018,2006
The Professions Tax Limitation (Amendment and Validation) Act 1949,61 of 1949,Act 4 of 2018,1949
"The Professions Tax Limitation Act, 1941",20 of 1941,A.O. 1950,1941
The Promissory Notes (Stamp) Act 1926,11 of 1926,Act 21 of 2006,1926
"The Property in Land Act, 1837",4 of 1837,A.O. 1950,1837
"The Protection Duties (Amendment) Act, 1949",5 of 1949,Act 48 of 1952,1949
"The Protection of Human Right (Amendment) Act, 2000",49 of 2000,Act 4 of 2018,2000
"The Protection of Human Rights (Amendment) Act, 2006",43 of 2006,Act 2 of 2018,2006
"The Protection of Human Rights (Amendment) Act, 2019",19 of 2019,Act 37 of 2025,2019
The Protection of Inventions Act 1883,16 of 1883,U.P. Act 5 of 1888,1883
The Protective Duties (Miscellaneous Provisions) Act 1949,12 of 1949,Act 48 of 1952,1949
The Protective Duties Continuation Act 1941,8 of 1941,Act 6 of 1945,1941
The Protective Duties Continuation Act 1948,18 of 1948,Act 35 of 1950,1948
"The Protective Duties Continuation Act, 1942",11 of 1942,Act 2 of 1948,1942
"The Protective Duties Continuation Act, 1944",13 of 1944,Act 02 of 1948,1944
The Provident Funds (Amendment) Act 1975,46 of 1975,Act 38 of 1978,1975
"The Provident Funds (Amendment) Act, 1903",4 of 1903,19 of 1925,1903
"The Provident Funds (Amendment) Act, 1925",28 of 1925,"Sec 2 and Sch, Act 1 of 1938",1925
"The Provident Funds (Amendment) Act, 1927",7 of 1927,"Sec 2 and Sch, Act 1 of 1938",1927
"The Provident Funds (Amendment) Act, 1930",1 of 1930,"Sec 2 and Sch, Act 1 of 1938",1930
"The Provident Funds (Amendmnet) Act, 1919",14 of 1919,Act 19 of 1925,1919
The Provident Funds Act 1897,9 of 1897,Act 19 of 1925,1897
The Provident Insurances Societies Act 1912,5 of 1912,Act 4 of 1938,1912
The Provincial Criminal Law Supplementing Act 1933,9 of 1933,Act 48 of 1952,1933
"The Provincial Insolvency (Amendment) Act, 1926",39 of 1926,"Sec 2 and Sch, Act 1 of 1938",1926
"The Provincial Insolvency (Amendment) Act, 1935",10 of 1935,Act 1 of 1938,1935
"The Provincial Insolvency (Amendment) Act, 1948",25 of 1948,Act 35 of 1950,1948
The Provincial Insolvency Act 1907,3 of 1907,Act 5 of 1920,1907
"The Provincial Small Cause Courts (Amendment) Act, 1914",6 of 1914,Act 1 of 1938,1914
"The Provincial Small Cause Courts (Amendment) Act, 1935",9 of 1935,Act 1 of 1938,1935
"The Provisional Collection of Taxes (Amendment) Act, 1964",45 of 1965,Act 56 of 1974,1964
The Provisional Collection of Taxes (TemporaryAmendment) Act 1957,12 of 1957,Act 58 of 1960,1957
The Provisional Collection of Taxes Act 1918,16 of 1918,Act 16 of 1931,1918
"The Provisional Collection of Taxes Act, 1931",16 of 1931,Act 50 of 2023,1931
"The Public Accountants' Defaults Act, 1850",12 of 1850,Act 31 of 2019,1850
"The Public Companies (Limitation of Dividends) Act, 1949",30 of 1949,Act 48 of 1952,1949
"The Public Debt (Amendment) Act, 1959",44 of 1959,Act 52 of 1964,1959
"The Public Debt (Central Government) Amendment Act, 1949",6 of 1949,Act 48 of 1952,1949
"The Public Employment (Requirement as to Residence) Amendment Act, 1969",1 of 1969,Act 56 of 1974,1969
"The Public Liability Insurance (Amendment) Act, 1992",11 of 1992,Act 30 of 2001,1992
"The Public Officers, Bengal Act, 1839",26 of 1839,Act 37 of 1850,1839
"The Public Premises (Eviction of Unauthorised Occupants) Amendment Act, 1963",40 of 1963,Act 56 of 1974,1963
"The Public Premises (Eviction of Unauthorised Occupants) Amendment Act, 1968",32 of 1968,Act 56 of 1974,1968
"The Public Premises (Eviction of Unauthorised Occupants) Amendment Act, 1980",61 of 1980,Act 19 of 1988,1980
"The Public Premises (Eviction of Unauthorised Occupants) Amendment Act, 1984",35 of 1984,Act 19 of 1988,1984
"The Public Premises (Eviction of Unauthorised Occupants) Amendment Act, 1993",7 of 1994,Act 30 of 2001,1994
"The Public Premises (Eviction of Unauthorised Occupants) Amendment Act, 2015",2 of 2015,Act 31 of 2019,2015
"The Public Premises (Eviction of Unauthorised Occupants) Amendment Act, 2019",36 of 2019,Act 37 of 2023,2019
The Public Premises (Eviction of Unauthorised Ocupants) Act 1958,32 of 1958,Act 40 of 1971,1958
The Public Premises (Eviction) Act 1950,27 of 1950,Act 32 of 1958,1950
"The Public Provident Fund Act, 1968",23 of 1968,Act 13 of 2018,1968
"The Public Servants (Inquiries) Act (1850) Amendment Act, 1896",1 of 1897,Act 2 of 2018,1897
"The Public Servants (Inquiries) Act, 1850",37 of 1850,Act 02 of 2018,1850
The Public Suits Validation Act 1932,11 of 1932,Act 4 of 2018,1932
The Public Wakfs (Extension of Limitation) (Delhi Amendment) Act 1978,12 of 1978,Act 19 of 1988,1978
"The Public Wakfs (Extension of Limitation) (Delhi Amendment) Act, 1982",39 of 1982,Act 19 of 1988,1982
"The Public Wakfs (Extension of Limitation) Act, 1959",29 of 1959,Act 23 of 2016,1959
"The Public Wakfs (Extension of Limitation) Amendment Act, 1967",22 of 1967,Act 56 of 1974,1967
"The Public Wakfs (Extention of Limitation) Amendment Act, 1969",9 of 1969,Act 56 of 1974,1969
The Punjab Additional Financial Commissioners Act 1879,7 of 1879,12 of 1891,1879
"The Punjab Alienation of Land Act, 1900 Act",13 of 1900,Act A.O. of 1950,1900
The Punjab Chief Court Act 1865,23 of 1865,Act 12 of 1873,1865
"The Punjab Commercial Crops Cess (Amendment) Act, 1984",23 of 1984,Act 19 of 1988,1984
"The Punjab Court (Amendment) Act, 1895",19 of 1895,Pun. Act 6 of 1918,1895
The Punjab Courts (Supplementing) Act 1919,9 of 1919,Act 22 of 2001,1919
The Punjab Courts Act 1865,19 of 1865,Act 17 of 1877,1865
The Punjab Courts Act 1899,25 of 1899,Pun. Act 6 of 1918,1899
"The Punjab Courts Act, 1884",18 of 1884,Act 6 of 1918,1884
"The Punjab Courts Act, 1888",13 of 1888,Pun. Act 6 of 1918,1888
The Punjab Courts&apos; Act 1877,17 of 1877,Act 9 of 1908,1877
"The Punjab Criminal Procedure Amendment (Supplementary) Act, 1931",1 of 1931,Act 32 of 1940,1931
"The Punjab Excise (Delhi Amendment) Act, 1979 Act, 1979",12 of 1979,Act 4 of 2018,1979
"The Punjab Gram Panchayat, Samitis and ZillaParishad (Chandigarh Repeal) Act, 1994",27 of 1994,Act 23 of 2016,1994
The Punjab Judicial Administration Act 1875,14 of 1875,Act 16 of 1887,1875
The Punjab Land-Revenue Act 1871,33 of 1871,Act 17 of 1887,1871
"The Punjab Land-revenue (Amendment) Act, 1896",17 of 1896,Act 1 of 1938,1896
"The Punjab Law Amendment Act, 1875",15 of 1875,Act 1 of 1938,1875
"The Punjab Law(Amendment) Act, 1878",12 of 1878,Pun Act 15 of 1961,1878
The Punjab Laws Act Amendment Act 1895,7 of 1895,Act 1 of 1938,1895
The Punjab Laws Amendment Act 1881,24 of 1881,Act 1 of 1938,1881
"The Punjab Legislative Council (Abolition) Act, 1969",46 of 1969,Act 02 of 2018,1969
The Punjab Local Rates Act 1871,20 of 1871,Act 5 of 1878,1871
The Punjab Local Rates Act 1878,5 of 1878,U.P. Act 20 of 1883,1878
"The Punjab Municipal (Amendment) Act, 1896",18 of 1896,Pun. Act 3 of 1911,1896
"The Punjab Municipal (Chandigarh Amendment) Act, 1974",59 of 1974,Act 38 of 1978,1974
"The Punjab Municipal (New Delhi Amendment) Act, 1984",39 of 1984,Act 4 of 2018,1984
The Punjab Municipal Act 1873,4 of 1873,Act 12 of 1891,1873
The Punjab Municipal Act 1884,13 of 1884,Act 20 of 1891,1884
"The Punjab Municipal Act, 1891",20 of 1891,Pun. Act 3 of 1911,1891
"The Punjab Murderous Outrages (Amendment) Act,1877",9 of 1877,Act 42 of 1953,1877
The Punjab Murderous Outrages Act 1867,23 of 1867,Act 48 of 1952,1867
"The Punjab New Capital (Periphery) Control (Chandigarh Amendment) Act, 1972",49 of 1972,Act 38 of 1978,1972
"The Punjab Opium Law Amendment Act, 1872",26 of 1872,1 of 1878,1872
"The Punjab Panchayat Samities and Zila Parishads (Temporary Supersession) Second Amendment Act, 1983",45 of 1983,Act 19 of 1988,1983
"The Punjab Pre-emption (Chandigarh and Delhi Repeal) Act, 1989",22 of 1989,Act 41 of 2002,1989
"The Punjab State Legislation (Delegation of Powers) Act, 1968",48 of 1968,Act 56 of 1974,1968
The Punjab State Legislative (Delegation of Powers) Act 1987,24 of 1987,Act 30 of 2001,1987
"The Punjab State Legislature (Delegation of Powers) Act, 1951",46 of 1951,Act 42 of 1953,1951
"The Punjab State Legislature (Delegation of Powers) Act, 1966",28 of 1966,56 of 1974,1966
"The Punjab State Legislature (Delegation of Powers) Act, 1971",36 of 1971,Act 38 of 1978,1971
"The Punjab State Legislature (Delegation of Powers) Act, 1984",36 of 1984,Act 19 of 1988,1984
The Punjab Tenancy Act 1868,28 of 1868,Act 16 of 1887,1868
"The Railway (Amendment) Act, 2003",56 of 2003,Act 23 of 2016,2003
"The Railway (Second Amendment) Act, 2003",51 of 2003,Act 19 of 2015,2003
The Railway Amendment Act 1871,25 of 1871,Act 4 of 1879,1871
"The Railway Claims Tribunal (Amendment) Act, 1998",4 of 1999,Act 23 of 2016,1999
The Railway Companies (Emergency Provisions) Act 1951,51 of 1951,Act 4 of 2018,1951
"The Railway Companies (Substitution of Parties in Civil Proceedings) Repeal Act, 2001",25 of 2001,Act 02 of 2018,2001
"The Railway Passenger Fares (Amendment) Act, 1960",54 of 1960,Act 23 of 2016,1960
"The Railway Passenger Fares (Repeal) Act, 1961",8 of 1961,Act 52 of 1964,1961
The Railway Passenger Fares Act 1957,25 of 1957,Act 8 of 1961,1957
"The Railway Passenger Fares Act, 1971",46 of 1971,Act 13 of 1973,1971
The Railway Property (Unlawful Possession) Amendment Act 2012,25 of 2012,"Act, 23 of 2016",2012
"The Railway Protection Force (Amendment) Act, 2003",52 of 2003,Act 23 of 2016,2003
The Railway Servants Act 1867,31 of 1867,Act 4 of 1879,1867
"The Railway Store (Unlawful Possession) Act, 1955, 51of 1955",,Act 29 of 1966,1955
"The Railways (Amendment) Act, 1994",28 of 1994,Act 30 of 2001,1994
"The Railways (Amendment) Act, 2005",47 of 2005,Act 23 of 2016,2005
"The Railways (Amendment) Act, 2008",11 of 2008,Act 23 of 2016,2008
"The Railways (Local Authorities, Taxation) Act, 1941",25 of 1941,Act 23 of 2016,1941
"The Railways (Transport of Good) Amendment Act, 1949",11 of 1949,Act 48 of 1952,1949
"The Railways (Transport of Goods) (Amendment) Act, 1948",13 of 1948,Act 35 of 1950,1948
"The Railways (Transport of Goods) Act, 1947, 12 o f 1947",,Act 36 of 1957,1947
The Raipur and Khattra Laws Act 1879,19 of 1879,Act 4 of 2018,1879
"The Rajasthan State Legislature (Delegation of Powers) Act, 1993",10 of 1993,Act 30 of 2001,1993
The Rajghat Samadhi (Amendment) Act 1958,37 of 1958,Act 58 of 1960,1958
"The Rajghat Samadhi (Amendment) Act, 1988",30 of 1988,Act 30 of 2001,1988
The Rampur Raza Library (Amendment) Act 1981,52 of 1981,Act 19 of 1988,1981
The Ranchi Mental Hospital Act 1922,13 of 1922,Act 58 of 1960,1922
"The Rangoon Pari Commissioners Act (1879) Amending Act, 1892",3 of 1892,Bur. Act 4 of 1905,1892
The Rangoon Port Commissioners Act 1879,15 of 1879,Act 4 of 1905,1879
"The Rangoon Tramways Act, 1883",22 of 1883,Bur. Act 5 of 1909,1883
"The Rangoon Water-Works Act, 1884",19 of 1884,Act 42 of 1953,1884
The Recovery of Debts Due to Banks And Financial Institutions (Amendment) Act 2000,1 of 2000,Act 19 of 2015,2000
"The Recovery of Debts Due to Banks and Financial Institutions (Amendment) Act, 1995",28 of 1995,Act 30 of 2001,1995
The Red Cross Society (Allocation of Property) Act 1936,18 of 1936,Act 23 of 2016,1936
The Reformatory Schools Act 1876,5 of 1876,Act 8 of 1897,1876
"The Reformatory Schools Act, 1897",8 of 1897,Act 4 of 2018,1897
"The Refugee Relief Taxes (Abolition) Act, 1973",13 of 1973,Act 70 of 2002,1973
"The Refugee Relief Taxes (Abolition) Repeal Act, 2002",70 of 2002,Act 4 of 2018,2002
The Regional Rural Banks (Amendment) Act 1987,1 of 1988,Act 30 of 2001,1988
The Regional Rural Banks (Amendment) Act 2015,14 of 2015,Act 31 of 2019,2015
"The Registration (Emergency Powers) Act, 1940",1 of 1940,Ord. 5 of 1946,1940
"The Registration and Limitation Acts Amendment Act, 1879",12 of 1879,Act 16 of 1908,1879
"The Registration and Other Related Laws(Amendment) Act, 2001",48 of 2001,Act 31 of 2019,2001
"The Registration of Foreigners (Amendment) Act, 1949",37 of 1949,Act 48 of 1952,1949
"The Registration of Foreigners Act, 1939",16 of 1939,Act 13 of 2025,1939
"The Rehabilitation Council of India (Amendment) Act, 2000",38 of 2000,Act 23 of 2016,2000
The Rehabilitation Finance Administration (Amendment) Act 1953,36 of 1953,Act 36 of 1957,1953
"The Rehabilitation Finance Administration (Amendment) Act, 1950",1 of 1950,Act 36 of 1957,1950
"The Religious Endowments (Amendment) Act, 1925",21 of 1925,"Sec 2 and Sch, Act 1 of 1938",1925
The Removal of Prisoners Act 1867,2 of 1867,Act 5 of 1871,1867
The Repatriation of Prisoners (Amendment) Act 2011,6 of 2011,Act 31 of 2019,2011
The Repealing Act 1868,8 of 1868,Act 14 of 1870,1868
The Repealing Act 1927,12 of 1927,Act 18 of 1928,1927
"The Repealing Act, 1870",14 of 1870,Act 12 of 1873,1870
"The Repealing Act, 1873",12 of 1873,Act 16 of 1874,1873
"The Repealing Act, 1874",16 of 1874,Act 12 of 1876,1874
"The Repealing Act, 1876",12 of 1876,Act 12 of 1891,1876
"The Repealing Act, 1938",1 of 1938,Act 25 of 1942,1938
"The Repealing And Amending Act, 1927",10 of 1927,"Sec 2 and Sch, Act 1 of 1938",1927
"The Repealing And Amendment Act, 2001, 30 of 2001, (Rep., Act 17 of 2015),",,,2001
"The Repealing and Amending (Rates and Cesses) Acat, 1907",4 of 1907,Act 1 of 1938,1907
The Repealing and Amending Act,2 of 1948,Act 35 of 1950,1948
The Repealing and Amending Act 1923,11 of 1923,"Sec 2 and Sch, Act 1 of 1938",1923
The Repealing and Amending Act 1924,7 of 1924,"Sec 2 and Sch, Act 1 of 1938",1924
The Repealing and Amending Act 1952,48 of 1952,Act 36 of 1957,1952
The Repealing and Amending Act 1953,42 of 1953,Act 36 of 1957,1953
The Repealing and Amending Act 1957,36 of 1957,Act 58 of 1960,1957
The Repealing and Amending Act 1960,58 of 1960,Act 56 of 1974,1960
The Repealing and Amending Act 1978,38 of 1978,Act 19 of 1988,1978
The Repealing and Amending Act 1988,19 of 1988,Act 30 of 2001,1988
"The Repealing and Amending Act, 1914",10 of 1914,1 of 1938,1914
"The Repealing and Amending Act, 1915",11 of 1915,Act 1 of 1938,1915
"The Repealing and Amending Act, 1917",24 of 1917,Act 1 of 1938,1917
"The Repealing and Amending Act, 1919",18 of 1919,Act 1 of 1938,1919
"The Repealing and Amending Act, 1920",31 of 1920,Act 1 of 1938,1920
"The Repealing and Amending Act, 1925",37 of 1925,"Sec 2 and Sch, Act 1 of 1938",1925
"The Repealing and Amending Act, 1928",18 of 1928,"Sec 2 and Sch, Act 1 of 1938",1928
"The Repealing and Amending Act, 1930",8 of 1930,"Sec 2 and Sch, Act 1 of 1938",1930
"The Repealing and Amending Act, 1935",12 of 1935,Act 20 of 1937,1935
"The Repealing and Amending Act, 1939",34 of 1939,Act 25 of 1942,1939
"The Repealing and Amending Act, 1940",32 of 1940,Act 06 of 1945,1940
"The Repealing and Amending Act, 1942",25 of 1942,Act 02 of 1948,1942
"The Repealing and Amending Act, 1950",35 of 1950,Act 36 of 1957,1950
"The Repealing and Amending Act, 1964",52 of 1964,Act 56 of 1974,1964
"The Repealing and Amending Act, 1974",56 of 1974,Act 38 of 1978,1974
"The Repealing and Amending act, 1949",40 of 1949,Act 48 of 1952,1949
"The Repelling and Amending Act, 1937",20 of 1937,Act 25 of 1942,1937
The Representation Of The People (Amendment) Act 2009,41 of 2009,Act 17 of 2015,2009
"The Representation of People (Amendment) Act, 1966",47 of 1966,Act 2 of 2018,1966
"The Representation of The People (Amendment) Act, 1999",30 of 1999,Act 17 of 2015,1999
"The Representation of The People (Amendment) Act, 2002",9 of 2003,Act 17 of 2015,2003
"The Representation of The People (Amendment) Act, 2003.",40 of 2003,Act 17 of 2015,2003
"The Representation of The People (Amendment) Act, 2008",10 of 2008,Act 17 of 2015,2008
"The Representation of The People (Second Amendment) Act, 2002",6 of 2003,Act 17 of 2015,2003
"The Representation of The People (Second Amendment) Act, 2003",2 of 2004,Act 17 of 2015,2004
"The Representation of The People (Third Amendment) Act, 2002",72 of 2002,Act 17 of 2015,2002
The Representation of the People (Amendment) Act 1951,27 of 1951,Act 36 of 1957,1951
The Representation of the People (Amendment) Act 1960,20 of 1960,Act 52 of 1964,1960
The Representation of the People (Amendment) Act 1987,31 of 1987,Act 30 of 2001,1987
The Representation of the People (Amendment) Act 1988,1 of 1989,Act 30 of 2001,1989
"The Representation of the People (Amendment) Act, 1950",73 of 1950,Act 36 of 1957,1950
"The Representation of the People (Amendment) Act, 1958",58 of 1958,Act 58 of 1960,1958
"The Representation of the People (Amendment) Act, 1961",40 of 1961,Act 52 of 1964,1961
"The Representation of the People (Amendment) Act, 1963",2 of 1963,Act 56 of 1974,1963
"The Representation of the People (Amendment) Act, 1964",33 of 1964,Act 56 of 1974,1964
"The Representation of the People (Amendment) Act, 1965",14 of 1965,Act 56 of 1974,1965
"The Representation of the People (Amendment) Act, 1967",10 of 1967,Act 56 of 1974,1967
"The Representation of the People (Amendment) Act, 1976",88 of 1976,Act 19 of 1988,1976
"The Representation of the People (Amendment) Act, 1980",8 of 1980,Act 19 of 1988,1980
"The Representation of the People (Amendment) Act, 1985",9 of 1985,Act 30 of 2001,1985
"The Representation of the People (Amendment) Act, 1989",2 of 1990,Act 30 of 2001,1990
"The Representation of the People (Amendment) Act, 1991",31 of 1991,Act 30 of 2001,1991
"The Representation of the People (Amendment) Act, 1992",38 of 1992,Act 30 of 2001,1992
"The Representation of the People (Amendment) Act, 1996",21 of 1996,Act 30 of 2001,1996
"The Representation of the People (Amendment) Act, 1998",12 of 1998,Act 30 of 2001,1998
"The Representation of the People (Amendment) Act, 2010",36 of 2010,Act 17 of 2015,2010
The Representation of the People (Fourth Amendment) Act 1956,72 of 1956,Act 58 of 1960,1956
The Representation of the People (Miscellaneous Provisions) Act 1956,88 of 1956,Act 4 of 2018,1956
The Representation of the People (Second Amendment) Act 1951,67 of 1951,Act 36 of 1957,1951
The Representation of the People (Second Amendment) Act 1987,38 of 1987,Act 30 of 2001,1987
"The Representation of the People (Second Amendment) Act, 1956",27 of 1956,Act 02 of 2018,1956
"The Representation of the People (Second Amendment) Act, 1965",17 of 1965,Act 56 of 1974,1965
"The Representation of the People (Second Amendment) Act, 1996",29 of 1996,Act 30 of 2001,1996
The Representation of the People (Third Amendment) Act 1987,40 of 1987,Act 30 of 2001,1987
"The Representation of the People (Third Amendment) Act, 1956",60 of 1956,Act 58 of 1960,1956
The Representation of the People(Amendment) Act 1956,2 of 1956,Act 58 of 1960,1956
The Requisitioned Land (Apportionment of Compensation) Act 1949,51 of 1949,Act 4 of 2018,1949
The Requisitioned Land (Continuance of Powers) Act 1947,17 of 1947,Act 30 of 1952,1947
The Requisitioning and Acquisition of Immovable Property (Amendment) Act 1958,1 of 1958,Act 58 of 1960,1958
The Requisitioning and Acquisition of Immovable Property (Amendment) Act 1977,44 of 1977,Act 19 of 1988,1977
The Requisitioning and Acquisition of Immovable Property (Amendment) Act 1985,20 of 1985,Act 30 of 2001,1985
The Requisitioning and Acquisition of Immovable Property (Amendment) Act 1991,2 of 1975,Act 38 of 1978,1975
The Requisitioning and Acquisition of Immovable Property (Amendment) Act 2018,21 of 2018,Act 37 of 2023,2018
"The Requisitioning and Acquisition of Immovable Property (Amendment) Act, 1963",48 of 1963,Act 56 of 1974,1963
"The Requisitioning and Acquisition of Immovable Property (Amendment) Act, 1968",31 of 1968,Act 56 of 1974,1968
"The Requisitioning and Acquisition of Immovable Property (Amendment) Act, 1970",1 of 1970,Act 56 of 1974,1970
"The Requisitioning and Acquisition of Immovable Property (Amendment) Act, 1973",1 of 1973,Act 38 of 1978,1973
"The Requisitioning and Acquisition of Immovable Property (Amendment) Act, 1980",35 of 1980,Act 19 of 1988,1980
"The Research and Development Cess (Amendment) Act, 1995",45 of 1995,Act 30 of 2001,1995
"The Research and Development Cess Act, 1986",32 of 1986,Act 07 of 2017,1986
"The Reserve Bank Of Indian (Amendment) Act, 1947",11 of 1947,Act 40 of 1949,1947
"The Reserve Bank of India (Amendment and Miscellaneous Provision) Act, 1953",54 of 1954,Act 23 of 2016,1953
The Reserve Bank of India (Amendment) Act 1951,32 of 1951,Act 36 of 1957,1951
The Reserve Bank of India (Amendment) Act 1955,24 of 1955,Act 58 of 1960,1955
The Reserve Bank of India (Amendment) Act 1956,38 of 1956,Act 58 of 1960,1956
The Reserve Bank of India (Amendment) Act 1957,19 of 1957,Act 58 of 1960,1957
The Reserve Bank of India (Amendment) Act 1960,14 of 1960,Act 52 of 1964,1960
The Reserve Bank of India (Amendment) Act 1978,24 of 1978,Act 19 of 1988,1978
"The Reserve Bank of India (Amendment) Act, 1959",14 of 1959,Act 52 of 1964,1959
"The Reserve Bank of India (Amendment) Act, 1962",35 of 1962,Act 56 of 1974,1962
"The Reserve Bank of India (Amendment) Act, 1973",44 of 1973,Act 38 of 1978,1973
"The Reserve Bank of India (Amendment) Act, 1974",51 of 1974,Act 38 of 1978,1974
"The Reserve Bank of India (Amendment) Act, 1991",8 of 1991,Act 30 of 2001,1991
"The Reserve Bank of India (Amendment) Act, 1997",23 of 1997,Act 30 of 2001,1997
The Reserve Bank of India (Closing of Annual Accounts) Act 1940,7 of 1940,Act 2 of 1948,1940
"The Reserve Bank of India (Second Amendment) Act, 1940",13 of 1940,Act 06 of 1945,1940
"The Reserve Bank of India (Second Amendment) Act, 1991",9 of 1991,Act 30 of 2001,1991
"The Reserve Bank of India (Third Amendment) Act, 1940",38 of 1940,Act 06 of 1945,1940
"The Reserve Bank of Indian (Second Amendment) Act, 1947",23 of 1947,Act 40 of 1949,1947
"The Reserve Bank of Indian (Second Amendment) Act, 1957",48 of 1957,Act 58 of 1960,1957
"The Reserve Bank of Indian Amendment Act, 2006",26 of 2006,Act 19 of 2015,2006
"The Reserve Banks Of India (Amendment) Act, 1940",9 of 1940,Act 06 of 1945,1940
The Resettlement of Displaced Persons (Land Acquisition) Act 1948,60 of 1948,Act 23 of 2016,1948
"The Reviving Act 15 of 1867, Act 1872",2 of 1872,Act 4 of 1873,1872
The Rice-Milling Industry (Regulation) Act 1958,21 of 1958,Act 28 of 1997,1958
"The Rice-Milling Industry (Regulation) Amendment Act, 1972",47 of 1972,Act 38 of 1978,1972
"The Rice-Milling Industry (Regulation) Amendment, Act, 1968 29 of 1968",,Act 56 of 1974,1968
"The Rice-Milling Industry (Regulation) Repeal Act, 1997",28 of 1997,Act 30 of 2001,1997
"The Right of Children to Free And Compulsory Education (Amendment) Act, 2012",30 of 2012,"Act, 23 of 2016",2012
"The Right to Information (Amendment) Act, 2019",24 of 2019,Act 37 of 2023,2019
The Road Transport Corporation (Amendment) Act. 1956,87 of 1956,Act 58 of 1960,1956
"The Road Transport Corporations (Amendment) Act, 1959",28 of 1959,Act 52 of 1964,1959
The Road Transport Corporations Act 1948,32 of 1948,Act 64 of 1950,1948
"The Road transport Corporations (Amendment) Act, 1982",63 of 1982,Act 31 of 2019,1982
The Rouble Note Act 1920,30 of 1920,Act 12 of 1927,1920
The Royal Indian Navy (Extension of Service) Act 1940,3 of 1940,Act 2 of 1948,1940
The Rubber (Amendment) Act 1960,21 of 1960,Act 52 of 1964,1960
"The Rubber (Amendment) Act, 1994",33 of 1994,Act 30 of 2001,1994
"The Rubber (Production and Marketing) (Amendment) Act, 1949",50 of 1949,Act 48 of 1952,1949
The Rubber (Production and Marketing) Amendment Act 1952,50 of 1952,Act 36 of 1957,1952
"The Rubber (Production and Marketing) Amendment Act, 1949",33 of 1949,Act 48 of 1952,1949
The Rubber Production and Marketing Amendment Act 1954,54 of 1954,Act 58 of 1960,1954
"The Rulers of Indian States (Abolition of Privileges) Act, 1972",54 of 1972,Act 38 of 1978,1972
The Rules and Regulations Continuance Act 1937,24 of 1937,Act 36 of 1957,1937
The Rural Police (Agra) Act 1869,3 of 1869,Act 16 of 1873,1869
The Rural Police Act Amendment Act 1866,2 of 1866,Act 3 of 1869,1866
The Safeguarding of Industries Act 1933,13 of 1933,Act 34 of 1939,1933
"The Salaries And Allowances And Pension of Members Of Parliament (Amendment) Act, 2001",46 of 2001,Act 19 of 2015,2001
"The Salaries And Allowances And Pension of Members of Parliament (Amendment) Act, 2002",34 of 2002,Act 19 of 2015,2002
"The Salaries And Allowances Officers of Parliament (Second Amendment) Act, 2002",31 of 2002,Act 19 of 2015,2002
"The Salaries And Allowances of Ministers (Amendment) Act, 2009",2 of 2010,Act 23 of 2016,2010
"The Salaries And Allowances of Officers of Parliament And Leaders of Opposition In Parliament (Amendment) Act, 2002",29 of 2002,Act 19 of 2015,2002
"The Salaries And Allowances of Officers of Parliament And Leaders of Opposition In Parliament (Second Amendment) Act, 2002",56 of 2002,Act 19 of 2015,2002
"The Salaries and Allowance of Members of Parliament (Amendment) Act, 1969",25 of 1969,Act 56 of 1974,1969
The Salaries and Allowances of Members of Parliament (Amendment) Act 1955,9 of 1955,Act 58 of 1960,1955
The Salaries and Allowances of Members of Parliament (Amendment) Act 1975,48 of 1975,Act 38 of 1978,1975
"The Salaries and Allowances of Members of Parliament (Amendment) Act, 1958",55 of 1958,Act 58 of 1960,1958
"The Salaries and Allowances of Members of Parliament (Amendment) Act, 1964",26 of 1964,Act 56 of 1974,1964
"The Salaries and Allowances of Members of Parliament (Amendment) Act, 1972",29 of 1972,Act 38 of 1978,1972
"The Salaries and Allowances of Members of Parliament (Amendment) Act, 1974",65 of 1974,Act 38 of 1978,1974
"The Salaries and Allowances of Members of Parliament (Amendment) Act, 1976",105 of 1976,Act 19 of 1988,1976
"The Salaries and Allowances of Ministers (Amendment) Act, 1969",47 of 1969,Act 56 of 1974,1969
"The Salaries and Allowances of Ministers (Amendment) Act, 1985",76 of 1985,Act 30 of 2001,1985
"The Salaries and Allowances of Ministers (Amendment) Act, 2020",18 of 2020,Act 37 of 2025,2020
The Salaries and Allowances of Officers of Parliament (Amendment) Act 1990,17 of 1990,Act 30 of 2001,1990
"The Salaries and Allowances of Officers of Parliament (Amendment) Act, 1970",49 of 1970,Act 56 of 1974,1970
"The Salaries and Allowances of Officers of Parliament (Amendment) Act, 1971",22 of 1971,Act 38 of 1978,1971
"The Salaries and Allowances of Officers of Parliament (Amendment) Act, 1985",75 of 1985,Act 30 of 2001,1985
"The Salaries and Allowances of Officers of Parliament (Amendment) Act, 1998",26 of 1998,Act 30 of 2001,1998
"The Salaries of Ministers (Amendment) Act, 1950",59 of 1950,Act 36 of 1957,1950
The Salaries of Ministers Act 1947,53 of 1947,Act 58 of 1952,1947
"The Salaries, Allowances And Pension of Members of Parliament (Amendment) Act, 2003",9 of 2004,Act 19 of 2015,2004
"The Salary and Allowances Of Ministers (Amendment) Act, 2001",44 of 2001,Act 23 of 2016,2001
"The Salary and Allowances of Leaders of Opposition in Parliament (Amendment) Act, 1985",78 of 1985,Act 30 of 2001,1985
"The Salary and Allowances of Leaders of Opposition in Parliament (Amendment) Act, 1991",7 of 1991,Act 30 of 2001,1991
"The Salary, Allowances And Pension of Member of Parliament (Amendment) Act, 2006",40 of 2006,Act 19 of 2015,2006
"The Salary, Allowances And Pension of Members of Parliament (Amendment) Act, 2010",37 of 2010,Act 19 of 2015,2010
"The Salary, Allowances and Pension of Member of Parliament (Amendment) Act, 1998",28 of 1998,Act 30 of 2001,1998
"The Salary, Allowances and Pension of Members Of Parliament (Amendment) Act, 1999",16 of 1999,Act 19 of 2015,1999
"The Salary, Allowances and Pension of Members Parliament (Amendment) Act, 2000, 17 of 2000, (Rep., Act 19 of 2015) ,",,,2000
"The Salary, Allowances and Pension of Members of Parliament (Amendment) Act 1981",21 of 1981,Act 19 of 1988,1981
"The Salary, Allowances and Pension of Members of Parliament (Amendment) Act 1992",3 of 1993,Act 30 of 2001,1993
"The Salary, Allowances and Pension of Members of Parliament (Amendment) Act 1993",48 of 1993,Act 30 of 2001,1993
"The Salary, Allowances and Pension of Members of Parliament (Amendment) Act, 1979",27 of 1979,Act 19 of 1988,1979
"The Salary, Allowances and Pension of Members of Parliament (Amendment) Act, 1982",35 of 1982,Act 19 of 1988,1982
"The Salary, Allowances and Pension of Members of Parliament (Amendment) Act, 1983",22 of 1983,Act 19 of 1988,1983
"The Salary, Allowances and Pension of Members of Parliament (Amendment) Act, 1985",74 of 1985,Act 30 of 2001,1985
"The Salary, Allowances and Pension of Members of Parliament (Amendment) Act, 1988",60 of 1988,Act 30 of 2001,1988
"The Salary, Allowances and Pension of Members of Parliament (Amendment) Act, 1989",30 of 2001,Act 30 of 2001,1989
"The Salary, Allowances and Pension of Members of Parliament (Amendment) Act, 1995",18 of 1995,Act 30 of 2001,1995
"The Salary, Allowances and Pension of Members of Parliament (Amendment) Act, 2020",19 of 2020,Act 37 of 2023,2020
"The Salary, Allowances and Pension of Members of Parliament (Second Amendment) Act, 1982",61 of 1982,Act 19 of 1988,1982
"The Salary, Allowances officers of Parliament (Amendment) Act, 2008",30 of 2008,Act 19 of 2015,2008
"The Sale of Patni-tenures Act,1850",33 of 1850,Act 01 of 1903,1850
"The Sales Promotion Employees (Conditions of Service) Act, 1976",11 of 1976,Act 37 of 2020,1976
The Sales Promotion Employees (Conditions of Service) Amendment Act 1986,48 of 1986,Act 30 of 2001,1986
The Sales Tax Laws Validation Act 1956,7 of 1956,Act 2 of 2018,1956
"The Sales of Land for Revenue Arrears, 1845",1 of 1845,"Second Sch, Act 19 of 1873",1845
The Salt Act 1875,10 of 1874,Act 18 of 1877,1874
The Salt Act 1877,18 of 1877,Act 12 of 1882,1877
The Salt Additional Import Duty (Extending) Act 1932,7 of 1932,Act 1 of 1938,1932
The Salt Additional Import Duty (Extending) Act 1933,6 of 1933,Act 20 of 1937,1933
The Salt Additional Import Duty (Extending) Act 1934,10 of 1934,Act 20 of 1937,1934
The Salt Additional Import Duty (Extending) Act 1935,4 of 1935,Act 20 of 1937,1935
The Salt Additional Import Duty (Extending) Act 1936,2 of 1936,Act 32 of 1940,1936
"The Salt Cess (Amendment) Act, 1961",34 of 1961,Act 52 of 1964,1961
The Salt Cess Act. 1953,49 of 1953,Act 28 of 2016,1953
"The Salt Law Amendment Act, 1925",22 of 1925,"Sec 2 and First Sch, Act 48 of 1952",1925
The Saurashtra (Abolition of Local Sea Customs Duties and Imposition of) Port Development Levy Act 1952,39 of 1952,Act 36 of 1957,1952
"The Scheduled Castes And Scheduled Tribes Orders (Amendment) Act, 2002",10 of 2003,Act 19 of 2015,2003
"The Scheduled Castes and Scheduled Tribes Orders (Amendment) Act, 1956",63 of 1956,Act 23 of 2016,1956
"The Scheduled Castes and the Scheduled Tribes (Prevention of Atrocities) Amendment Act, 2018",27 of 2018,Act 37 of 2023,2018
"The Sea Custom (Amendment) Act, 1934",21 of 1934,Act 1 of 1938,1934
The Sea Customs (Amendment) Act 1914,12 of 1914,Act 1 of 1938,1914
The Sea Customs (Amendment) Act 1953,35 of 1953,Act 36 of 1957,1953
The Sea Customs (Amendment) Act 1955,21 of 1955,Act 58 of 1960,1955
The Sea Customs (Amendment) Act 1957,10 of 1957,Act 58 of 1960,1957
The Sea Customs (Amendment) Act 1958,39 of 1958,Act 58 of 1960,1958
"The Sea Customs (Amendment) Act, 1904",16 of 1904,Act 10 of 1914,1904
"The Sea Customs (Amendment) Act, 1915",9 of 1915,Act 1 of 1938,1915
"The Sea Customs (Amendment) Act, 1919",13 of 1919,Act 1 of 1938,1919
"The Sea Customs (Amendment) Act, 1924",8 of 1924,"Sec 2 and Sch, Act 12 of 1927",1924
"The Sea Customs (Amendment) Act, 1927, 8 of 1927 (Rep., by Sec 2 and Sch, Act 1 of 1938",,,1927
"The Sea Customs Act (1878) Amendment Act, 1887",2 of 1887,Act 1 of 1938,1887
"The Sea Customs Act (1878) Amendment Act, 1889",8 of 1888,Act 1 of 1938,1889
The Sea Customs and the Central Excises and Salt (Amendment) Act 1951,45 of 1951,Act 36 of 1957,1951
"The Sea Passengers Act, 1885",12 of 1885,Act 20 of 1937,1885
"The Seamen's Provident Fund (Amendment) Act, 1997",29 of 1997,Act 30 of 2001,1997
"The Seaward Artillery Practice (Amendment) Act, 1973",3 of 1973,Act 38 of 1978,1973
"The Second Repealing and Amending Act, 1914",17 of 1914,Act 1 of 1938,1914
"The Secretaries to Government Act, 1834",2 of 1834,A.O. 1950,1834
"The Secunderabad and Aurangabad Cantonments House Rent Control Law (Repeal) Act, 1972",23 of 1972,Act 38 of 1978,1972
The Securities And Exchange Board of India (Amendment) Act 2013,22 of 2013,Act 23 of 2016,2013
"The Securities And Insurance Laws (Amendment And Validation) Act, 2010",26 of 2010,Act 23 of 2016,2010
The Securities Contracts (Regulation) (Amendment) Act 2007,27 of 2007,Act 02 of 2018,2007
"The Securities Contracts (Regulation) Amendment Act, 1959",49 of 1959,Act 52 of 1964,1959
"The Securities Contracts (Regulation) Amendment Act, 1985",40 of 1985,Act 30 of 2001,1985
"The Securities Laws (Amendment) Act, 1995",9 of 1995,Act 30 of 2001,1995
"The Securities Laws (Amendment) Act, 1999",31 of 1999,Act 02 of 2018,1999
"The Securities Laws (Amendment) Act, 2004",1 of 2005,Act 2 of 2018,2005
The Securities Laws (Second Amendment) Act 1999,32 of 1999,Act 2 of 2018,1999
"The Securities and Exchange Board of India (Amendment) Act, 2002",59 of 2002,Act 2 of 2018,2002
The Seditious Publications Act 1882,3 of 1882,Act 6 of 1898,1882
"The Seeds (Amendment) Act, 1972",55 of 1972,Act 38 of 1978,1972
"The Shan States Act, 1888",15 of 1888,Act 13 of 1898,1888
The Sheriff of Calcutta (Powers of Custody) Act 1931,20 of 1931,Act 4 of 2018,1931
"The Sheriffs&apos; Fees Act, 1852",8 of 1852,Act 2 of 2018,1852
The Shipping Development Fund Committee (Abolition) Act 1986,66 of 1986,Act 23 of 2016,1986
The Shipping Development Fund Committee (Abolition) Amendment Act 1987,41 of 1987,Act 30 of 2001,1987
The Sholapur Spinning and Weaving Company (Emergency Provisions) Act 1950,28 of 1950,Act 36 of 1957,1950
"The Sick Industrial Companies (Special Provisions) Act, 1985 Act, 1986",1 of 1986,Act 1 of 2004,1986
"The Sick Industrial Companies (Special Provisions) Amendment Act, 1991",57 of 1991,Act 30 of 2001,1991
"The Sick Industrial Companies (Special Provisions) Amendment Act, 1993",12 of 1994,Act 30 of 2001,1994
"The Sick Textile Undertakings (Nationalisation) Amendment Act, 1995",40 of 1995,Act 30 of 2001,1995
"The Sick Textile Undertakings (Taking over of Management) Act, 1972",72 of 1972,Act 23 of 2016,1972
The Silver (Excise Duty) Act 1930,18 of 1930,Act 1 of 1944,1930
"The Sind Courts (Supplementary) Act, 1926",34 of 1926,"Sec 2 and First Sch, Act 42 of 1953",1926
The Sind Incumbered Estates Act 1896,20 of 1896,Act 42 of 1953,1896
The Sindh Encumbered Estates Act 1884,11 of 1884,Act 2 of 1906,1884
"The Sindh Incumbered Estates (Amendment) Act, 1906",2 of 1906,Act 1 of 1938,1906
The Sindh Incumbered Estates Act 1876,14 of 1876,Act 20 of 1981,1876
The Sindh Incumbered Estates Act 1881,20 of 1881,Act 2 of 1906,1881
"The Sindh-Pishin Railway Act, 1887",11 of 1887,Act 42 of 1953,1887
The Sir Currimbhoy Ebrahim Baronetcy Act 1913,4 of 1913,Bombay Act 9 of 1960,1913
The Sir Sassoon Jacob David Baronetcy Act 1915,2 of 1915,Bom. Act 36 of 1957,1915
"The Sixth Schedule To The Constitution (Amendment) Act, 2003",44 of 2003,Act 19 of 2015,2003
"The Slum Areas (Improvement and Clearance) Amendment Act, 1964",43 of 1964,Act 56 of 1974,1964
The Small Cause Courts (Attachment of Immoveable Property Act 1926) Act 1926,1 of 1926,Act 1 of 1938,1926
"The Small Cause Courts, Presidency - Towns Act 1864",26 of 1864,Act 15 of 1882,1864
"The Small Coins (Offences) Act, 1971",52 of 1971,Act 11 of 2011,1971
"The Small Coins (Offences) Amendment Act, 1974",49 of 1974,Act 38 of 1978,1974
"The Small Industries Development Bank Of India (Amendment) Act, 2000, 7 of 2000, (Rep., Act 19 of 2015) ,",,,2000
"The Smith, Stainstreet and Company Limited (Acquisition and Transfer of Undertakings) Act 1977",41 of 1977,Act 4 of 2018,1977
"The Smugglers and Foreign Exchange Manipulators (Forfeiture of Property) Amendment Act, 1980",55 of 1980,Act 19 of 1988,1980
"The Societies Registration (Amendment) Act, 1927",22 of 1927,"Sec 2 and Sch, Act 1 of 1938",1927
"The Societies Registration (Delhi Amendment) Act, 1983",26 of 1983,Act 19 of 1988,1983
"The Sonthal Parganas Act, 1855",37 of 1855,"Sec 2 and Second Sch, Act 14 of 1874",1855
The Special Bearer Bonds (Immunities and Exemptions) Act 1981,7 of 1981,Act 20 of 2000,1981
"The Special Court (Trial of Offences Relating to Transactions in Securities) Amendment Act, 1994",24 of 1994,Act 30 of 2001,1994
"The Special Court (Trial of Offences Relating to Transactions in Securities) Amendment Act, 1997",6 of 1997,Act 30 of 2001,1997
"The Special Courts (Repeal) Act, 1982",34 of 1982,Act 19 of 1988,1982
"The Special Courts Act, 1979",22 of 1979,Act 34 of 1982,1979
"The Special Economic Zones (Amendment) Act, 2019",08 of 2019,Act 37 of 2023,2019
The Special Laws Repeal Act 1922,4 of 1922,Act 12 of 1927,1922
The Special Marriage (Amendment) Act 1963,32 of 1963,Act 56 of 1974,1963
"The Special Marriage (Amendment) Act, 1923",30 of 1923,"Sec 2 and Sch, Act 1 of 1938",1923
"The Special Marriage (Amendment) Act, 1970",29 of 1970,Act 56 of 1974,1970
The Special Marriage Act 1872,3 of 1872,Act 43 of 1954,1872
"The Special Protection Group (Amendment) Act, 1991",48 of 1991,Act 30 of 2001,1991
"The Special Protection Group (Amendment) Act, 1995",4 of 1995,Act 30 of 2001,1995
"The Special Protection Group (Amendment) Act, 2019",43 of 2019,Act 37 of 2025,2019
"The Special Tribunals (Supplementary Provision) Act, 1946",26 of 1946,Act 28 of 2004,1946
"The Special Tribunals (Supplementary Provisions) Repeal Act, 2004",28 of 2004,Act 2 of 2018,2004
"The Specifc Relief Act, 1877",1 of 1877,Act 47 of 1963,1877
"The Specific Relief (Amendment) Act, 2018",18 of 2018,Act 37 of 2025,2018
The Spices Cess Act 1986,11 of 1986,Act 24 of 2006,1986
"The Spirituous Preparations (Inter-State Trade and Commerce) Control (Repeal) Act, 2006",32 of 2006,Act 4 of 2018,2006
The Spirituous Preparations (Inter-State Trade and Commerce) Control Act 1955,32 of 1955,Act 32 of 2006,1955
"The Sprititous Liquors, Bambay Act 1852",3 of 1852,Bom. Act 5 of 1878,1852
"The Sree Chitra Tirunal Institution For Medical Sciences and Technology, Trivandrum (Amendment) Act, 2005",40 of 2005,Act 19 of 2015,2005
"The St. John Ambulance Association (India) Transfer of Funds (Repeal) Act, 2002",21 of 2002,Act 2 of 2018,2002
"The St. John Ambulance Association (India) Transfer of Funds Act, 1956",21 of 1956,Act 21 of 2002,1956
"The Stage-Carriages Act (1861) Amendment Act, 1898",1 of 1898,Act 1 of 1938,1898
The Stamp Act 1879,1 of 1879,Act 2 of 1899,1879
"The Stamp and Excise Duties (Amendment) Act, 1971",44 of 1971,Act 38 of 1978,1971
The Standards of Weight Act 1939,9 of 1939,Act 89 of 1956,1939
"The Standards of Weight and Measures Act, 1956, 89 of 1956, Rep., Act 60 of 1976",,,1956
The Standards of Weights and Measures (Amendment) Act 1960,41 of 1960,Act 52 of 1964,1960
"The Standards of Weights and Measures (Amendment) Act, 1964",54 of 1964,Act 56 of 1974,1964
"The Standards of Weights and Measures (Amendment) Act, 1986",75 of 1986,Act 30 of 2001,1986
"The Standards of Weights and Measures (Enforcement) Act, 1985",54 of 1985,Act 01 of 2010,1985
"The Standards of Weights and Measures (Enforcement) Amendment Act, 1986",72 of 1986,Act 30 of 2001,1986
"The Standards of Weights and Measures (Extension to Kohima and Mokokchung District Act, 1967",25 of 1967,Act 23 of 2016,1967
"The Standards of Weights and Measures Act, 1976",60 of 1976,Act 1 of 2010,1976
The State Acquisition of Lands for Union Purposes (Validation) Act 1954,23 of 1954,Act 23 of 2016,1954
"The State Agricultural Credit Corporations Act, 1968",60 of 1968,Act 23 of 2016,1968
"The State Bank Laws (Amendment) Act, 1973",48 of 1973,Act 48 of 1978,1973
The State Bank Of India (subsidiary Banks) Amendment Act 2011,7 of 2011,Act 19 of 2015,2011
The State Bank of India (Amendment) Act 1955,33 of 1955,Act 58 of 1960,1955
The State Bank of India (Amendment) Act 1957,21 of 1957,Act 58 of 1960,1957
The State Bank of India (Amendment) Act 2007,32 of 2007,Act 19 of 2015,2007
"The State Bank of India (Amendment) Act, 1959",26 of 1959,Act 52 of 1964,1959
"The State Bank of India (Amendment) Act, 1964",35 of 1964,Act 56 of 1974,1964
"The State Bank of India (Amendment) Act, 1993",3 of 1993,Act 30 of 2001,1994
"The State Bank of India (Amendment) Act, 2010",27 of 2010,Act 19 of 2015,2010
"The State Bank of India (Subsidiary Banks Law) Amendment Act, 2007",30 of 2007,Act 19 of 2015,2007
The State Bank of India (Subsidiary Banks Laws) Amendment Act 2011,17 of 2011,Act 19 of 2015,2011
"The State Bank of India (Subsidiary Banks) Act, 1959",38 of 1959,Act 19 of 2018,1959
"The State Banks (Repeal and Amendment) Act, 2018",19 of 2018,Act 37 of 2025,2018
"The State Financial Corporation (Amendment) Act, 1956",56 of 1956,Act 58 of 1960,1956
"The State Financial Corporations (Amendment) Act, 1962",6 of 1962,Act 56 of 1974,1962
"The State Financial Corporations (Amendment) Act, 1972",77 of 1972,Act 38 of 1978,1972
"The State Financial Corporations (Amendment) Act, 1985",43 of 1985,Act 30 of 2001,1985
"The State Financial Corporations (Amendment) Act, 2000",39 of 2000,Act 19 of 2015,2000
The State Offences Act 1857,11 of 1857,Act 4 of 1922,1857
The State Prisoners Act 1858,3 of 1858,Act 48 of 1952,1858
"The State Prisoners Act, 1850",34 of 1850,Act 48 of 1952,1850
The State Railway Provident Fund (Temporary Provisions) Act 1950,76 of 1950,Act 36 of 1957,1950
The State of Arunachal Pradesh (Amendment) Act 1987,19 of 1987,Act 30 of 2001,1987
"The State of Arunachal Pradesh (Amendment) Act, 1988",52 of 1988,Act 30 of 2001,1988
"The State of Himachal Pradesh (Amendment) Act, 1971",15 of 1971,Act 56 of 1974,1971
The State of Hyderabad Act 1956,79 of 1956,Act 19 of 2018,1956
The State of Nagaland (Amendment) Act 1981,35 of 1981,Act 19 of 1988,1981
"The State-Associated Banks (Miscellaneous Provisions) Act, 1962",56 of 1962,Act 23 of 2016,1962
"The Steel Industry (Amendment) Act, 1926",8 of 1926,"Sec 2 and Sch, Act 12 of 1927",1926
"The Steel Industry (Protection Act, 1924",14 of 1924,"Sec 4, Act 3 of 1927",1924
The Steel Industry (Protection) Act 1931,2 of 1931,Act 32 of 1934,1931
"The Steel Industry (Protection) Act, 1927",3 of 1927,"Sec 13 and Third Sch, Act 32 of 1934",1927
"The Steel Industry (Protection) Act, 1928",8 of 1928,"Sec 13 and Third Sch, Act 32 of 1934",1928
"The Steel Industry (Protection) Act, 1930",12 of 1930,"Sec 13 and Third Sch, Act 32 of 1934",1930
The Steel and Wire Industries Protection (Extending) Act 1934,7 of 1934,Act 32 of 1934,1934
The Straits Settlements Emigration Act 1877,5 of 1877,Act 21 of 1884,1877
The Succession (Property Protection) Act 1841,19 of 1841,Act 39 of 1925,1841
"The Succession Certificate Act, 1889",7 of 1889,Act 1 of 1938,1889
The Sugar (Excise Duty) Act 1934,14 of 1934,Act 1 of 1944,1934
"The Sugar (Special Excise Duty) Act, 1959",58 of 1959,Act 25 of 2004,1959
The Sugar (Temporary Additional Excise Duty) Act 1952,67 of 1952,Act 36 of 1957,1952
The Sugar (Temporary Excise Duty) Act 1947,9 of 1947,Act 36 of 1957,1947
"The Sugar (regulation of Production) Act, 1961",55 of 1961,Act 23 of 2016,1961
"The Sugar Cess (Amendment) Act, 1982",57 of 1982,Act 19 of 1988,1982
"The Sugar Cess Act, 1982",3 of 1982,Act 18 of 2017,1982
"The Sugar Development Fund (Amendment) Act, 1982",64 of 1982,Act 19 of 1988,1982
"The Sugar Development Fund (Amendment) Act, 2002",30 of 2002,Act 19 of 2015,2002
"The Sugar Development Fund (Amendment) Act, 2008",4 of 2008,Act 19 of 2015,2008
The Sugar Industry (Protection) Act 1932,13 of 1932,Act 36 of 1957,1932
"The Sugar Industry (Protection) Act, 1939",20 of 1939,Act 25 of 1942,1939
"The Sugar Industry Protection (Temporary Extension) Act, 1938",14 of 1938,Act 25 of 1942,1938
"The Sugar Undertakings (Taking Over of Management (Amendment) Act, 1985",11 of 1985,Act 30 of 2001,1985
The Sugar Undertakings (Taking Over of Management) Act 1978,49 of 1978,Act 17 of 2015,1978
The Sugar Undertakings (Taking Over of Management) Amendment Act 1981,44 of 1981,Act 19 of 1988,1981
"The Sugarcane Cess (Validation) Act, 1961",38 of 1961,Act 35 of 2001,1961
"The Sugarcane Cess (Validation) Repeal Act, 2001",35 of 2001,Act 23 of 2016,2001
"The Sugarcane Control (Additional Powers) Act, 1962",39 of 1962,Act 13 of 2000,1962
The Summary Dispossession Act 1859,14 of 1859,Act 32 of 1940,1859
"The Super Profits Tax Act, 1963",14 of 1963,Act 13 of 1966,1963
The Super Tax Act 1920,19 of 1920,Act 11 of 1922,1920
The Super-tax Act 1917,8 of 1917,Act 19 of 1920,1917
The Supperssion of Unlawful Acts Against Safety of Civil Aviation (Amendment) Act 1994,40 of 1994,Act 30 of 2001,1994
The Supply and Prices of Goods Act 1950,70 of 1950,Act 36 of 1957,1950
The Suppression of Immoral Traffic in Women And Girls (Amendment) Act 1986,44 of 1986,Act 30 of 2001,1986
The Suppression of Immoral Traffic in Women and Girls (Amendment) Act 1978,46 of 1978,Act 19 of 1988,1978
"The Supreme Court (Enlargement of Criminal Appellate Jurisdiction) Amendment Act, 1972",37 of 1972,Act 38 of 1978,1972
"The Supreme Court (Number Of Judges) Amendment Act, 2008",11 of 2009,Act 19 of 2015,2009
The Supreme Court (Number of Judges) Amendment Act 1960,17 of 1960,Act 52 of 1964,1960
The Supreme Court (Number of Judges) Amendment Act 1977,48 of 1977,Act 19 of 1988,1977
The Supreme Court (Number of Judges) Amendment Act 1986,22 of 1986,Act 30 of 2001,1986
"The Supreme Court (Number of Judges) Amendment Act, 2019",37 of 2019,Act 37 of 2023,2019
The Supreme Court Advocates (Practice in High Courts) Act 1951,18 of 1951,Act 25 of 1961,1951
"The Supreme Court Judge(Salaries And Conditions of Service) Amendment Act, 2002",8 of 2003,Act 19 of 2015,2003
"The Supreme Court Judges (Conditions of Service) Amendment Act, 1971",77 of 1971,Act 38 of 1978,1971
"The Supreme Court Judges (Conditions of Service) Amendment Act, 1976",36 of 1976,Act 19 of 1988,1976
"The Supreme Court Judges (Conditions of Service) Amendment Act, 1993",72 of 1993,Act 30 of 2001,1993
"The Supreme Court and High Court Judges (Conditions of Service) Amendment Act, 1996",20 of 1996,Act 30 of 2001,1996
"The Supreme Courts' Officers Trading Act, 1848",15 of 1848,Act 36 of 1957,1848
The Sylhet Act 1874,12 of 1874,Act 7 of 1905,1874
The Tabacco (Escise Duty) Act 1943,10 of 1943,Act 1 of 1944,1943
"The Tamil Nadu Agricultural Service Co-operative Societies (Appointment of Special Officers) Amendment Act, 1988",22 of 1988,Act 31 of 2019,1988
"The Tamil Nadu Co-operative Societies (Appointment of Special Officers) Amendment Act 1988, 23 of 1988 (Rep., Act 30 of 2001",,,1988
"The Tamil Nadu Legislative Council (Abolition) Act, 1986",40 of 1986,Act 47 of 2001,1986
"The Tamil Nadu State Legislature (Delegation of Powers) Act, 1976",41 of 1976,Act 19 of 1988,1976
"The Tamil Nadu State Legislature (Delegation of Powers) Act, 1988",21 of 1988,Act 30 of 2001,1988
The Tarde and Merchandise Marks Act 1958,43 of 1958,Act 47 of 1999,1958
"The Tariff (amending Act 8 of 1894) Act, 1894",16 of 1894,Act 1 of 1903,1894
"The Tariff Amending Act II of 1882, 1890",12 of 1890,Act 8 of 1894,1890
"The Tariff Commission (Repeal) Act, 1976",71 of 1976,Act 19 of 1988,1976
The Tariff Commission Act 1951,50 of 1951,Act 71 of 1976,1951
The Tax on Newspapers (Sales and Advertisements) Repeal Act 1951,28 of 1951,Act 36 of 1957,1951
"The Tax on Postal Articles Act, 1971",47 of 1971,Act 13 of 1973,1971
"The Taxation Laws (Amendment and Miscellaneous Provision)Act, 1986",46 of 1986,Act 2 of 2018,1986
The Taxation Laws (Amendment) Act 1978,29 of 1978,Act 19 of 1988,1978
The Taxation Laws (Amendment) Act 2007,16 of 2007,Act 2 of 2018,2007
"The Taxation Laws (Amendment) Act, 1960",28 of 1960,Act 23 of 2016,1960
"The Taxation Laws (Amendment) Act, 1962",54 of 1962,Act 56 of 1974,1962
"The Taxation Laws (Amendment) Act, 1967",27 of 1967,Act 56 of 1974,1967
"The Taxation Laws (Amendment) Act, 1984",67 of 1984,Act 23 of 2016,1984
"The Taxation Laws (Amendment) Act, 2003",54 of 2003,Act 23 of 2016,2003
"The Taxation Laws (Amendment) Act, 2005",55 of 2005,Act 23 of 2016,2005
"The Taxation Laws (Amendment) Act, 2006",29 of 2006,Act 4 of 2018,2006
The Taxation Laws (Extension to Jammu & Kashmir) Act 1954,41 of 1954,Act 23 of 2016,1954
"The Taxation Laws (Extension to Merged States and Amendment) Act, 1949",67 of 1949,Act 20 of 2000,1949
The Taxation Laws (Second Amendment) Act 2016,48 of 2016,Act 31 of 2019,2016
"The Taxation on Income (Investigation Commission) (Second Amendment) Act, 1948",49 of 1948,Act 35 of 1950,1948
The Taxation on Income (Investigation Commission) Act 1947,30 of 1947,Act 20 of 2000,1947
The Taxation on Income (Investigation Commission) Amendment Act 1951,11 of 1951,Act 36 of 1957,1951
The Tea (Alteration in Duties of Customs and Excise) Act 1958,45 of 1958,Act 58 of 1960,1958
The Tea (Amendment) Act 1954,49 of 1954,Act 58 of 1960,1954
The Tea (Amendment) Act 1977,32 of 1977,Act 19 of 1988,1977
The Tea (Amendment) Act 1986,24 of 1986,Act 30 of 2001,1986
"The Tea (Amendment) Act, 1967",21 of 1967,Act 56 of 1974,1967
"The Tea (Amendment) Act, 1970",22 of 1970,Act 56 of 1974,1970
"The Tea (Amendment) Act, 1976",75 of 1976,Act 19 of 1988,1976
"The Tea (Amendment) Act, 1980",68 of 1980,Act 31 of 2019,1980
"The Tea (Amendment) Act, 1983",38 of 1983,Act 19 of 1988,1983
The Tea (Second Amendment) Act 1954,52 of 1954,Act 58 of 1960,1954
"The Tea Companies (Acquisition and Transfer of Sick Tea Units) Act, 1985",37 of 1985,Act 2 of 2018,1985
"The Tea Companies (Acquisition and Transfer of Sick Tea Units) Amendment Act, 1991",56 of 1991,Act 30 of 2001,1991
"The Tea Districts Emigrant Labour (Repeal) Act, 1970",50 of 1970,Act 27 of 2002,1970
The Tea Districts Emigrant Labour Act 1932,22 of 1932,Act 50 of 1970,1932
The Telecom Regulatory Authority of India (Amendment) Act 2014,20 of 2014,Act 31 of 2019,2014
"The Telecom Regulatory authority of India (Amendment) Act, 2000",2 of 2000,Act 23 of 2016,2000
"The Telegraph Laws (Amendment) Act, 1961",15 of 1961,Act 52 of 1964,1961
"The Telegraph Wires (Unlawful Possession Amendment) Act, 1962",15 of 1962,Act 56 of 1974,1962
"The Telegraph Wires (Unlawful Possession) Act, 1950",74 of 1965,Act 37 of 2023,1950
The Telegraph Wires (Unlawful Possession) Amendment Act 1953,53 of 1953,Act 36 of 1957,1953
The Telegraph Wires (Unlawful Possession) Amendment Act 1975,44 of 1975,Act 38 of 1978,1975
The Terminal Tax on Railway Passengers Act 1956,69 of 1956,Act 31 of 2019,1956
"The Termination of the Present War (Definition) Act, 1919",5 of 1919,Act 1 of 1938,1919
The Territorial Army (Amendment) Act 1952,33 of 1952,Act 36 of 1957,1952
"The Territorial Army (Amendment) Act, 1980",53 of 1980,Act 19 of 1988,1980
The Territorial of Evacuee Property (Amendment) Act. 1956,92 of 1956,Act 58 of 1960,1956
"The Terrorist and Disruptive Activities (Prevention) Act, 1985",31 of 1985,Act 30 of 2001,1985
"The Terrorist and Disruptive Activities (Prevention) Act, 1987",28 of 1987,Act 30 of 2001,1987
The Terrorist and Disruptive Activities (Prevention) Amendment Act 1985,46 of 1985,Act 30 of 2001,1985
The Terrorist and Disruptive Activities (Prevention) Amendment Act 1993,43 of 1993,Act 30 of 2001,1993
"The Terrorist and Disruptive Activities (Prevention) Amendment Act, 1989",16 of 1989,Act 30 of 2001,1989
"The Terrorist and Disruptive Activities (Prevention) Amendment Act, 1991",35 of 1991,Act 30 of 2001,1991
"The Texation Laws (Amendment) Act, 1970",42 of 1970,Act 56 of 1974,1970
"The Textile Undertakings (Taking Over of Management) Act, 1983",40 of 1983,Act 23 of 2016,1983
"The Textiles Committee (Amendment) Act, 1973",51 of 1973,Act 38 of 1978,1973
The The Prevention of Disqualification Act 1954,1 of 1954,Act 10 of 1959,1954
The Tobacco Board (Amendment) Act 1978,36 of 1978,Act 19 of 1988,1978
The Tobacco Board (Amendment) Act 1985,57 of 1985,Act 30 of 2001,1985
"The Tobacco Cess Act, 1975",26 of 1975,Act 28 of 2016,1975
"The Trade Disputes (Amendment) Act, 1932",19 of 1932,Act 1 of 1938,1932
"The Trade Disputes (Amendment) Act, 1938",17 of 1938,Act 25 of 1942,1938
The Trade Disputes (Extending) Act 1934,13 of 1934,Act 20 of 1937,1934
The Trade Disputes Act 1929,7 of 1929,Act 14 of 1947,1929
"The Trade Marks (Amendment) Act, 1941",27 of 1941,Act 06 of 1954,1941
The Trade Marks Act 1940,5 of 1940,Act 43 of 1958,1940
"The Trade Unions Act, 1926",16 of 1926,Act 35 of 2020,1926
"The Trade Unions Amendment) Act, 2001",31 of 2001,Act 23 of 2016,2001
The Trading with the Enemy (Continuance of Emergency Provisions) Act 1947,16 of 1947,Act 4 of 2018,1947
"The Transfer of Detained Persons Act, 1949",48 of 1949,Act 4 of 1951,1949
The Transfer of Evacuee Deposits Act 1954,15 of 1954,Act 4 of 2018,1954
"The Transfer of Property (Amendment) Act, 1904",6 of 1904,Act 1 of 1938,1904
"The Transfer of Property (Amendment) Act, 1925",38 of 1925,"Sec 2 and Sch, Act 1 of 1938",1925
"The Transfer of Property (Amendment) Act, 1926",27 of 1926,"Sec 2 and Sch, Act 1 of 1938",1926
"The Transfer of Property (Amendment) Act, 1929",20 of 1929,"Sec 2 and Sch, Act 1 of 1938",1929
"The Transfer of Property (Amendment) Act, 1930",5 of 1930,"Sec 2 and Sch, Act 1 of 1938",1930
"The Transfer of Property (Amendment) Act, 2002",3 of 2003,Act 17 of 2015,2003
"The Transfer of Property (Amendment) Supplementary Act, 1929",21 of 1929,"Sec 2 and Sch, Act 2 of 2018",1929
"The Transfer of Property (Amendment) Supplementary Act, 1930",16 of 1930,"Sec 2 and Sch, Act 1 of 1938",1930
The Transfer of Property (Validating) Act 1917,26 of 1917,Act 48 of 1952,1917
"The Transfer of Property Act (1882) Amendmet Act, 1885",3 of 1885,Act 1 of 1938,1885
The Transfer of Property Act 1900,2 of 1900,Act 1 of 1938,1900
"The Transformers and Switchgear Limited (Acquisition and Transfer of Undertakings) Act, 1983",41 of 1983,Act 31 of 2019,1983
The Transhipment of Goods Act 1873,6 of 1873,Act 8 of 1878,1873
The Transport of Salt Act 1879,16 of 1879,Act 1 of 1944,1879
"The Travancore-Cochin High Court (Amendment) Act, 1953",38 of 1953,A.O No. 3 1956,1953
The Travancore-Cochin State Legislature (Delegation of Powers) Act 1956,29 of 1956,Act 58 of 1960,1956
"The Tributary Mahals of Orissa Act, 1893",11 of 1893,A.O 1950,1893
The Tripura Excise Law (Repeal) Act 1960,53 of 1960,Act 4 of 2018,1960
The Tripura Municipal Law (Repeal) Act 1960,31 of 1960,Act 4 of 2018,1960
The Trust Laws (Amendment) Act 1975,16 of 1975,Act 38 of 1978,1975
The Trustees&apos; and Mortgagees&apos; Power Act 1866,28 of 1866,Act 48 of 1952,1866
"The Two-Member Constituencies (Abolition) Act, 1961",1 of 1961,Act 47 of 2001,1961
"The Two-Member Constituencies (Abolition) and Other Laws Repeal Act, 2001",47 of 2001,Act 04 of 2018,2001
The Tyres (Excise Duty) Act 1941,10 of 1941,Act 1 of 1944,1941
"The U.P Sugarcane Cess (Validation) Act, 1961",4 of 1961,Act 17 of 2001,1961
"The U.P. Sugarcane Cess (Validation) Repeal Act, 2001",17 of 2001,Act 23 of 2016,2001
The Unattested Sepoys Act 1875,5 of 1875,Act 8 of 1911,1875
The Unclaimed Deposits Act 1866,25 of 1866,Act 22 of 2001,1866
"The Unclaimed Deposits Act, 1870",5 of 1870,Act 22 of 2001,1870
"The Union Duties Excise (Distribution) Act, 1962",3 of 1962,Act 24 of 1979,1962
The Union Duties of Excise (Distribution) Act 1953,3 of 1953,Act 55 of 1957,1953
The Union Duties of Excise (Distribution) Act 1957,55 of 1957,Act 3 of 1962,1957
The Union Duties of Excise (Distribution) Amendment Act 1985,26 of 1985,Act 30 of 2001,1985
"The Union Duties of Excise (Distribution) Amendment Act, 1965",47 of 1965,Act 56 of 1974,1965
"The Union Duties of Excise (Distribution) Amendment Act, 1970",2 of 1970,Act 56 of 1974,1970
"The Union Duties of Excise (Distribution) Amendment Act, 1974",23 of 1974,Act 38 of 1978,1974
"The Union Duties of Excise (Distribution) Amendment Act, 1984",27 of 1984,Act 19 of 1988,1984
"The Union Duties of Excise (Distribution) Amendment Act, 1989",17 of 1989,Act 30 of 2001,1989
"The Union Duties of Excise (Distribution) Amendment Act, 1990",13 of 1990,Act 30 of 2001,1990
"The Union Duties of Excise (Distribution) Amendment) Act, 1995",31 of 1995,Act 30 of 2001,1995
"The Union Duties of Excise (Electricity) Distribution (Amendment) Act, 1984",28 of 1984,Act 19 of 1988,1984
"The Union Duties of Excise (Electricity) Distribution Act, 1980",14 of 1980,Act 30 of 2006,1980
"The Union Duties of Excise (Electricity) Distribution Repeal Act, 2006",30 of 2006,Act 2 of 2018,2006
The Union Territories (Laws) Amendment Act 1956,68 of 1956,Act 58 of 1960,1956
"The Union Territories Taxation laws (Amendment) Act, 1971",73 of 1971,Act 14 of 1973,1971
The Unit Trust of India (Amendment) Act 1985,63 of 1985,Act 30 of 2001,1985
"The Unit Trust of India (Amendment) Act, 1966",17 of 1966,Act 56 of 1974,1966
"The Unit Trust of India (Amendment) Act, 1976",3 of 1976,Act 19 of 1988,1976
"The Unit Trust of India Act, 1963",52 of 1963,Act 58 of 2002,1963
The United Provinces (Designation) Act 1902,7 of 1902,Act 1 of 1938,1902
"The United Provinces Municipalities Act, 1873, 15 of 1873 (Rep., in pt act 16 of 1874,Rep., in (ajmer) Reg. 5 of 1886, Rep., in (Coorg) Reg. 2of 1907, Rep., in (UP) Act 1 of 1900)",,,1873
The United Provinces Provincial Armed Constabulary (Extension of Laws) Act 1949,4 of 1949,Act 63 of 1952,1949
The United Provinces Town Improvement (Appeals) Act 1920,3 of 1920,Act 58 of 1960,1920
"The University Grants Commission (Amendment) Act, 1970",27 of 1970,Act 33 of 1972,1970
"The University Grants Commission (Amendment) Act, 1984",59 of 1984,Act 23 of 2016,1984
"The University Grants Commission (Amendment) Act, 1985",70 of 1985,Act 30 of 2001,1985
The Unlawful Activities (Prevention) Amendment Act 2012,3 of 2013,Act 23 of 2016,2013
"The Unlawful Activities (Prevention) Amendment Act, 1969",24 of 1969,Act 56 of 1974,1969
"The Unlawful Activities (Prevention) Amendment Act, 2004",29 of 2004,Act 2 of 2018,2004
"The Unlawful Activities (Prevention) Amendment Act, 2008",35 of 2008,Act 2 of 2018,2008
"The Unorganised Workers' Social Security Act, 2008",33 of 2008,Act 36 of 2020,2008
"The Unsurious Loans (Amendment) Act, 1926",28 of 1926,"Sec 2 and Sch, Act 1 of 1938",1926
"The Untouchability (Offences) Amendment and Miscellaneous Provision Act, 1976",106 of 1976,Act 23 of 2016,1976
"The Upper Burma Laws Act Amendment Act, 1891",19 of 1891,Act 13 of 1898,1891
"The Upper Burma Laws Act, 1886",20 of 1886,Act 13 of 1898,1886
"The Urban Land (ceiling and Regulation) Act, 1976",33 of 1975,Act 15 of 1999,1976
"The Usury Laws Repeal Act, 1855",28 of 1855,Act 37 of 2023,1855
"The Uttar Pradesh Cantonments (Control of Rent and Eviction) (Repeal)Act, 1971",68 of 1971,Act 4 of 2018,1971
The Uttar Pradesh Cantonments (Control of Rent and Eviction) Act 1952,10 of 1952,Act 68 of 1971,1952
"The Uttar Pradesh Reorganisation (Amendment) Act, 2003",7 of 2004,Act 2 of 2018,2004
"The Uttar Pradesh State Legislature (Delegation of Powers) Act, 1968 7 of 1968",,Act 56 of 1974,1968
"The Uttar Pradesh State Legislature (Delegation of Powers) Act, 1973",33 of 1973,Act 38 of 1978,1973
"The Uttar Pradesh State Legislature (Delegation of Powers) Act, 1993",8 of 1993,Act 30 of 2001,1993
"The Uttar Pradesh State Legislature (Delegation of Powers) Act, 1995",2 of 1996,Act 30 of 2001,1996
The Vaccination Act 1880,13 of 1880,Act 12 of 1891,1880
The Validation of Marriages (Pudukkottai and Treavancore) Act 1899,15 of 1899,Act 11 of 1901,1899
"The Vegetable Oils Cess Act, 1983",30 of 1983,Act 4 of 1987,1983
The Vegetable Product (Excise Duty) Act 1943,11 of 1943,Act 1 of 1944,1943
"The Vice-President's Pension (Amendment) Act, 2002",23 of 2002,Act 2 of 2018,2002
"The Vice-President's Pension (Amendment) Act, 2008",29 of 2008,Act 2 of 2018,2008
"The Vice-Presidentsâ??s (Amendment) Act, 1999",45 of 1999,Act 02 of 2018,1999
The Victoria Memorial (Amendment) Act 1981,32 of 1981,Act 19 of 1988,1981
"The Victoria Memorial (Amendment) Act, 1972",40 of 1972,Act 38 of 1978,1972
"The Vindhya Pradesh Legislative Assembly (Prevention of Disqualification) Act 1953, 28 of 1953, (Rep., Act A. O. (No.3) of 1956)",,,1953
"The Visva-Bharati (Amendment) Act, 1961",60 of 1961,Act 52 of 1964,1961
The Vizagapatam Port Act 1931,10 of 1931,Act 1 of 1938,1931
"The Voluntary Deposits (Immunities and Exemption) Act, 1991",47 of 1991,Act 20 of 2000,1991
"The Voluntary Disclosure of Income and Wealth Act, 1976",8 of 1976,Act 20 of 2000,1976
The Voluntary Surrender of Salaries (Exemption from Taxation Amendment Act 1956,6 of 1956,Act 58 of 1960,1956
The Voluntary Surrender of Salaries (Exemption from Taxation) Act 1950,61 of 1950,Act 46 of 1961,1950
The Voluntary Surrender of Salaries (Exemption from Taxation) Act 1954,24 of 1954,Act 58 of 1960,1954
The Wakf (Amendment) Act 2013,27 of 2013,Act 19 of 2015,2013
"The Wakf (Amendment) Act, 1959",30 of 1959,Act 52 of 1964,1959
"The Wakf (Amendment) Act, 1964",34 of 1964,Act 56 of 1974,1964
"The Wakf (Amendment) Act, 1969",38 of 1969,Act 23 of 2016,1969
"The Wakf Amendment Act, 1984",69 of 1984,Act 43 of 1995,1984
The Wakfs Act 1954,29 of 1954,Act 43 of 1995,1954
"The War Donations and Investments (Companies) Act, 1940",37 of 1940,Act 02 of 1948,1940
The War Injuries (Compensation Insurance) Act 1943,23 of 1943,Act 4 of 2018,1943
"The Warehousing Corporation (Amendment) Act, 2001",23 of 2001,Act 19 of 2015,2001
The Warehousing Corporations (Amendment) Act 1963,34 of 1963,Act 56 of 1974,1963
The Warehousing Corporations (Amendment) Act 1989,37 of 1989,Act 30 of 2001,1989
The Warehousing Corporations (Amendment) Act 2015,16 of 2015,Act 31 of 2019,2015
"The Warehousing Corporations (Amendment) Act, 1976",42 of 1976,Act 19 of 1988,1976
"The Warehousing Corporations (Amendment) Act, 2005",45 of 2005,Act 19 of 2015,2005
The Water (Prevention and Control of Pollution Cess Act 1977,36 of 1977,Act 18 of 2017,1977
"The Water (Prevention and Control of Pollution) Amendment Act, 1988",53 of 1988,Act 30 of 2001,1988
"The Water (Prevention and Control of Pollution) Cess (Amendment) Act, 1991",53 of 1991,Act 30 of 2001,1991
"The Water (Prevention and Control of Pollution) Cess (Amendment) Act, 2003",19 of 2003,Act 23 of 2016,2003
"The Wealth-Tax (Amendment) Act, 1964",46 of 1964,Act 56 of 1974,1964
"The Weapons of Mass Destruction and their Delivery Systems (Prohibition of Unlawful Activities) Amendment Act, 2022",14 of 2022,Act 37 of 2025,2022
The Weekly Holidays Act 1942,18 of 1942,Act 4 of 2018,1942
"The West Bengal Evacuee Property (Tripura Amendment) Act, 1952",75 of 1952,Act 58 of 1960,1952
"The West Bengal Legislative Council (Abolition) Act, 1969",20 of 1969,Act 47 of 2001,1969
"The West Bengal State Legislature (Delegation of Powers Act, 1968",6 of 1968,Act 56 of 1974,1968
"The West Bengal State Legislature (Delegation of Powers) Act, 1970",17 of 1970,Act 56 of 1974,1970
"The West Bengal State Legislature (Delegation of Powers) Act, 1971",31 of 1971,Act 38 of 1978,1971
The Wheat (Import Duty) Act 1931,15 of 1931,Act 32 of 1934,1931
The Wheat Import Duty (Extending) Act 1932,3 of 1932,Act 32 of 1934,1932
The Wheat Import Duty (Extending) Act 1933,5 of 1933,Act 32 of 1934,1933
The Wheat Import Duty (Extending) Act 1934,4 of 1934,Act 32 of 1934,1934
The Whipping Act 1864,6 of 1864,Act 4 of 1909,1864
The Whipping Act 1900,5 of 1900,Act 4 of 1909,1900
The Whipping Act 1909,4 of 1909,Act 44 of 1955,1909
"The Wild Birds Protection Act, 1887",20 of 1887,Act 8 of 1912,1887
The Wild Birds and Animals Protection Act 1912,8 of 1912,Partly repealed earlier Act 23 of 2016,1912
"The Wild Life (Protection) (Amendment) Act, 1991",44 of 1991,Act 23 of 2016,1991
"The Wild Life (Protection) Amendment Act, 1982",23 of 1982,Act 19 of 1988,1982
"The Wild Life (Protection) Amendment Act, 1986",28 of 1986,Act 30 of 2001,1986
"The Wild Life (Protection) Amendment Act, 1993",26 of 1993,Act 30 of 2001,1993
"The Wild Life (Protection) Amendment Act, 2006",39 of 2006,Act 23 of 2016,2006
"The Wildlife (Protection) (Amendment) Act, 2002",16 of 2003,Act 23 of 2016,2003
The Wire and Wire Nail Industry (Protection) Act 1932,5 of 1932,Act 32 of 1934,1932
"The Working Journalists (Amendment) Act, 1962",65 of 1962,Act 56 of 1974,1962
"The Working Journalists (Conditions of Service) and Miscellaneous Provisions (Amendment) Act, 1974",60 of 1974,Act 38 of 1978,1974
"The Working Journalists (Fixation of Rates of Wages) Act, 1958",29 of 1958,Act 37 of 2020,1958
The Working Journalists (Industrial Disputes) Act 1955,1 of 1955,Act 45 of 1955,1955
The Working Journalists and Other Newspaper Employees (Conditions of Service) and Miscellaneous Provisions (Amendment) Act 1989,31 of 1989,Act 30 of 2001,1989
The Working Journalists and other Newspaper Employees (Conditions of Service) and Miscellaneous Provisions (Amendment) Act 1981,36 of 1981,Act 19 of 1988,1981
"The Working Journalists and other Newspaper Employees (Conditions of Service) and Miscellaneous Provisions (Amendment) Act, 1979",6 of 1979,Act 19 of 1988,1979
"The Working Journalists and other Newspaper Employees (Conditions of Service) and Miscellaneous Provisions Act, 1955",45 of 1955,Act 37 of 2020,1955
"The Working Journalists and other Newspaper Employees (Conditions of Service) and Miscellaneous Provisions) (Amendment) Act, 1996",34 of 1996,Act 30 of 2001,1996
The Workman&apos;s Breach of contract Act 1859,13 of 1859,Act 3 of 1925,1859
"The Workman's Breach of Contract (Amendment) Act, 1920",12 of 1920,Act 3 of 1925,1920
The Workmen's Breach of Contract (Repealing) Act 1925,3 of 1925,Act 12 of 1927,1925
"The Workmen's Compensation (Amendment) Act, 1929",5 of 1929,"Sec 3 and Second Sch, Act 20 of 1937",1929
"The Workmen's Compensation (Amendment) Act, 1962",64 of 1962,Act 56 of 1974,1962
"The Workmen? Companion (Amendment) Act, 1937",7 of 1937,Act 25 of 1942,1937
"The Workmen? Compensation (Amendment) Act, 1938",9 of 1938,Act 25 of 1942,1938
"The Workmen?s Compensation (Amendment) Act, 1933",15 of 1933,Act 1 of 1938,1933
"The Workmen?s Compensation (Amendment) Act, 1942",1 of 1942,Act 02 of 1948,1942
"The Workmen?s Compensation (Amendment) Act, 1959",8 of 1959,Act 52 of 1964,1959
"The Workmenâ??s Compensation (Amendment) Act, 1976",65 of 1976,Act 19 of 1988,1976
"The Workmenâ??s Compensation (Amendment) Act, 1984",22 of 1984,Act 19 of 1988,1984
"The Workmenâ??s Compensation (Amendment) Act, 1995",30 of 1995,Act 30 of 2001,1995
"The Workmenâ??s Compensation (Amendment) Act, 2000",46 of 2000,Act 23 of 2016,2000
"The Workmenâ??s Compensation (Amendment) Act, 2009",45 of 2009,Act 23 of 2016,2009
The Yoga Undertakings (Taking Over of Management) Act 1977,21 of 1977,Act 19 of 1988,1977
The Young Persons (Harmful Publications) Act 1956,93 of 1956,Act 2 of 2018,1956
The constitution (Scheduled Castes) Order (Amendment) Act 2007,31 of 2007,Act 23 of 2016,2007
"The constitution (Scheduled Tribes) order Amendment Act, 2006",48 of 2006,Act 23 of 2016,2006
"The cotton Transport (Amendment) Act, 1960",22 of 1960,Act 31 of 2019,1960
"The electricity Regulatory Commissions Act, 1998",14 of 1998,Act 36 of 2003,1998
"The factories (Amendment) Act, 1941",16 of 1941,Act 06 of 1954,1941
The salt (Additional Import Duty) Act 1931,14 of 1931,Act 32 of 1940,1931
"The sind Salt Law (Amendment) Act, 1938",13 of 1938,Act 1 of 1944,1938
"The taxation on Income (Investigating Commission)Act, 1948",23 of 1948,Act 35 of 1950,1948
"The wills Act, 1838",25 of 1838,Act 8 of 1868,1838
"The workmen's Compensation (Amendment) Act, 1926",29 of 1926,"Sec 2 and Sch, Act 1 of 1938",1926
"Thugs Act, 1836",30 of 1836,Act 17 of 1862,1836
"Thugs Act, 1837",18 of 1837,Act 17 of 1862,1837
"Thugs Act, 1839",18 of 1839,Act 17 of 1862,1839
"Thugs and Dacoits Act, 1843",18 of 1843,Act 8 of 1863,1843
"Timber-duty Maulmain, 1870",25 of 1870,Act 12 of 1873,1870
"Title to Certain Lands, Calcutta Act, 1850",1 of 1850,Act 6 of 1857,1850
"Transcription of Plaints, Bengal Act, 1847",14 of 1847,Act 8 of 1868,1847
Transhipment of Certain Goods Act 1867,20 of 1867,Act 6 of 1873,1867
Transportation Act 1858,22 of 1858,Act 8 of 1868,1858
"Transportation Act, 1847",23 of 1847,Act 8 of 1868,1847
"Transportation for Life Act, 1844",14 of 1844,Act 17 of 1862,1844
Transportation of Convicts Act 1860,35 of 1860,Act 17 of 1862,1860
"Transported Convicts Act, 1840",16 of 1840,Act 5 of 1871,1840
"Trials for State Offences Act, 1841",5 of 1841,Act 10 of 1872,1841
"Tributary Mahals, Cuttack Act, 1850, 20 of 1850 (Rep., Act 11 of 1893",,,1850
"Trisoolee Pyce Act, 1844",13 of 1844,Act 8 of 1868,1844
"Turton&apos;s Insolvency Act 1851 (5 of 1851) Rep., Act 8 of 1868",,,1851
"Union Bank Act, 1845",23 of 1845,Act 8 of 1868,1845
"Union Bank, Calcutta Act, 1849",3 of 1849,Act 8 of 1868,1849
Unlawful Possession of Arms Act 1858,13 of 1858,Act 8 of 1868,1858
"Unscrewed Cotton Act, 1846",2 of 1846,Act 1 of 1852,1846
"Use of Badges, Bombay Act 1855",16 of 1855,Act 17 of 1862,1855
"Vacations in Civil Courts, Bengal Act 1860",50 of 1860,Act 6 of 1871,1860
"Vagrants, Presidency-towns Act, 1840",22 of 1840,Act 13 of 1856,1840
"Vakils, Madras Act, 1836",27 of 1836,Act 11 of 1864,1836
Validating Imprisonment of certain persons Act 1865,8 of 1865,Act 5 of 1871,1865
"Validation of Proceedings (Pegu and Tenasserim) Act, 1895",11 of 1895,Act 42 of 1953,1895
"Validation of certain Bombay regulations Act, 1836",7 of 1836,Act 4 of 1894,1836
"Vishalghur Act, 1853",13 of 1853,15 of 1874,1853
Volunteer Corps Act 1857,23 of 1857,Act 20 of 1869,1857
"Wagers Act, 1848",21 of 1848,Act 9 of 1872,1848
"Wandering Gangs of thieves Act, 1848",11 of 1848,Act 17 of 1862,1848
"Warehousing Ports Act, 1836",25 of 1836,Act 12 of 1873,1836
Warrants of Attorney and Cognovits Act 1865,24 of 1865,Act 16 of 1874,1865
"Warrants on Failure to Serve Summons Act, 1845",10 of 1845,Act 17 of 1862,1845
"Water-supply, Bombay Town Act 1856",7 of 1856,Act 8 of 1868,1856
Works of Utility By Private Persons & Companies Act 1863,22 of 1863,Act 10 of 1870,1863
"Zila Courts in Ceded Provinces Act, 1843",23 of 1843,Act 8 of 1868,1843
"Zilla Judges, Bengal Act, 1838",7 of 1838,Act 16 of 1874,1838
"cattle duty, salsette Act, 1836",3 of 1836,Act 8 of 1868,1836
